Resources;Existing capacity;Investment cost;Operating cost;;Inv cost;Fixed O&M;;;Var O&M;Fuel cost per mmbtu;Heat rate;;
Nuclear;0;8126.230769;sep.74;;112085;99197;211282;8126.230769;feb.27;0.69;okt.46;jul.74;sep.74
Gas;0;2340.799135;35.7;;50473.90191;10386.87561;60860.77752;2340.799135;;;;;
Wind;0;4757.192308;0;;84912;38775;123687;4757.192308;;;;;
Solar;0;1929.154757;0;;42878.02367;7280;50158.02367;1929.154757;;;;;
;;;;;;;0;;;;;;