Gas-z1,Gas-z2,Gas turbine-z1,Gas turbine-z2,Wind-z1,Wind-z2,Solar-z1,Solar-z2,Nuclear-z1,Nuclear-z2,Coal-z1,Coal-z2,Battery-z1,Index,Investment_Cost,EV_SystemCost,CVaR_SystemCost,CVaR_OpCost,EV_OpCost,Expected_Power_Price,Cost_by_zone_baseZone1,Price_by_zone_baseZone1,Cost_by_zone_baseZone2,Price_by_zone_baseZone2,Expected_emissions,CO2_by_zone_baseZone1,CO2_by_zone_baseZone2
15056.052721191158,1.0e-5,1.0e-5,1.0e-5,13149.354109125488,1.0e-5,1.0e-5,1.0e-5,1.0e-5,15967.584755713822,1.0e-5,1.0e-5,1.0e-5,Sample 1,3.534056225985687e9,5.08295701189983e9,7.425659648181598e9,6.234306058477678e9,1.548900785914143e9,46.978333333333325,6.608218441658792e7,47.50916666666669,3.348655293674468e7,46.447500000000005,1.0437363856431648e7,1.0437363819317527e7,0.03711412999999994
1.0e-5,1.0e-5,1.0e-5,16153.953265069265,44550.26069139948,1.0e-5,11415.806115135545,1.0e-5,1.0e-5,5112.884338339873,1.0e-5,1.0e-5,5877.991597870212,Sample 2,3.7426164984161477e9,6.277450207819963e9,1.0908294900010372e10,1.1796523093784632e10,2.5348337094038153e9,66.83658267989924,6.1519965203685746e7,93.00442084982157,7.015326220878595e7,40.66874450997689,1.1154646689853078e7,0.048439639999999985,1.1154646641413448e7
1.0e-5,1.0e-5,2565.323556042991,18189.898598821994,23795.360651515355,1.0e-5,22175.934769126397,1.0e-5,1.0e-5,7109.573829622964,1.0e-5,1.0e-5,818.3279007097259,Sample 3,3.4446446748356366e9,6.238926583738273e9,9.434992222884956e9,9.186413187196001e9,2.794281908902636e9,58.99597311846252,8.581516903609236e7,101.7203823024575,7.334673192214188e7,16.271563934467554,1.3003663320443437e7,691082.7465490932,1.231258057389436e7
1.0e-5,1.0e-5,4790.792404514941,15046.156830286995,27963.746356791817,1.0e-5,19724.653640660345,1.0e-5,1.0e-5,2875.874392183562,1.0e-5,4984.819554802413,356.97054115380257,Sample 4,3.357482309150239e9,4.7171520196985e9,5.819164527980146e9,3.563694727111554e9,1.359669710548261e9,22.635562876916627,1.091891372187729e7,28.823368878806985,7.962278764616045e7,16.447756875026258,2.831792300420404e7,699112.8668264413,2.7618810137377597e7
1.0e-5,1.0e-5,11305.996853278832,2887.3914404372795,18715.481667392647,1.0e-5,15826.071186849413,1.0e-5,1.0e-5,10316.392109451697,1.0e-5,1.0e-5,7224.801011696975,Sample 5,3.575444672469186e9,4.926320290118357e9,6.793471975721868e9,5.085178988856192e9,1.3508756176491714e9,44.04322394959043,4.5271901078398034e7,44.04322394959045,4.023215502352142e7,44.04322394959045,1.0998632927909842e7,6.873559454508993e6,4.125073473400878e6
5376.8012287567735,1.0e-5,3709.990044479874,3338.2327347279065,29380.550004428947,1.0e-5,7812.737459035298,1.0e-5,1.0e-5,12098.046038699411,1.0e-5,2978.258606038243,1.0e-5,Sample 6,4.0180004099247317e9,4.745807534445269e9,5.749581070426003e9,2.735354196482006e9,7.27807124520537e8,19.436597222222222,2.0114265411944512e7,19.434166666666673,2.4217534901516706e7,19.439027777777785,1.0049945858926343e7,3.404279455313786e6,6.645666403612549e6
6638.028056939538,1.0e-5,5518.922446724666,1.0e-5,1.0e-5,1.0e-5,24495.427637326557,1.0e-5,1.0e-5,17547.388237923496,1459.3604635251756,561.1039782030584,1.0e-5,Sample 7,4.056295486958023e9,5.564357069824308e9,7.861765006951939e9,6.102877457121546e9,1.5080615828662848e9,49.932986111111134,6.525889565705146e7,53.29805555555557,3.826907626189353e7,46.56791666666665,1.4214234968983654e7,1.3038020558985027e7,1.1762144099986015e6
5146.390793474373,1.0e-5,3894.1543620581933,6148.955753548226,9975.599117560741,1.0e-5,25835.756775716836,1.0e-5,2704.863751415941,11536.178648403798,1.0e-5,767.2438416569756,1.0e-5,Sample 8,3.983606622029939e9,4.908103365895261e9,5.963563114447656e9,3.0354162409701123e9,9.244967438653213e8,22.839305555555555,3.4194119237267025e7,22.837916666666672,2.9353582827676855e7,22.84069444444445,9.369608493117826e6,5.309803253396919e6,4.059805239720911e6
4725.010133852959,1.0e-5,5451.9970198547835,8018.195895043001,19922.66013793506,1.0e-5,11564.556343412494,1.0e-5,1.0e-5,10686.264255685377,1.0e-5,2735.4988057513597,1.0e-5,Sample 9,3.6715033095590086e9,4.521004384982047e9,5.118757440351284e9,2.0450071861615117e9,8.495010754230385e8,13.78819444444445,2.554522069322311e7,13.788194444444455,3.330800676416653e7,13.788194444444455,1.5594213694738863e7,4.952051549040481e6,1.0642162145698417e7
1.0e-5,1.0e-5,1.0e-5,11525.14522800414,40005.12007798837,1.0e-5,21650.20132538642,1.0e-5,1.0e-5,9999.201919293224,1.0e-5,1.0e-5,6011.716605835349,Sample 10,4.487966347804135e9,5.278426965102352e9,6.989642314980194e9,4.2128913170539e9,7.904606172982173e8,27.204385225372828,1.7091944305244617e7,36.514757887418604,2.5497058735117387e7,17.89401256332703,3.7504387994366246e6,0.025440205000000014,3.7504387739964174e6
1.0e-5,1.0e-5,6766.686568637937,1.0e-5,19862.843965194927,1.0e-5,746.8595976624347,1.0e-5,1.0e-5,21832.093377466856,1.0e-5,1.0e-5,5392.528542897434,Sample 11,4.526009064009303e9,5.280063941284777e9,6.386692141454201e9,2.967311277614323e9,7.540548772754731e8,19.435021316740176,2.473249968416869e7,26.990475529090528,2.0947067840634312e7,11.87956710438984,3.4226969154263847e6,3.422696912227637e6,0.0031987500000000006
1.0e-5,1.0e-5,7084.730407881787,1168.6022766880953,26952.207221994337,1.0e-5,8083.7723021904,1.0e-5,1.0e-5,17674.723953791046,1.0e-5,1.0e-5,5777.985587145823,Sample 12,4.517240211459309e9,4.987812554899199e9,5.801998813847601e9,2.0989448613366957e9,4.705723434398904e8,13.762227789960098,1.0648366006742092e7,14.017453702583484,1.719553769852139e7,13.507001877336691,2.276891460423171e6,1.744451890353797e6,532439.570069376
110.3541550541749,1.0e-5,3092.4968635756877,13097.311092870897,50981.720776997616,1.0e-5,19174.171853795993,1.0e-5,1.0e-5,1682.2767816027651,1.0e-5,6551.260830649327,1.0e-5,Sample 13,4.174394006890016e9,4.875460212881842e9,5.447928395401085e9,1.846002571030311e9,7.010662059918259e8,12.984583333333333,2.9553856081230706e6,14.207638888888889,4.30931327455677e7,11.761527777777783,1.847732647383258e7,194279.762702301,1.82830467111303e7
1875.3117356994394,1.0e-5,8009.161261743571,6173.906092901873,38678.774504619236,1.0e-5,4981.212389333064,1.0e-5,1.0e-5,11764.361579322984,1.0e-5,1.0e-5,1607.082500004165,Sample 14,4.1115336886544247e9,4.760825163518662e9,5.344311742109343e9,1.8162646320455961e9,6.492914748642379e8,12.19765409224953,1.5674336471261535e7,12.172483425582863,2.626548892119631e7,12.222824758916198,6.743041768532877e6,3.039606051761763e6,3.703435716771105e6
13613.286077789298,1.0e-5,1.0e-5,1.0e-5,29870.899534159314,1.0e-5,22770.834985939076,1.0e-5,1.0e-5,11089.908064226904,1.0e-5,3601.858946393531,1.0e-5,Sample 15,4.580245469206988e9,4.959894623317138e9,5.325137508814972e9,1.1101349251058178e9,3.796491541101496e8,7.142083333333334,1.1273569329979073e7,7.125277777777779,1.3253652165583074e7,7.15888888888889,7.225202064453039e6,2.28046306887026e6,4.944738995582775e6
3148.5647258547037,1.0e-5,1.0e-5,5592.7249332334995,23753.210901870745,1.0e-5,14774.000835876828,1.0e-5,1.0e-5,10305.49870411121,1.0e-5,7262.984145089279,6848.625116987851,Sample 16,4.315808331335571e9,4.924065328596097e9,5.723125802653121e9,2.2063779453745747e9,6.082569972605257e8,14.382277388678858,9.410587407878915e6,19.32852878454105,2.8423414851082757e7,9.436025992816639,1.468244939954992e7,961113.6621691006,1.3721335737380844e7
2023.6961032929873,1.0e-5,1.0e-5,8158.142239676524,15406.844055185946,1.0e-5,3352.008836200163,1.0e-5,6191.866364540327,13620.019784752218,1.0e-5,3858.2821897694325,1.0e-5,Sample 17,4.407710099304379e9,4.997224344170192e9,5.736010157286484e9,2.0670858710983973e9,5.895142448658123e8,13.467569444444448,1.3938836818336578e7,20.963055555555567,2.3581704532333374e7,5.972083333333336,5.7962403580051195e6,591446.8073170151,5.204793550688106e6
2982.5882241907316,1.0e-5,1.0e-5,8493.705094485465,23311.508851439325,1.0e-5,13142.8226963512,1.0e-5,1767.5469651361066,12609.965803759002,1.0e-5,1827.5501889777997,4779.236899891826,Sample 18,4.30713328115861e9,4.738003905945072e9,5.174812096308483e9,1.3044870055132844e9,4.308706247864616e8,9.102618720961985,8.664843973875284e6,10.54252637912203,1.9084994199365016e7,7.662711062801933,5.598807817710149e6,1.4155860019900964e6,4.1832218157200385e6
22.46052751061623,1.0e-5,7912.923072488981,1134.6431823725313,20316.086880749473,1.0e-5,8041.636316808071,1.0e-5,1.0e-5,15632.820130099748,1.0e-5,4699.093577400815,3467.0757001515317,Sample 19,4.321322270128692e9,4.776666665160656e9,5.14164094119842e9,1.1852929471074924e9,4.5534439503196406e8,9.87451500714136,7.764301145646147e6,10.759746720016809,2.265630898236859e7,8.989283294265915,7.863274043157341e6,1.7673604955893543e6,6.095913547567973e6
1.0e-5,1.0e-5,4847.65144831685,6108.199733952277,22649.47214562582,1.0e-5,6818.137243437991,1.0e-5,1.0e-5,14401.215098724822,3078.187577171201,2400.3113403680745,1402.3449595456984,Sample 20,4.2449710165943522e9,4.717992666177365e9,5.057170815651238e9,1.1513779485307598e9,4.730216495830133e8,7.923230582020581,7.04280761132839e6,8.000620704893926,2.489128480790054e7,7.845840459147235,1.0667523740836896e7,4.662889891462332e6,6.004633849374558e6
2372.7901432708336,1.0e-5,13926.668346617813,1.0e-5,25548.072083789746,1.0e-5,11573.775817410293,1.0e-5,1.0e-5,15204.289410020743,1.0e-5,1.0e-5,1.0e-5,Sample 21,4.2369425201029015e9,4.68452779561091e9,5.047543206963632e9,1.1736160982134511e9,4.4758527550800884e8,7.6506944444444445,1.9011566458900068e7,7.654583333333334,1.0678665554807905e7,7.646805555555557,3.993501300401964e6,3.9935012771007135e6,0.02330124500000001
8893.116258815382,1.0e-5,1.0e-5,5056.246880589657,18231.888618995596,1.0e-5,7459.603620736961,1.0e-5,1.0e-5,16298.555402327966,1.0e-5,640.955342849358,971.3632604779847,Sample 22,4.0479767881070175e9,4.612195063798857e9,5.098513029669436e9,1.5368542074329984e9,5.642182756918397e8,10.936481495505145,1.9726647640748415e7,11.09273957298887,1.8590652264328405e7,10.780223418021425,5.641482412986014e6,4.0493946694220155e6,1.5920877435640097e6
2255.440749144829,1.0e-5,4113.735000299987,8324.16553883431,23284.10720985861,1.0e-5,13461.717834986142,1.0e-5,1.0e-5,11596.84009145403,1.0e-5,1693.1988250402435,3692.3130051036546,Sample 23,3.9321207716914096e9,4.5699991349033375e9,5.112614281940274e9,1.7231086572858016e9,6.378783632119284e8,11.585631602268432,1.1871588349973107e7,11.587327660659533,3.022720540286367e7,11.583935543877343,9.460004258851826e6,2.375088313554738e6,7.084915945297079e6
3176.9199504125704,1.0e-5,5345.799365148438,4690.378297215847,18663.42903246994,1.0e-5,11298.311701253642,1.0e-5,1.0e-5,14905.910799633606,1.0e-5,2995.185000721593,1.0e-5,Sample 24,4.096375322682093e9,4.621031085279009e9,5.05449166001184e9,1.3915769120625784e9,5.2465576259691596e8,9.564236111111109,1.1353873693668203e7,10.094999999999999,2.4241269913026895e7,9.033472222222223,8.43747126884169e6,2.3044121090376023e6,6.133059159804095e6
2593.964685787201,1.0e-5,4534.239154277418,6850.230134675552,18866.103810396315,1.0e-5,8282.135920430137,1.0e-5,1655.5445352680804,13608.185665428906,1.0e-5,2060.0566931837097,633.6660163936809,Sample 25,4.009226473171175e9,4.576506727854946e9,5.022292877443142e9,1.4588525538601618e9,5.672802546837709e8,10.246766363327032,1.1348535346500458e7,10.247207447132952,2.7231178868094213e7,10.246325279521106,8.10448248517364e6,2.1587662818425633e6,5.945716203331087e6
5495.878794476471,1.0e-5,1803.5103305017938,6706.4304782591325,17566.00791907663,1.0e-5,11913.46794942748,1.0e-5,1.0e-5,14606.598135930326,1.0e-5,2223.2823249911457,1996.441983409967,Sample 26,4.0801895738587365e9,4.62636335295427e9,5.081445264832014e9,1.4563376028510215e9,5.461737790955342e8,9.629856788048732,1.4039479182335684e7,10.245486643688302,2.3083883814568534e7,9.01422693240916,8.15294815195186e6,2.867691051298424e6,5.285257100653426e6
4784.290108618067,1.0e-5,2876.6444723494346,5733.32392408069,15904.554892114109,1.0e-5,7315.646882543341,1.0e-5,1113.306510096638,14590.559477380353,1.0e-5,2344.60964983685,2669.3193983639167,Sample 27,4.0348272985983806e9,4.619818176162244e9,5.0598655164592e9,1.4650855581577768e9,5.849908775638635e8,9.581891884394043,1.44209111148479e7,9.643172809073725,2.5906263134293973e7,9.520610959714345,8.83962477173259e6,2.856872077257943e6,5.982752694474632e6
5426.784653703194,1.0e-5,3208.9142729981018,7045.6508581055,18317.195555187936,1.0e-5,11385.69821514097,1.0e-5,1.0e-5,15875.106892310914,1.0e-5,1.0e-5,450.85581629811645,Sample 28,4.049099039379051e9,4.590974123689123e9,5.028822627239147e9,1.4175720914101195e9,5.418750843100718e8,9.57465157162361,1.7854581259579863e7,9.943150166981724,1.910668431998421e7,9.206152976265495,4.6977142284402065e6,3.5933583931296538e6,1.1043558353105483e6
5613.733388424846,1.0e-5,3925.6195836586303,5777.9391630623695,19553.46847553763,1.0e-5,10818.25496079118,1.0e-5,1.0e-5,14470.721629247526,1.0e-5,1937.242407957003,1.0e-5,Sample 29,4.038086240930271e9,4.593854796539757e9,5.025294141952765e9,1.4186472464355032e9,5.557685556094861e8,9.495347222222229,1.6166109662230585e7,9.543888888888894,2.173276095815276e7,9.446805555555558,8.052152779149092e6,3.3198452145142285e6,4.732307564634856e6
2921.7596887254363,1.0e-5,5074.308970427718,5975.415799265251,19212.757213794113,1.0e-5,11336.46883817247,1.0e-5,1.0e-5,15440.75697989708,1.0e-5,1122.7609124092755,1830.2238926643856,Sample 30,4.1114615676700463e9,4.611637810681008e9,5.013085019909872e9,1.3030706614686882e9,5.001762430109618e8,8.835151784162992,1.105027577306704e7,8.8882882021004,2.274501697261119e7,8.782015366225588,5.7867818812245615e6,2.32863948988763e6,3.4581423913369305e6
3310.3575999790874,1.0e-5,4298.090220366571,5979.115280418533,18801.17997221813,1.0e-5,6180.24795454418,1.0e-5,1311.9204463200936,16314.502355312312,1.0e-5,761.8228460611193,379.7636923663633,Sample 31,4.1439282473578553e9,4.638446198461152e9,5.026195509610028e9,1.270016573401049e9,4.945179511032967e8,8.608780079206051,1.167802940271317e7,8.82155353161101,2.2033601011916183e7,8.3960066268011,4.78074097479513e6,2.3258197521496257e6,2.4549212226454993e6
4261.9584803862745,1.0e-5,4524.018441302507,5874.866212367906,19207.072393013692,1.0e-5,7964.852718231301,1.0e-5,1.0e-5,15968.10932576703,1.0e-5,1509.300386248783,598.5908670347777,Sample 32,4.097870354257345e9,4.622149813936531e9,5.02265729628847e9,1.3252944243830643e9,5.242794596791855e8,8.563575260134426,1.3392888058441289e7,8.829643403570683,2.231659560914667e7,8.297507116698176,6.537393636964026e6,2.8034516464185105e6,3.733941990545508e6
1494.5360846865387,1.0e-5,7359.721552259954,5980.395857108373,21234.224731552138,1.0e-5,8780.115391776468,1.0e-5,1.0e-5,15751.675236030433,1.0e-5,905.2964327770172,83.90712894930031,Sample 33,4.0740406101046543e9,4.59943229421779e9,5.0198668472458315e9,1.366260790169218e9,5.253916841131357e8,9.083169443205216,1.0014735042043561e7,9.158914861709725,2.5377733225494888e7,9.007424024700695,5.791810257510286e6,2.1103656591002964e6,3.681444598409991e6
3553.510024536655,1.0e-5,6567.377320537673,5151.963195443656,19887.718096808596,1.0e-5,9330.864250017263,1.0e-5,1.0e-5,15503.937975147432,1.0e-5,1169.9325280601215,479.8898909098856,Sample 34,4.077203894105295e9,4.606346617147006e9,5.01685705729776e9,1.3501636033432174e9,5.291427230417111e8,8.88316991144718,1.32301544060811e7,8.957578303591685,2.268117015792856e7,8.80876151930267,6.306943845399151e6,2.7526461902156337e6,3.554297655183513e6
5887.131089044532,1.0e-5,1900.511410648366,6125.43333297314,22867.772177515344,1.0e-5,10199.224427576033,1.0e-5,1.0e-5,14905.512362737169,1.0e-5,1680.4467536121651,799.0777647340954,Sample 35,4.190755287364134e9,4.652882408085198e9,5.028784664034817e9,1.2139316326203008e9,4.621271207210648e8,8.285742078050832,1.2678658547375614e7,8.467436867002732,1.821858733676263e7,8.104047289098931,6.1643398214392895e6,2.6699541191933583e6,3.4943857022459293e6
2052.5988735961864,1.0e-5,6054.008623238721,5232.855812417515,21852.865620707813,1.0e-5,9948.283416414832,1.0e-5,1.0e-5,15305.456028699851,1.0e-5,2002.6674317397553,1070.29270835811,Sample 36,4.1839026364280677e9,4.6458504585689535e9,5.013909551945285e9,1.1980660088935487e9,4.6194782214088583e8,8.144961237786182,8.379999190119784e6,8.238498334551569,2.2575555083892763e7,8.051424141020794,6.351592643140367e6,1.8098471623198024e6,4.5417454808205655e6
4238.7669628829135,1.0e-5,4046.2038519989965,6407.610910386475,20652.844760056505,1.0e-5,11192.781677430683,1.0e-5,1.0e-5,15582.206824348466,1.0e-5,620.8556508337227,640.7364615126154,Sample 37,4.125322182749343e9,4.61423293961072e9,5.014944342876417e9,1.2903335633927715e9,4.889107568613768e8,8.71349405918925,1.319951636438218e7,8.899763132283129,1.9730903043619175e7,8.52722498609536,4.994806962637537e6,2.7198655389973093e6,2.2749414236402153e6
3398.998328410147,1.0e-5,5283.087671393318,5341.178903118394,19990.411118056123,1.0e-5,10252.680123786464,1.0e-5,1.0e-5,15355.352568682432,1.0e-5,1711.7477336041175,648.2911064434097,Sample 38,4.111288882188253e9,4.6122985169580555e9,5.011703589617855e9,1.2998197800894017e9,5.01009634769803e8,8.695548398256669,1.1337701930555899e7,8.79083540625919,2.2550284978749175e7,8.600261390254149,6.578831431451012e6,2.3770475672711045e6,4.201783864179905e6
3591.968457602029,1.0e-5,4610.114527024198,5904.456807869663,20521.79622714418,1.0e-5,9366.30884370935,1.0e-5,1.0e-5,15768.724621716374,1.0e-5,949.3628708206675,1139.858930633007,Sample 39,4.1149789358276467e9,4.612087017600357e9,5.010798698416763e9,1.2945314434055226e9,4.9710808177270985e8,8.962544654925438,1.2238935133692982e7,9.17561653833229,2.126173770183142e7,8.749472771518594,5.4956343007284785e6,2.555608177894718e6,2.940026122833753e6
2016.9342318526826,1.0e-5,6153.526311007499,6015.1274668819015,21154.20664692129,1.0e-5,10197.432735987082,1.0e-5,1.0e-5,15115.017913851147,1.0e-5,1459.26582996086,1046.7161043104875,Sample 40,4.1044337359718666e9,4.607550211431942e9,5.009327679687498e9,1.3066714119711869e9,5.031164754600749e8,8.710068652425962,9.57290931120816e6,8.799627440243649,2.4228333398923412e7,8.620509864608279,6.365099157726783e6,2.025939352647792e6,4.339159805078977e6
3137.5499849348175,1.0e-5,5318.857525797069,5627.2375551926825,20834.506049854564,1.0e-5,10354.14672342537,1.0e-5,1.0e-5,15435.655806414507,1.0e-5,1226.082433900515,1127.7140616863378,Sample 41,4.1334496017271137e9,4.619326346610617e9,5.009113409947321e9,1.265450871556911e9,4.8587674488350314e8,8.450716031547996,1.0970560136517594e7,8.502197914303721,2.17148138499192e7,8.39923414879227,5.766428703510841e6,2.306507406103544e6,3.4599212974072965e6
3110.900184284899,1.0e-5,5331.5504781975615,5873.761283180085,19820.10207719751,1.0e-5,10061.60912417773,1.0e-5,1.0e-5,15589.066890657248,1.0e-5,1122.4282501822045,958.2376719185453,Sample 42,4.092542579442622e9,4.60202088788032e9,5.007708475156967e9,1.3208534829909909e9,5.094783084376979e8,8.688927038248272,1.1839984533934033e7,8.76215605776098,2.2609433606881257e7,8.61569801873556,5.905951162781487e6,2.4620895781608354e6,3.4438615846206336e6
3579.525178614835,1.0e-5,4705.403915922188,5871.803859820563,20572.73297718894,1.0e-5,9653.81811253795,1.0e-5,1.0e-5,15245.104722971633,1.0e-5,1573.3240767701764,918.7621057490296,Sample 43,4.102655961596012e9,4.608739986462908e9,5.009080100659822e9,1.306764253260725e9,5.060840248668952e8,8.786402903675704,1.1889840950269395e7,8.904191080025209,2.226274951831292e7,8.668614727326199,6.555104219403654e6,2.4848669679442e6,4.0702372514594616e6
3268.9618053391014,1.0e-5,5111.262788410875,5784.577419546867,20442.58107726213,1.0e-5,10205.608996361147,1.0e-5,1.0e-5,15271.511381699547,1.0e-5,1484.4518488663084,943.0946513219297,Sample 44,4.108873163976402e9,4.609687500162236e9,5.007728137351465e9,1.2968956105642931e9,5.008143361858347e8,8.622717586704475,1.1305416984894173e7,8.684497307498425,2.2483565950023673e7,8.560937865910523,6.341201497418481e6,2.3694818144035507e6,3.9717196830149186e6
3213.7502288190617,1.0e-5,5124.331187763906,5764.258593557699,19924.962340219503,1.0e-5,10596.568002045024,1.0e-5,1.0e-5,15394.506033669679,1.0e-5,1396.8916501056697,1008.984324139252,Sample 45,4.109961558797035e9,4.609556731255944e9,5.008459796248234e9,1.2974013024434862e9,4.995951724589092e8,8.72579477987818,1.128672333754661e7,8.798696640327664,2.2468471393458493e7,8.652892919428695,6.158385892905531e6,2.3650485052923094e6,3.7933373876132136e6
3734.245910610672,1.0e-5,4607.974082535375,5864.955845219061,20177.376383826246,1.0e-5,10316.718593997877,1.0e-5,1.0e-5,15435.018931008963,1.0e-5,1277.413006402413,1014.3745912801587,Sample 46,4.114407480273147e9,4.6118894131507845e9,5.007892939686081e9,1.2894889859482307e9,4.974819328776376e8,8.561187107582448,1.2012251001136627e7,8.64121968872086,2.158620350670423e7,8.48115452644403,5.992885960398434e6,2.513147725345889e6,3.4797382350525535e6
3181.8007032530004,1.0e-5,5183.618716781542,5786.359464510648,20131.757293767183,1.0e-5,10065.22248191621,1.0e-5,1.0e-5,15532.21243845297,1.0e-5,1259.1613794264606,1007.5025991091708,Sample 47,4.1088320871924295e9,4.60913389353158e9,5.007689939083849e9,1.2974138974436884e9,5.003018063391507e8,8.653454264419242,1.146101216446627e7,8.747290698886784,2.2321059381200105e7,8.55961782995169,5.972312424190024e6,2.395495012173709e6,3.57681741201631e6
3461.7311817239406,1.0e-5,4936.442875013706,5814.708110423577,20431.923212859707,1.0e-5,10084.059919431651,1.0e-5,1.0e-5,15438.015532158455,1.0e-5,1282.9344641083792,1006.5933291491747,Sample 48,4.115353420471702e9,4.612465666993766e9,5.00784547100172e9,1.2878718545379739e9,4.971122465220639e8,8.46898704169292,1.168178158368121e7,8.5226312984247,2.185664356013557e7,8.415342784961142,5.998335277696292e6,2.445842727576192e6,3.552492550120091e6
3359.8785319660437,1.0e-5,5140.987419848243,5707.607921829869,20097.43468393776,1.0e-5,10069.293266901774,1.0e-5,1.0e-5,15386.252975930445,1.0e-5,1325.8996108293873,1023.4246482884757,Sample 49,4.0968021798994107e9,4.60433812868163e9,5.008065124110648e9,1.3149899396402555e9,5.0753594878221965e8,8.789512151921864,1.1818599391868234e7,8.84519993942449,2.246347454933881e7,8.733824364419238,6.20223662799789e6,2.4713851142134983e6,3.730851513784378e6
2666.3605462802548,1.0e-5,5746.410087805331,5796.568110694325,20306.476145829805,1.0e-5,9872.386500905115,1.0e-5,1.0e-5,15634.358673938328,1.0e-5,1111.4404464401168,975.2764784287444,Sample 50,4.105259639982348e9,4.607090960685956e9,5.007952911776719e9,1.3035552228851342e9,5.01831320703608e8,8.828130371623608,1.0836487244289683e7,8.894497559462302,2.3011921709668197e7,8.76176318378492,5.776726050184728e6,2.279052669587512e6,3.4976733805972016e6
2945.3321622230264,1.0e-5,5456.0279688415985,5829.39699472653,20236.70102093966,1.0e-5,10067.933884331222,1.0e-5,1.0e-5,15480.736409184477,1.0e-5,1246.436424160388,962.6350914458069,Sample 51,4.1024342535165663e9,4.606160465887505e9,5.007584417350258e9,1.3065741152964454e9,5.037262123709379e8,8.600800304179797,1.1237827206956053e7,8.660291927536235,2.2759661361751504e7,8.541308680823363,6.016484623221308e6,2.347918721384369e6,3.668565901836937e6
3370.2937677733803,1.0e-5,5093.884179522653,5776.711261072422,20007.81179147906,1.0e-5,9668.257135795246,1.0e-5,1.0e-5,15712.55232970365,1.0e-5,1072.0791167812613,977.3080431755085,Sample 52,4.1020501186262875e9,4.6064691675796385e9,5.007692241586681e9,1.306865196967437e9,5.0441904895335084e8,8.723738838899392,1.1957411788551345e7,8.805083279689145,2.2134785244268306e7,8.642394398109642,5.752161412548308e6,2.501454964730345e6,3.250706447817963e6
3400.2705375739224,1.0e-5,5019.75387913775,5834.398195211086,20113.535673308914,1.0e-5,9968.285527287246,1.0e-5,1.0e-5,15550.154416720929,1.0e-5,1179.4648718189292,966.1205722907919,Sample 53,4.10330201746508e9,4.6067846224449215e9,5.007548215457213e9,1.3050097910044243e9,5.0348260497984177e8,8.576501497815586,1.1967165827707272e7,8.643278196387316,2.204489868607079e7,8.509724799243855,5.919019725174046e6,2.498900665071187e6,3.420119060102858e6
3140.612753461522,1.0e-5,5244.013407988311,5842.779348461575,20335.841104830117,1.0e-5,10003.887460678985,1.0e-5,1.0e-5,15514.207149039972,1.0e-5,1195.5735579529098,975.6799412597858,Sample 54,4.1069802688560104e9,4.607989825257349e9,5.007612561067254e9,1.3002550280211487e9,5.010095564013389e8,8.787961327746277,1.149479737811874e7,8.845369617769377,2.230782954674135e7,8.730553037723169,5.912639099149312e6,2.401970578285169e6,3.51066852086414e6
3116.111601813151,1.0e-5,5278.692091109218,5824.181290752257,20206.862980339214,1.0e-5,10044.464628498625,1.0e-5,1.0e-5,15482.818308212874,1.0e-5,1253.0473665711722,971.8233267749443,Sample 55,4.1032016685127425e9,4.606592766553385e9,5.007538445408363e9,1.3052824557505982e9,5.033910980406422e8,8.731567574375134,1.1433489480236225e7,8.793142531064904,2.255008488961021e7,8.66999261768536,6.023004726476279e6,2.3939040923377043e6,3.629100634138555e6
3088.5100480397737,1.0e-5,5301.247338387624,5842.346597503592,20253.965050361803,1.0e-5,9934.164930157229,1.0e-5,1.0e-5,15515.992345529326,1.0e-5,1214.987344062272,973.4420207649539,Sample 56,4.1028227444325423e9,4.606457438418833e9,5.007515833826712e9,1.3057514848020487e9,5.0363469398629e8,8.583548551669816,1.1437734196311686e7,8.644556136609955,2.255657580666534e7,8.522540966729679,5.972159283580216e6,2.394836474849782e6,3.5773228087304276e6
1.0e-5,18134.456811945187,1.0e-5,1.0e-5,30865.671388783485,1.0e-5,1.0e-5,1.0e-5,12691.90994291095,1.0e-5,1.0e-5,1.0e-5,1.0e-5,Sample 57,3.9692225297966366e9,4.850962759449715e9,5.628523149395139e9,2.436861009543926e9,8.817402296530777e8,16.084583333333338,1.1384294008706613e7,15.24638888888889,4.719376894335317e7,16.92277777777778,9.037120156801214e6,0.02893948000000003,9.037120127861738e6
1.0e-5,1.0e-5,1.0e-5,17681.553072405077,33385.02183121663,4763.8867510604005,1.0e-5,1.0e-5,2878.8017098346563,5600.457942818997,4799.685759504751,1.0e-5,1.0e-5,Sample 58,3.8838890250759163e9,4.973561864054911e9,5.975354773273502e9,3.0932586574161773e9,1.0896728389789946e9,19.778958333333346,2.6418027960527465e7,28.55916666666668,4.351622229326033e7,10.998749999999998,1.960683159596584e7,1.1913387534099692e7,7.6934440618662e6
1.0e-5,2423.771547279327,1.0e-5,14124.763510323375,18828.120325220065,8330.199521425286,1.0e-5,1.0e-5,14196.092389676644,1390.587783748241,1.0e-5,1.0e-5,1.0e-5,Sample 59,4.01940162785001e9,4.74867869409452e9,5.328648492155549e9,1.8892166623665674e9,7.2927706624451e8,12.25527777777778,1.1682756622492285e7,12.255277777777781,3.7098899466395736e7,12.255277777777781,7.018689648582498e6,0.034366425000000006,7.018689614216076e6
1.0e-5,8750.319416765795,1.0e-5,6673.66252736594,17484.095507956397,1.0e-5,1443.2867345984919,1.0e-5,16438.17773503035,1364.257241943683,374.67485182893296,1.0e-5,1.0e-5,Sample 60,4.0536128709645367e9,4.685280878960961e9,5.139241251037491e9,1.5395887521494825e9,6.316680079964249e8,10.415000000000004,1.685375590641721e7,10.352361111111112,2.6927476390537284e7,10.477638888888889,5.998793202589382e6,799761.5332369959,5.199031669352384e6
1.0e-5,938.2958897247146,1.0e-5,10854.882175176752,21545.870877053858,1.0e-5,1571.837447833019,1.0e-5,12211.401568696827,1.0e-5,6238.9397935027855,1.0e-5,5119.131869371101,Sample 61,3.989100868328078e9,4.758598452687944e9,5.342777232473459e9,1.9378551439308972e9,7.694975843598661e8,14.924254145242596,3.322295120458037e7,14.169169788363803,1.9190161682577427e7,15.679338502121409,1.9231265723737787e7,1.5320185941301048e7,3.9110797824367434e6
1.0e-5,5048.513095576936,1.0e-5,10818.430994862249,25554.67616073224,1.0e-5,1.0e-5,5303.020820480651,13696.610622009817,1.0e-5,419.79784959530383,1.0e-5,3582.239187334858,Sample 62,4.0366103752506037e9,4.688254042937448e9,5.171037641862795e9,1.6172108655375376e9,6.516436676868442e8,10.480748725246794,1.2559524410176523e7,10.067709681369463,3.0980741342771742e7,10.893787769124133,7.385214000338534e6,977618.7546612839,6.40759524567727e6
1.0e-5,4375.61599891628,1.0e-5,10785.171366530429,22732.089179614384,1.0e-5,521.6189362448315,3301.279754771823,5244.555949508423,8349.426848696987,3360.843411185584,1.0e-5,1427.6492541282587,Sample 63,4.0087232928984327e9,4.698540666183689e9,5.27912127449355e9,1.8509785899049785e9,6.898173732852564e8,12.250543693131698,1.5410132605478153e7,14.50281994812015,3.0544738227368884e7,9.99826743814325,1.220976697082946e7,7.642597616438998e6,4.567169354390495e6
1.0e-5,4618.520091018616,1.0e-5,12196.278618532471,23491.804830489997,1.0e-5,1.0e-5,7109.134260176122,9527.863299349623,5153.21302208966,699.7155671959621,1.0e-5,1.0e-5,Sample 64,4.049827966984048e9,4.650893411970243e9,5.113888116363882e9,1.5270548537734742e9,6.010654449861952e8,10.187708333333337,9.032189297914634e6,10.855416666666663,3.1385137311940122e7,9.519999999999998,6.8644328030059775e6,1.4836891249295734e6,5.380743678076421e6
1.0e-5,1.0e-5,1.0e-5,14170.411167451475,26109.866769921948,1583.9036893020393,1.0e-5,7428.537933924613,6841.537067855208,5262.852837018723,3072.341007547979,1.0e-5,1727.3809147267946,Sample 65,4.030207840727436e9,4.667527671146947e9,5.176412663978963e9,1.6550898160835438e9,6.373198304195105e8,11.22685627431212,1.351896342173742e7,11.523130691451378,2.8496587321225725e7,10.930581857172864,1.1382508802806886e7,6.58267499267738e6,4.79983381012952e6
1.0e-5,2657.6641445961336,1.0e-5,12955.539880022881,24823.67782734434,1.0e-5,1532.536063152299,5223.927969948107,7488.478593700425,5755.001611860705,2598.757966280928,1.0e-5,533.6191568640749,Sample 66,4.0282441183607197e9,4.638341814159054e9,5.074820349003855e9,1.4830547654879363e9,6.100976957983336e8,9.71374659949591,1.2467279979397535e7,9.713746599495911,2.8532210340365052e7,9.713746599495911,1.0297693325586095e7,5.581087709444035e6,4.716605616142085e6
1.0e-5,7683.393589994495,1.0e-5,5250.906493029968,21879.186021827743,1.0e-5,3719.150028278485,7655.402530705644,13639.900573788284,629.8999441588909,1272.1756606916304,1.0e-5,1718.8669791848727,Sample 67,4.127622889370851e9,4.701683413680404e9,5.343189496164831e9,1.857072689278408e9,5.740605243095528e8,12.708538771728628,1.5936299372614095e7,12.558228188867888,2.13288900064998e7,12.858849354589378,6.596214154458941e6,2.495760250735223e6,4.1004539037237293e6
1.0e-5,3104.1627969487477,1.0e-5,10649.373935449026,24995.898990418373,1.0e-5,8536.35310168885,1.0e-5,13868.8345409386,345.12282668744103,1784.0017608106884,1.0e-5,439.2112076673059,Sample 68,4.113220622879837e9,4.646905947344926e9,5.143386822445981e9,1.5266470746671977e9,5.3368532446508914e8,10.635576139214452,1.527843221406531e7,10.046424510943078,1.9917933227164958e7,11.224727767485822,7.284067206314e6,3.2601372327130777e6,4.0239299736009245e6
1.0e-5,5299.2271862511125,1.0e-5,8398.304365205018,23775.69005255863,1.0e-5,7577.645839366445,1.0e-5,9827.197800395048,4972.94206776395,1431.7432710104683,1.0e-5,623.3073566514829,Sample 69,4.1066275682780476e9,4.640494323060038e9,5.129426158384567e9,1.5117304254310503e9,5.338667547819897e8,10.5357542984247,1.0631956368860304e7,10.535754298424704,2.465397020526419e7,10.535754298424704,6.721545055146154e6,2.7085215008055307e6,4.013023554340637e6
1.0e-5,2049.1544191815215,1.0e-5,11083.721232799902,15314.793778406374,1.0e-5,7215.683816831189,1.0e-5,16837.20124163683,929.9123848256206,1446.503953330989,1.0e-5,1.0e-5,Sample 70,4.1066238956783657e9,4.644431263835212e9,5.082457208093811e9,1.413859256674046e9,5.378073681568459e8,10.019652777777784,1.9747568398777034e7,9.901944444444448,1.7371668680602573e7,10.137361111111112,5.99397591079485e6,2.598515803026322e6,3.3954601077685365e6
1.0e-5,3697.895905082171,1.0e-5,11216.702326462077,22176.602021994084,1.0e-5,8531.607873820683,1.0e-5,14091.857185166213,1986.3796157554964,1.0e-5,1.0e-5,1.0e-5,Sample 71,4.1143801170603523e9,4.628865837561235e9,5.065651034654378e9,1.388056114687168e9,5.1448572050088286e8,9.393055555555556,1.096568011513728e7,9.361944444444445,2.3469795570099194e7,9.42416666666667,4.420481663526499e6,0.025743979999999993,4.420481637782515e6
1.0e-5,3209.374287035943,1.0e-5,10409.428189843205,19798.221311631445,1.0e-5,6507.935017380611,1.0e-5,5698.546646154002,10532.147928715312,1891.0738093370803,1.0e-5,50.887697283918314,Sample 72,4.098765953184743e9,4.677385855483042e9,5.240267507291132e9,1.7043832059144793e9,5.786199022982986e8,11.158840180781349,1.0423671922757264e7,13.935962752194913,2.758154887743747e7,8.381717609367781,6.970588209685559e6,3.465242490258807e6,3.505345719426767e6
1.0e-5,5716.692071287696,1.0e-5,8657.383104300687,18862.175188470414,1.0e-5,7261.305519564139,1.0e-5,7814.188851264725,9124.093664854476,330.11688139843096,1.0e-5,307.74941064773634,Sample 73,4.101644165248004e9,4.638194273525729e9,5.100159618897452e9,1.460480799021172e9,5.3655010827772546e8,9.465654315858014,6.365278338508518e6,10.282041366897708,2.9847718744586285e7,8.649267264818315,4.747328897610272e6,617339.0726061207,4.129989825004154e6
1.0e-5,3628.808075337372,1.0e-5,10477.892873515553,21312.247050066053,1.0e-5,7433.099778204913,1.0e-5,7298.147261475703,8638.039326074042,1034.2486972113147,1.0e-5,493.85353931624354,Sample 74,4.105877633272157e9,4.622809758403625e9,5.044281624725204e9,1.3598758577746286e9,5.169321251314669e8,9.196887824112581,6.918119444274822e6,9.333953325057763,2.784670727279953e7,9.059822323167403,5.836827856796309e6,1.8991322096218565e6,3.937695647174461e6
1.0e-5,4450.620582426393,1.0e-5,9254.766823124437,19503.551687576037,1.0e-5,8095.440573560246,1.0e-5,7956.387661853783,7787.409743442039,1786.9267659895913,1.0e-5,526.4291197782094,Sample 75,4.0996619544210095e9,4.623504206663834e9,5.041773243068901e9,1.3603803250529604e9,5.2384225224282384e8,9.446713038647346,9.831459041003875e6,9.446713038647347,2.570881799424847e7,9.446713038647347,6.955983524026376e6,3.367531565883676e6,3.5884519581427085e6
1.0e-5,499.5293633849019,1.0e-5,13633.78171107808,20677.37064074246,1.0e-5,7334.84327212747,1.0e-5,8390.314057420004,8181.694196501002,974.3238637971077,1.0e-5,1.0e-5,Sample 76,4.1064343460639515e9,4.625358821502377e9,5.041853057632232e9,1.3519129476981347e9,5.1892447543842506e8,9.064305555555558,7.746039587872374e6,9.064305555555558,2.7269916934056487e7,9.064305555555558,5.572537202551809e6,1.6965803730111946e6,3.875956829540615e6
1.0e-5,4495.054802529277,1.0e-5,10568.51106451164,21876.88340130521,1.0e-5,9452.045576817125,1.0e-5,7790.1608898605145,7449.1392879445675,772.9713852919164,1.0e-5,481.220120398578,Sample 77,4.1075600939555507e9,4.6203948598702e9,5.031054820661929e9,1.3341546874981074e9,5.1283476591464925e8,8.849453526128968,6.724811666043299e6,8.84949276420921,2.7751156502983633e7,8.849414288048736,5.649151389418872e6,1.451760741092736e6,4.197390648326142e6
1.0e-5,1215.3486797497228,1.0e-5,12634.27614846501,20417.562524684276,1.0e-5,7623.078401150363,1.0e-5,8225.784835200964,8440.480444474564,364.8308443137849,1.0e-5,1289.1653819225833,Sample 78,4.1122403400499907e9,4.6223749538632345e9,5.031505683881699e9,1.3283960738501725e9,5.1013461381324357e8,9.34306095660576,5.771035600200864e6,9.343060956605761,2.858667049563176e7,9.343060956605761,4.702413269993314e6,647934.5169307834,4.054478753062529e6
1.0e-5,1733.2393052315736,1.0e-5,11646.103338763707,18433.422575559794,1.0e-5,8085.347926272154,1.0e-5,7025.371618141815,9303.841694458299,1602.2731571911359,1.0e-5,1186.8179305920144,Sample 79,4.1037431175422187e9,4.620310536529078e9,5.023291439335458e9,1.3225292245996194e9,5.165674189868584e8,8.893021800126025,8.197579817571672e6,8.945039495988238,2.6950648997057326e7,8.841004104263813,6.412893046572867e6,2.9207485102953287e6,3.4921445362775335e6
1.0e-5,2282.431564606559,1.0e-5,12128.143651863045,21106.336461589817,1.0e-5,9502.295025756644,1.0e-5,7940.188048181173,7587.655890220132,822.5621905060369,1.0e-5,1291.013668799783,Sample 80,4.1111664818761544e9,4.619073748144406e9,5.025149788781915e9,1.3200593475432677e9,5.0790726626825225e8,8.653361841839954,6.8677074363790685e6,8.653361841839951,2.725185516870654e7,8.653361841839951,5.543807431180273e6,1.51583931446148e6,4.0279681167187965e6
1680.7918948724623,327.7065860707291,1.0e-5,11831.738749142487,20504.32646833689,1.0e-5,8029.8725770902665,1.0e-5,5710.035427572984,10357.556474465222,1184.327647329671,1.0e-5,898.7494293951042,Sample 81,4.109813094128811e9,4.617401946703558e9,5.02051551685515e9,1.3138159928779309e9,5.0758885257474697e8,8.846326660869563,1.1339598410230715e7,8.846767744675489,2.289757608428836e7,8.845885577063644,5.859458449807338e6,3.24030984424966e6,2.6191486055576904e6
904.8325865768423,1610.2261811351752,1.0e-5,11595.791399218113,19851.756274947802,1.0e-5,9512.218789326007,1.0e-5,6379.195134463006,9355.464827557118,1327.9939477071105,1.0e-5,838.232434071202,Sample 82,4.110860820021652e9,4.617221210779468e9,5.01923923083583e9,1.310396430870539e9,5.0636039075781566e8,8.737393559042216,9.482934840661142e6,8.737834642848146,2.4762536280612335e7,8.736952475236295,6.098652234024962e6,2.951122265210547e6,3.1475299688144173e6
1747.968783455327,1351.561091634482,1.0e-5,11298.31248191609,21038.425359749184,1.0e-5,9116.577638515722,1.0e-5,5524.504448776024,10212.16435856851,882.7050349173835,1.0e-5,776.7120692195804,Sample 83,4.1143320349546485e9,4.6173997978859005e9,5.023910030215331e9,1.3160882275901127e9,5.030677629312521e8,8.965611022642303,1.0000458653784515e7,9.18880927406007,2.383940583993622e7,8.742412771224533,5.506024276347161e6,2.6147736581409145e6,2.891250618206226e6
1402.3082902384208,854.4811345186342,1.0e-5,11931.009913549618,20858.66886269525,1.0e-5,9360.319260482802,1.0e-5,5687.419976411093,9942.11197273134,1168.2182337457768,1.0e-5,830.9308705470382,Sample 84,4.1137114596362596e9,4.616318156290982e9,5.019463787042617e9,1.3088979581579912e9,5.0260669665472233e8,8.784060077840795,1.019657767356172e7,8.835636689897086,2.363057467301477e7,8.732483465784506,5.87533197300782e6,2.988964713569574e6,2.886367259438228e6
1577.8989423845646,1032.0497015110554,1.0e-5,11657.12745486661,20444.9977943852,1.0e-5,9220.04272393622,1.0e-5,6005.72988839423,9871.080024275348,872.0444422900924,1.0e-5,996.811449857131,Sample 85,4.1125818084841323e9,4.616025730213095e9,5.0180238822247505e9,1.3074402257522743e9,5.034439217289625e8,8.69467261109011,1.0173050507903753e7,8.695113694896031,2.37717463579986e7,8.694231527284185,5.458952414267263e6,2.5608096093502073e6,2.898142804917042e6
1766.4370595511032,878.3929408981509,1.0e-5,11609.227744743675,20813.426036111025,1.0e-5,9283.12508327202,1.0e-5,5678.299040279595,10061.958784780072,1014.1964514204099,1.0e-5,776.2039539197854,Sample 86,4.1143846540678396e9,4.615849181096445e9,5.018493658701246e9,1.3067534822382069e9,5.014645270286058e8,8.654575678092838,1.0787890511945477e7,8.655016761898763,2.297947852909062e7,8.654134594286916,5.645819427436757e6,2.912665939623581e6,2.7331534878131617e6
1898.356693660212,687.1980888549092,1.0e-5,11345.180447424864,19969.312382190754,1.0e-5,8901.438792885898,1.0e-5,5459.741518204285,10507.100041259264,1201.5421990021457,1.0e-5,890.6618457992358,Sample 87,4.112097519860704e9,4.615948335450344e9,5.017459289196235e9,1.3068727230814207e9,5.0385081558964056e8,8.800489376811596,1.1462412569311397e7,8.80093046061752,2.25892922206115e7,8.800048293005675,5.846831044852337e6,3.3252338975605145e6,2.521597147291814e6
1756.8048843414779,539.5869355041056,1.0e-5,11849.154721411991,20619.701923007702,1.0e-5,9117.351758682793,1.0e-5,5660.327083193131,10177.809077047275,1024.6893742706043,1.0e-5,894.2170407194874,Sample 88,4.1134458797526765e9,4.615738088299717e9,5.017631569086201e9,1.306079170120008e9,5.022922085470401e8,8.835373811258139,1.1063390272087932e7,8.835814895064063,2.277875015523583e7,8.834932727452218,5.641420173165401e6,2.9788416467755605e6,2.6625785263898345e6
1743.5693344652063,661.5441137223431,1.0e-5,11685.233027923072,20359.28719060807,1.0e-5,9150.115090537152,1.0e-5,5600.320043722932,10234.734693745919,1125.8585892864105,1.0e-5,890.8577295312377,Sample 89,4.112694036014229e9,4.61572275576898e9,5.017177430334649e9,1.3059380688860888e9,5.030287197547512e8,8.683621694265913,1.1082255558250211e7,8.684062778071837,2.2852173032604605e7,8.68318061045999,5.7775538345671715e6,3.1283754054808957e6,2.649178429086256e6
1793.3267281317753,715.2782432360099,1.0e-5,11662.495999159828,20635.798872489395,1.0e-5,9217.013727881904,1.0e-5,5582.461055551099,10203.00418816453,1054.163407698053,1.0e-5,845.4612771302952,Sample 90,4.113844214288143e9,4.615697544866013e9,5.017714490032455e9,1.3058872209107542e9,5.018533305778691e8,8.789502230581812,1.0990440863830503e7,8.811023869943295,2.2823891283644788e7,8.767980591220335,5.68747158152713e6,3.02270352039598e6,2.6647680611311533e6
1850.249683070234,569.4553876969543,1.0e-5,11745.429906299143,20718.865766605635,1.0e-5,9164.393989373484,1.0e-5,5526.793091199935,10252.419963729333,1065.3825883285622,1.0e-5,833.8148913302811,Sample 91,4.113843999602786e9,4.615685013798012e9,5.017675048133921e9,1.3058210828670435e9,5.0184101419522583e8,8.662392955429532,1.1243731115894426e7,8.662834039235456,2.255889816659052e7,8.661951871623607,5.703477420819939e6,3.0941910242409944e6,2.609286396578919e6
1801.4231424999991,589.7730653822631,1.0e-5,11747.265484927259,20583.582798795833,1.0e-5,9161.715811054653,1.0e-5,5579.780932464532,10231.056103138304,1071.8431627784398,1.0e-5,861.4377613811052,Sample 92,4.113509124708927e9,4.615676564814723e9,5.017482445128605e9,1.3057792007335613e9,5.021674401057958e8,8.812054708422602,1.1190948513539098e7,8.812495792228528,2.2651316430627424e7,8.811613624616681,5.706030490825612e6,3.075743154856215e6,2.630287335969377e6
1763.470447170856,666.5012162164038,1.0e-5,11749.118356514091,20626.47925135656,1.0e-5,9207.938720364944,1.0e-5,5643.411179872644,10155.109755866677,1027.0456535034161,1.0e-5,888.3185414436642,Sample 93,4.113531133410387e9,4.6156774255911665e9,5.017491959012161e9,1.3057753590227678e9,5.021462921807797e8,8.694329093551776,1.0933139519610804e7,8.6947701773577,2.2900033523440957e7,8.693888009745853,5.65441877212572e6,2.9684721899648504e6,2.6859465821608487e6
1798.7535184656217,612.2230377847355,1.0e-5,11746.298304377868,20631.45723864522,1.0e-5,9184.164455113858,1.0e-5,5584.4872060144135,10212.641799580597,1058.7122264986722,1.0e-5,858.816785801057,Sample 94,4.1136515107650595e9,4.615672238179237e9,5.017541311878658e9,1.3057588748130188e9,5.020207274141784e8,8.675861604662886,1.1097877556450227e7,8.67630268846881,2.272745906812688e7,8.675420520856965,5.691836517605648e6,3.0484856568759936e6,2.643350860729643e6
25518.725349393982,1.0e-5,1.0e-5,1.0e-5,53045.70726539923,1.0e-5,1.0e-5,1.0e-5,1.0e-5,4047.7052250326824,1.0e-5,1.0e-5,1.0e-5,Sample 95,3.8882481593675876e9,5.089096343397671e9,5.715953215374318e9,2.454561927983377e9,1.200848184030083e9,13.775833333333338,7.905049533495322e7,13.719166666666673,3.0503046585501493e6,13.832500000000007,1.5049587789581865e7,1.5049587760199707e7,0.029382140000000015
18465.86829914918,1.0e-5,1.0e-5,1.0e-5,25165.594118458528,1.0e-5,1.0e-5,1.0e-5,1.0e-5,14188.863571596823,1.0e-5,1.0e-5,1051.6312208247255,Sample 96,3.963083630526848e9,4.737729263484926e9,5.214775729997112e9,1.7287385659824512e9,7.746456329580789e8,11.855108520058804,4.0758231220151864e7,11.86879524553665,1.2359340664056001e7,11.841421794580967,8.199371191850242e6,8.1993711641330505e6,0.027717190000000003
12013.243050294357,1.0e-5,1.0e-5,4842.862402886635,18818.564880601767,1.0e-5,2984.733804591322,1.0e-5,1.0e-5,16908.529059670735,1.0e-5,1.0e-5,1.0e-5,Sample 97,4.030542059671136e9,4.665072258015398e9,5.101581729114369e9,1.5075491405422037e9,6.345301983442622e8,9.598194444444449,2.736506916752408e7,10.068749999999998,1.651750585381105e7,9.127638888888889,5.744490595045869e6,5.6004056338572055e6,144084.9611886606
9576.650979864424,1.0e-5,1.0e-5,5900.852656768474,25152.493073129415,1.0e-5,5226.874075324917,1.0e-5,1.0e-5,15461.788603067509,1.0e-5,1.0e-5,1.0e-5,Sample 98,4.091836299769322e9,4.648174521092352e9,5.105847218726435e9,1.4716836165911965e9,5.563382213230295e8,9.807916666666667,2.3424572055458315e7,9.823472222222222,1.3739326685286682e7,9.79236111111111,5.127874505747051e6,4.7462602544764e6,381614.2512706547
5736.442518226213,1.0e-5,1.0e-5,8471.887761632013,22196.014110872107,1.0e-5,3714.5979515058675,1.0e-5,1.0e-5,16571.95500905206,1.0e-5,1.0e-5,2130.70517239235,Sample 99,4.086750789166579e9,5.026013711222287e9,6.539280661129398e9,3.9657968218699303e9,9.392629220557084e8,23.13710253822727,3.5060228080406845e7,37.782900427011164,1.9030453674678408e7,8.491304649443396,4.765278858213559e6,3.628179836872667e6,1.137099021340873e6
5757.135491010835,1.0e-5,1.0e-5,9557.837959049411,27561.862807956844,1.0e-5,4907.5082091778495,1.0e-5,1.0e-5,14398.920804028538,1.0e-5,1.0e-5,2312.3092708331137,Sample 100,4.0726868426409163e9,4.713352468776257e9,5.375359582278992e9,1.9646798531408103e9,6.406656261353401e8,11.82725702377652,2.2924099174304627e7,14.76296278349087,1.7849950147936713e7,8.891551264062175,5.601946939971525e6,3.9924536234171046e6,1.6094933165543962e6
7152.392509945029,1.0e-5,1.0e-5,7801.49319477725,23672.553010965723,1.0e-5,5650.981981403261,1.0e-5,1.0e-5,15601.548319247835,1.0e-5,1.0e-5,1572.8043284746739,Sample 101,4.0857949509506783e9,4.636507755093717e9,5.095282341472768e9,1.4682619769011395e9,5.50712804143038e8,9.4597119779038,2.0546871356141884e7,10.250738978533926,1.6113138183267651e7,8.668684977273683,4.96758675436219e6,4.1276404266027473e6,839946.3277594395
7556.277433518475,1.0e-5,1.0e-5,8282.986811835372,25238.918985878405,1.0e-5,6724.794174959264,1.0e-5,1.0e-5,14907.587235142353,1.0e-5,1.0e-5,766.8736219689954,Sample 102,4.082478320660037e9,4.62576953323063e9,5.0519479766822195e9,1.3956480994737725e9,5.432912125705928e8,9.014205715185888,2.145704020464699e7,9.446454948540222,1.478566288065098e7,8.581956481831547,5.147725743322681e6,4.353239762459405e6,794485.9808632777
7082.262559978938,1.0e-5,1.0e-5,7286.509575622996,24857.705642628567,1.0e-5,6225.724032681686,1.0e-5,1.0e-5,14819.462434711684,1.0e-5,1.0e-5,2913.282256037607,Sample 103,4.077571141997864e9,4.640681548976971e9,5.13083177031419e9,1.5434108496535451e9,5.631104069791064e8,11.606257248015128,2.0890414707278945e7,11.623512745809714,1.62233788890059e7,11.589001750220543,5.204033301799399e6,4.251713882713817e6,952319.4190855755
7865.247736921793,1.0e-5,1.0e-5,7162.556819104938,23832.473508318377,1.0e-5,6668.093948404038,1.0e-5,1.0e-5,15257.466964100395,1.0e-5,1.0e-5,1551.308695966462,Sample 104,4.0854109105751553e9,4.623672979680768e9,5.046763130370535e9,1.384442370485146e9,5.382620691056131e8,9.613073366330607,2.0922300304296188e7,9.625249739466502,1.5063048136329027e7,9.600896993194711,4.976595953043995e6,4.310977890852487e6,665618.0621915059
8762.40350481517,1.0e-5,1.0e-5,6488.070877437926,21116.980460495954,1.0e-5,7063.409660200102,1.0e-5,1.0e-5,16261.117937401352,1.0e-5,1.0e-5,283.0390817574039,Sample 105,4.09627116093912e9,4.624970895078737e9,5.0398242929595995e9,1.3584065299013417e9,5.2869973413961744e8,8.94762482476371,2.037241256886786e7,9.010158597605546,1.5463022924575562e7,8.885091051921865,4.6061026416897485e6,4.205215231321961e6,400887.41036778
7862.179015238144,1.0e-5,1.0e-5,7231.49357321052,21503.42959645285,1.0e-5,8085.322434445351,1.0e-5,1.0e-5,15640.419263783417,1.0e-5,1.0e-5,1644.786252118195,Sample 106,4.0966447317755146e9,4.62109783314743e9,5.028692040493005e9,1.3396415160630643e9,5.244531013719155e8,8.822841901428273,1.977119938360943e7,8.911637712707416,1.5587478221004914e7,8.734046090149132,4.68525948698983e6,4.101273984268883e6,583985.5027209372
9083.564803974188,1.0e-5,1.0e-5,6869.8872107646575,23819.689548882354,1.0e-5,10436.174139004155,1.0e-5,1.0e-5,14204.101471771311,1.0e-5,1.0e-5,1557.6322917920172,Sample 107,4.0968780390880027e9,4.6223768613263235e9,5.034906065245254e9,1.350557230076181e9,5.2549882223832047e8,8.688864153455162,2.2027910546139736e7,8.687999042344051,1.3102104340566749e7,8.689729264566273,5.018694715128959e6,4.563982952575357e6,454711.76255359733
8220.625067181132,1.0e-5,1.0e-5,6985.9545746312315,22411.763389217882,1.0e-5,10034.781145802233,1.0e-5,1.0e-5,15218.640554345277,1.0e-5,1.0e-5,906.4853589170224,Sample 108,4.114979183894429e9,4.620238821428238e9,5.03461979345975e9,1.3340215815968335e9,5.052596375338084e8,9.094816786977532,1.9459449585946977e7,9.098789033144298,1.4407248045550125e7,9.090844540810759,4.518647173816706e6,4.0227191444825316e6,495928.0293341634
6857.973800881753,1.0e-5,1545.3295031937064,6795.464564352649,22519.468722400507,1.0e-5,8421.38922583908,1.0e-5,1.0e-5,15637.113366002279,1.0e-5,1.0e-5,827.4390433125789,Sample 109,4.109368689796383e9,4.617937719799926e9,5.022673636884552e9,1.318040864172794e9,5.08569030003543e8,8.587871218378494,1.840460381011613e7,8.599728351858856,1.5752238547867762e7,8.576014084898132,4.526496467538978e6,3.7906540440780846e6,735842.423460886
6918.774672247517,1.0e-5,1304.047481678324,6652.246042326267,20797.944084288578,1.0e-5,8824.213366502772,1.0e-5,1.0e-5,16230.083360984921,1.0e-5,1.0e-5,509.67639761634626,Sample 110,4.115501244002174e9,4.619357601897438e9,5.031311676216358e9,1.3277645065331047e9,5.0385635789526457e8,8.949527316572155,1.769030559084819e7,9.329437021466084,1.6313132186144814e7,8.56961761167822,4.268897533879263e6,3.6216718292944776e6,647225.7045847789
6783.059399224891,1.0e-5,1314.9717021887034,6803.753628485988,21356.715805272193,1.0e-5,9024.283912763745,1.0e-5,1.0e-5,15879.362662144356,1.0e-5,1.0e-5,1004.2664081174466,Sample 111,4.113777269142436e9,4.616956355278563e9,5.022558914926155e9,1.3143842054313104e9,5.03179086136127e8,8.944284715563956,1.7673131891160306e7,9.117790506238187,1.620778658641062e7,8.77077892488973,4.3628853645122005e6,3.6504871030504466e6,712398.2614617463
6911.518879766187,1.0e-5,1402.2910514910327,6402.8710874387225,20241.649152547197,1.0e-5,9027.490899106057,1.0e-5,1.0e-5,16118.022654168115,1.0e-5,1.0e-5,1294.1200570557214,Sample 112,4.110187975727949e9,4.616570586767098e9,5.019049732940509e9,1.3113409033859687e9,5.063826110391494e8,8.727461906511238,1.7679343508874554e7,8.78349209569419,1.6577700943348464e7,8.6714317173283,4.326870640845077e6,3.668465604140641e6,658405.0367044272
7051.928099178178,1.0e-5,1243.3809141664688,6756.763087330791,21297.860037875802,1.0e-5,9517.685536599844,1.0e-5,1.0e-5,15775.008390790841,1.0e-5,1.0e-5,863.1538441806752,Sample 113,4.1139730030201993e9,4.616212196430113e9,5.0199439705091095e9,1.3097027415679069e9,5.0223919340991354e8,8.79233689678639,1.800862633295076e7,8.815852690611218,1.5839303675813254e7,8.768821102961562,4.374190416988841e6,3.7197419559496883e6,654448.4610391427
6540.342711018162,1.0e-5,1616.222055636018,6754.486559783541,21755.099369852345,1.0e-5,9013.130683520736,1.0e-5,1.0e-5,15746.073944894217,1.0e-5,1.0e-5,1132.7655146568482,Sample 114,4.1136432743641553e9,4.616124320626226e9,5.019506172819184e9,1.309244750647987e9,5.0248104626207143e8,8.776674658748163,1.757635895746742e7,8.794396357319894,1.6203776641730122e7,8.758952960176435,4.3980869462744e6,3.632353780386712e6,765733.1658876718
6725.500179110302,1.0e-5,1429.5612627672538,6874.253213413764,21194.92523076828,1.0e-5,9232.04839027407,1.0e-5,1.0e-5,15821.076469586516,1.0e-5,1.0e-5,1080.362689604442,Sample 115,4.111567271542683e9,4.615974934904346e9,5.017997037522936e9,1.308451868598843e9,5.0440766336166304e8,8.63071061371561,1.7731951012676567e7,8.703066055198489,1.6274677521603774e7,8.558355172232732,4.394773482632791e6,3.6642512934435676e6,730522.1891892118
6728.407986188226,1.0e-5,1565.7976215347196,6750.435809233011,21125.220124000705,1.0e-5,9187.040415692933,1.0e-5,1.0e-5,15935.3344219038,1.0e-5,1.0e-5,799.8068446689678,Sample 116,4.1129568531398406e9,4.615979678072719e9,5.018753892014515e9,1.308571252816472e9,5.030228249328778e8,8.664665225813904,1.7662107212134585e7,8.752231018063435,1.627353721587587e7,8.577099433564381,4.353380067182744e6,3.645140751701735e6,708239.3154810001
6617.696203044538,1.0e-5,1649.4971371388845,6780.48201194883,21392.813753732575,1.0e-5,9197.682456439163,1.0e-5,1.0e-5,15786.668813943512,1.0e-5,1.0e-5,1053.1219200166233,Sample 117,4.1120708348201632e9,4.615737776919056e9,5.017060345709473e9,1.3063120796797264e9,5.036669420988928e8,8.571282567569845,1.7687894428189218e7,8.592879121739132,1.6245756758567777e7,8.549686013400551,4.400949045394852e6,3.656451363270919e6,744497.6821239183
6505.87739527008,1.0e-5,1714.3380265951143,6785.058812318286,21433.317249676027,1.0e-5,9098.00640107014,1.0e-5,1.0e-5,15800.652729554045,1.0e-5,1.0e-5,1103.3173479633197,Sample 118,4.1121237256918664e9,4.615702179862049e9,5.016896387523326e9,1.3059668694927366e9,5.035784541701824e8,8.713689578933,1.754181772861972e7,8.786019815626972,1.6375044745088132e7,8.641359342239024,4.398613242820158e6,3.6244327244770913e6,774180.5183430598
6609.155935839258,1.0e-5,1641.9447829000312,6750.229446614356,21294.844170001565,1.0e-5,9196.827588574364,1.0e-5,1.0e-5,15816.047223239537,1.0e-5,1.0e-5,1088.1957045840234,Sample 119,4.112241509900633e9,4.615700234110706e9,5.016996587221355e9,1.3060514304313724e9,5.0345872421007323e8,8.752817082440666,1.7612442876293913e7,8.774478079479103,1.631480726687463e7,8.731156085402231,4.3888654776264345e6,3.6399056804578877e6,748959.7971685362
6557.540379353925,1.0e-5,1659.8703412603213,6819.718488439465,21489.198387563116,1.0e-5,9194.054749454703,1.0e-5,1.0e-5,15755.152903264088,1.0e-5,1.0e-5,1098.223254290646,Sample 120,4.1122480973692017e9,4.615683463781487e9,5.016885873047113e9,1.3058401849435368e9,5.0343536641228604e8,8.746805423440453,1.7573991060560934e7,8.789900113505565,1.6326047501654647e7,8.703710733375342,4.406962060965944e6,3.6329858882147325e6,773976.1727512028
6580.43464980921,1.0e-5,1657.6286232446116,6780.663485726222,21326.92586668638,1.0e-5,9188.180363214327,1.0e-5,1.0e-5,15807.244556776162,1.0e-5,1.0e-5,1086.1545620732595,Sample 121,4.1121078345689764e9,4.615677462518562e9,5.016803058352822e9,1.3058208196181047e9,5.035696279495863e8,8.729734471329557,1.7579803426933926e7,8.802065272505779,1.635244740526924e7,8.657403670153327,4.393735553204756e6,3.632825860414142e6,760909.6927906078
6548.819152409774,1.0e-5,1678.9435863367103,6793.515379837564,21393.475429160866,1.0e-5,9163.897766023072,1.0e-5,1.0e-5,15791.774685998875,1.0e-5,1.0e-5,1098.7924962094341,Sample 122,4.1120761026388383e9,4.615673481887748e9,5.016766192967452e9,1.3057828014083183e9,5.035973792489099e8,8.621802275887418,1.7580922377374258e7,8.69413251258139,1.634365533398718e7,8.549472039193448,4.399342601401606e6,3.6332119180468214e6,766130.683354771
6548.998493734603,1.0e-5,1680.024533789609,6792.694066960149,21393.692362764188,1.0e-5,9163.661495732766,1.0e-5,1.0e-5,15792.731949873558,1.0e-5,1.0e-5,1095.4630638815725,Sample 123,4.1120964983234177e9,4.615671791882562e9,5.016767555753226e9,1.3057668213004715e9,5.035752935591443e8,8.718189261751734,1.757667334611303e7,8.790520062927959,1.6346575736042997e7,8.645858460575512,4.398905064517345e6,3.6332060732755447e6,765698.9912417908
6559.358168236175,1.0e-5,1672.6246454388736,6787.798035135678,21373.592257844375,1.0e-5,9172.006195701322,1.0e-5,1.0e-5,15795.851943464513,1.0e-5,1.0e-5,1096.478180292569,Sample 124,4.11208595159347e9,4.615670817466833e9,5.016756239694225e9,1.3057557103281488e9,5.0358486587336296e8,8.476187003948752,1.759322709923664e7,8.498264444486455,1.6333312649088074e7,8.45410956341105,4.397737839132902e6,3.63520216432109e6,762535.6748117965
1.0e-5,1.0e-5,1.0e-5,11391.83452028994,16590.372221234396,6157.408677071738,24366.53588095033,1.0e-5,9351.438553974394,1.0e-5,5503.704855998316,1.0e-5,2487.5766415178236,Sample 125,4.1858527077554083e9,4.852209105423257e9,5.661221076776557e9,2.2843803403744493e9,6.663563976678483e8,20.65195082503676,2.491469001836286e7,20.50963304725898,1.745710793141197e7,20.79426860281454,1.3951443246718962e7,1.0881820850714704e7,3.0696223960042847e6
1.0e-5,1.0e-5,1.0e-5,7394.022173261452,3736.448042565127,4899.677302376245,6269.040752360256,1.0e-5,19342.960602738138,1.0e-5,2756.537488313277,1.0e-5,4664.51072175683,Sample 126,4.1749774701519585e9,4.917065611121878e9,5.969588887658567e9,2.8471346940432982e9,7.420881409699197e8,20.728711245536662,3.4027197425954714e7,20.728711245536676,1.467242757347926e7,20.728711245536676,7.393260803342598e6,5.22445498818113e6,2.1688058151614927e6
1.0e-5,1.0e-5,1.0e-5,9863.04925985218,18441.297681702395,1.0e-5,18174.82306078609,1.0e-5,10566.6045268354,1.0e-5,4392.224077204703,1.0e-5,9273.208180120004,Sample 127,4.0883669859241395e9,4.885869313328674e9,6.022973012225409e9,3.0717097251980042e9,7.975023274045346e8,23.44982971266541,2.8628891333974726e7,22.656888935517784,2.233901175690113e7,24.24277048981308,1.4602227257473849e7,1.0739287774090525e7,3.862939483383323e6
1.0e-5,1.0e-5,1.0e-5,9564.792820088122,17428.751404562525,1.0e-5,15336.891534133678,1.0e-5,4066.1372675974944,7931.590687652938,6663.117295910727,1.0e-5,3008.865780002372,Sample 128,4.106858592746991e9,4.720845825070206e9,5.359710619729116e9,1.8917168216410356e9,6.139872323232147e8,13.232744119302676,2.2051640111975882e7,13.232744119302671,1.9013565244806614e7,13.232744119302671,1.5236521416450733e7,1.3290225809619473e7,1.9462956068312502e6
1.0e-5,1.0e-5,1.0e-5,13187.024309814044,16434.192717286776,753.7079846960889,16100.177564047526,1.0e-5,13920.104449339548,166.91690486221412,1924.021192352711,1.0e-5,3734.3571276004895,Sample 129,4.114447579723651e9,4.663095968119292e9,5.132207514490994e9,1.4868714811390464e9,5.486483883956414e8,10.923769894559971,1.811055635891309e7,10.576141591682422,1.9058143881289672e7,11.271398197437518,7.731805202385513e6,3.8448401137592006e6,3.8869650886263293e6
1.0e-5,1.0e-5,1.0e-5,12878.700176247597,19883.129618022296,1.0e-5,16755.549285700425,1.0e-5,5985.4910131144625,5764.818585019882,4468.136316210066,1.0e-5,2648.8874311921118,Sample 130,4.08745581115611e9,4.65021893745292e9,5.112665222400569e9,1.4876556961921089e9,5.627631262968098e8,10.330456105019955,1.665292790195717e7,10.329676327242176,2.1264772020010713e7,10.331235882797731,1.2251532671613645e7,9.121237856206622e6,3.1302948154070354e6
1.0e-5,1.0e-5,1.0e-5,12753.772344067069,17626.320045544184,1.0e-5,8424.999174391773,1.0e-5,14100.685985285068,668.7848450671448,4312.435116788189,1.0e-5,727.7843058218695,Sample 131,4.075994147995287e9,4.645888063641243e9,5.071691716850941e9,1.4215012220653524e9,5.698939156459562e8,9.711471611216135,2.4750980752395544e7,9.37989360554506,1.4430544058591474e7,10.043049616887211,1.1248633382350478e7,8.347308230548716e6,2.9013251518017743e6
1.0e-5,1.0e-5,1.0e-5,13839.630546077731,18019.109276893076,1.0e-5,11413.329892037244,1.0e-5,8250.707254033507,5317.491636552616,3269.4964627990635,1.0e-5,3680.124683694144,Sample 132,4.05348106653388e9,4.648090263981958e9,5.108533245315486e9,1.5154951601151335e9,5.946091974480782e8,10.166990557865995,1.6433920400319312e7,10.166990557865995,2.394781154614683e7,10.166990557865995,1.0881274891147807e7,7.178630384344276e6,3.70264450680357e6
1.0e-5,1254.6568699688162,1.0e-5,13154.991000662458,18160.357868249826,1.0e-5,12539.4916798293,1.0e-5,12582.534311863927,2186.8023323406533,2616.3285461398505,1.0e-5,1.0e-5,Sample 133,4.097820091806163e9,4.635198554894482e9,5.057269511883189e9,1.381520377065735e9,5.373784630883186e8,9.283125000000002,1.7640391436770312e7,9.27430555555556,1.9111177927690946e7,9.291944444444447,8.41276770464771e6,4.952131119258308e6,3.460636585389428e6
1.0e-5,8144.399990230997,1.0e-5,5407.509768563401,15717.717851464906,1.0e-5,11395.719486859593,1.0e-5,4096.157210655078,10983.281314177382,2454.630517614657,1.0e-5,1695.7660314195045,Sample 134,4.1017058664856753e9,4.73940175167716e9,5.409586144876051e9,1.978064671589268e9,6.376958851914845e8,13.589685089750052,1.3549855309243022e7,17.95296393085486,2.8436260208802704e7,9.22640624864525,8.630838890521681e6,5.204081079359721e6,3.4267578111619847e6
1.0e-5,1936.8280146976936,1.0e-5,10641.6136109205,15196.753107824812,1.0e-5,10346.75855733282,1.0e-5,5091.198226823377,11132.658124706197,2491.1235761761245,1.0e-5,1442.0388021688607,Sample 135,4.1017818758294e9,4.65145382143252e9,5.14671726172423e9,1.5401988261865416e9,5.496719456031194e8,10.763600132724225,1.0528630821747959e7,12.434657880571315,2.677216151061527e7,9.092542384877135,7.66090479544182e6,4.675091562340335e6,2.9858132331014816e6
1.0e-5,1073.9580291714494,1.0e-5,12313.913936157387,18295.766958872282,1.0e-5,12201.22887955196,1.0e-5,4610.130271184912,10019.099043705071,2765.3283395632616,1.0e-5,1526.0715810483673,Sample 136,4.101963537573898e9,4.632028075908626e9,5.080471153325674e9,1.426950693168826e9,5.3006453833472735e8,9.410441797941605,1.0087268031799749e7,9.959456579500102,2.5709738821989905e7,8.86142701638311,8.404676425171562e6,5.20237960228432e6,3.2022968228872353e6
1.0e-5,1481.8853581134313,1.0e-5,11264.456693136512,17379.51442399765,1.0e-5,10237.924548285218,1.0e-5,5457.382520096515,9812.493329795436,2947.235786959521,1.0e-5,1467.5434106019857,Sample 137,4.0960202192338395e9,4.622305790872035e9,5.033577607388351e9,1.3488292046708274e9,5.262855716381952e8,9.555757252236926,1.0798267814638281e7,9.654783047763077,2.515886575974089e7,9.456731456710777,8.565520788743038e6,5.550606067738781e6,3.0149147210042705e6
1.0e-5,1583.6293560618758,1.0e-5,12046.60714411931,15460.188669854691,1.0e-5,12087.997238205327,1.0e-5,8822.321909214745,8150.318444059221,372.6958551526381,1.0e-5,1693.9362784577877,Sample 138,4.114353189516361e9,4.627204362071966e9,5.047403797625944e9,1.3532500436635606e9,5.1285117255560523e8,9.452696329090527,7.015888809831614e6,9.452696329090532,2.820123650828714e7,9.452696329090532,4.503874891851088e6,677558.4783166099,3.826316413534482e6
1.0e-5,1846.0375521331157,1.0e-5,11813.942170903394,18927.320788977002,1.0e-5,10982.616529621868,1.0e-5,6430.740006811593,8334.323336663247,2516.2002864711044,1.0e-5,1344.3933172664802,Sample 139,4.096807740863682e9,4.619637188068831e9,5.0281434202321615e9,1.339841911531811e9,5.228294472051496e8,8.927054800252051,1.0457350737182857e7,8.927054800252051,2.5033908128329717e7,8.927054800252051,8.132230523549711e6,4.776656059109556e6,3.355574464440149e6
1.0e-5,1.0e-5,1.0e-5,13342.483520559621,18407.299176674976,1.0e-5,10086.516970629458,1.0e-5,6886.228044923377,9055.062229840109,2174.8443354002757,1.0e-5,285.22189248363725,Sample 140,4.108818787632874e9,4.6223815916223135e9,5.033831898788985e9,1.3364634183227818e9,5.135628039894396e8,9.046323431632015,9.257494364933783e6,9.046764515437939,2.5666292440343753e7,9.04588234782609,7.037319304320292e6,3.794877347475197e6,3.2424419568451005e6
1.0e-5,1752.161102975427,1.0e-5,12298.722849008644,18959.285864364163,1.0e-5,11699.796291636412,1.0e-5,6964.077983305491,8648.139554257657,1200.7128497794865,1.0e-5,1095.3206770948407,Sample 141,4.1169269091927958e9,4.620126719434584e9,5.031343441838505e9,1.3256332550496297e9,5.0319981024178815e8,9.0457356805083,7.116851733323401e6,9.19501483667297,2.6922122597218078e7,8.896456524343629,5.83029395745416e6,2.1597271173309614e6,3.670566840123181e6
1.0e-5,1018.6130243370858,1.0e-5,11894.827831582888,18268.55552086044,1.0e-5,9622.160685160532,1.0e-5,7239.263662781078,8847.371173105783,1679.8827765827668,1.0e-5,1534.8241054114164,Sample 142,4.1125242723337812e9,4.621236745414625e9,5.037657306086327e9,1.3415535944242473e9,5.0871247308084387e8,9.311853596051254,8.539667600349464e6,9.311853596051256,2.5915651258884244e7,9.311853596051256,6.34985135890019e6,2.9950410890873424e6,3.354810269812861e6
1.0e-5,4463.649782566451,1.0e-5,9829.744262070022,18846.522007363634,1.0e-5,9873.78664644332,1.0e-5,7784.899003550174,8152.8503032764,1078.6391764435639,1.0e-5,637.1589060926135,Sample 143,4.1108599807186956e9,4.622092734575197e9,5.030249555186754e9,1.3275463950796137e9,5.1123275385650194e8,8.834415072610794,7.728727944185715e6,8.834454310691031,2.7036605063716363e7,8.834375834530562,5.797032872057085e6,2.0149571568056778e6,3.7820757152514188e6
723.5283249589473,1437.384458236567,1.0e-5,11861.12276434367,19979.337687288975,1.0e-5,11276.804806022297,1.0e-5,5906.004873525791,9084.541961378935,1830.8814650588727,1.0e-5,944.673008932351,Sample 144,4.11226633696494e9,4.617660058152762e9,5.022893923532433e9,1.3158614519471633e9,5.0539372118782204e8,9.170444158664143,1.0071023690171724e7,9.171326326275993,2.404625634632391e7,9.169561991052301,6.877759613692538e6,3.7932502305087857e6,3.0845093831837536e6
105.6457306779862,1442.5689329626143,1.0e-5,12476.715624161561,18440.186849336198,1.0e-5,10069.7347629305,1.0e-5,7863.455048346611,8598.465471108799,756.929020107035,1.0e-5,920.7832718414145,Sample 145,4.112647432115241e9,4.617658751064624e9,5.022716956879688e9,1.3151277305795114e9,5.0501131894938254e8,8.679742727242179,7.075609216643828e6,8.680624894854025,2.722976635775522e7,8.678860559630335,5.115473993729595e6,1.4278960104677978e6,3.6875779832617785e6
1342.4264751231478,1.0e-5,1.0e-5,12266.168173332877,18602.96981111275,1.0e-5,10682.720846065642,1.0e-5,5490.356448112907,10266.192956837636,1587.7788735690626,1.0e-5,1248.5268032687143,Sample 146,4.111810112691807e9,4.616592807415855e9,5.019457591080923e9,1.3105122620541835e9,5.047826947240488e8,8.896440014261712,1.1427712081085697e7,8.897802503759719,2.281581263344215e7,8.895077524763709,6.324698108137047e6,3.7725492135348152e6,2.5521488946022308e6
2063.835056540906,1.0e-5,1.0e-5,11858.049211419218,18467.102851980802,1.0e-5,11103.91766378398,1.0e-5,4950.539462143449,10685.399202521205,1669.6673462942315,1.0e-5,852.8586863345407,Sample 147,4.110534772142578e9,4.616619839181653e9,5.019148247032737e9,1.3111418827412422e9,5.0608506703907496e8,8.921711760470487,1.3367114745147226e7,8.922593928082337,2.104857667828916e7,8.920829592858645,6.498568123798521e6,4.365665079728294e6,2.132903044070232e6
535.0162665223907,1391.6423241603268,1.0e-5,12082.437443098024,19855.804894967183,1.0e-5,10214.136887199435,1.0e-5,6547.34064281229,9098.815793253083,1327.0741444486046,1.0e-5,890.8364365362969,Sample 148,4.1138727838771005e9,4.616680516967922e9,5.020405851254184e9,1.3102584016633453e9,5.028077330908217e8,8.933650984331024,8.7592208104743e6,8.959880374165092,2.5195277997016627e7,8.907421594496954,6.033549818196328e6,2.743075249668178e6,3.2904745685281493e6
1552.7094028974648,238.89699886143703,1.0e-5,12194.927904763688,19108.86221223333,1.0e-5,10820.42327052667,1.0e-5,5358.092606185031,10233.923843903418,1485.798575587512,1.0e-5,1056.0760626904773,Sample 149,4.1115342689751525e9,4.616153511490308e9,5.018422894145164e9,1.309158007824867e9,5.046192425151553e8,8.748071361646712,1.1647195058120433e7,8.799647973703003,2.253916600395868e7,8.696494749590423,6.2609575297335135e6,3.714214016395141e6,2.5467435133383726e6
1703.0215034687537,1.0e-5,1.0e-5,11924.996370512708,19124.87606912711,1.0e-5,10521.727143177288,1.0e-5,4872.874928423492,10639.4953846462,1827.4382072354456,1.0e-5,1055.1779956582427,Sample 150,4.1118836006103935e9,4.615949529054752e9,5.017473605762379e9,1.3071140818596122e9,5.040659284443589e8,9.10024966015543,1.251015113228284e7,9.1983540499895,2.1637116178298593e7,9.002145270321362,6.699423037188601e6,4.407232505345782e6,2.2921905318428045e6
1720.0029821952685,1.0e-5,1.0e-5,12053.87706072802,19303.528037523323,1.0e-5,11007.497701508519,1.0e-5,4911.219710198169,10489.555762751035,1676.6062845111185,1.0e-5,1166.9092195847923,Sample 151,4.113325269365127e9,4.615789354531827e9,5.0177833127002125e9,1.3064520015034707e9,5.024640851666995e8,8.787018927053142,1.2310490380397446e7,8.788381416551148,2.1680035730492584e7,8.785656437555136,6.513882202165104e6,4.167514922447385e6,2.3463672797177257e6
1779.649433362849,1.0e-5,1.0e-5,11869.46095587413,18610.04384396121,1.0e-5,10584.611147005517,1.0e-5,5195.804497108329,10648.803815701476,1506.291451737971,1.0e-5,1104.5678129770456,Sample 152,4.113423639102767e9,4.615831409094165e9,5.018026941112064e9,1.306798834027197e9,5.024077699913979e8,9.207462133543375,1.2308127477995498e7,9.20834430115522,2.1786242438679475e7,9.206579965931528,6.172846473461076e6,3.8798602612112085e6,2.29298621224986e6
1608.53657722477,1.0e-5,1.0e-5,12110.82155298246,18908.044606963453,1.0e-5,10554.747169883662,1.0e-5,5337.759150893708,10431.939072635168,1529.177094401026,1.0e-5,1024.2392343432316,Sample 153,4.1132379211692104e9,4.615777553771373e9,5.017782257505346e9,1.3065490400701106e9,5.025396326021621e8,8.844753698550727,1.1917360715280065e7,8.845635866162574,2.2148016582285877e7,8.843871530938882,6.223806649385906e6,3.815760316105995e6,2.408046333279898e6
1821.054272930603,1.0e-5,1.0e-5,11910.60583094915,18829.355298694172,1.0e-5,10829.944423843419,1.0e-5,5054.22105373072,10637.292891903167,1521.181414765322,1.0e-5,1136.0840737391025,Sample 154,4.1137015061740303e9,4.615743995270776e9,5.017890080903072e9,1.3063346603613405e9,5.0204248909674513e8,9.06199753461458,1.2344122050051557e7,9.160141162528882,2.168892735256029e7,8.963853906700278,6.230344707238375e6,3.941779481910557e6,2.288565225327816e6
1732.948223567525,1.0e-5,1.0e-5,11940.851730287093,18827.887234748727,1.0e-5,10588.324659891568,1.0e-5,5135.425419131354,10602.692534359194,1561.6406163202346,1.0e-5,1115.9602944303435,Sample 155,4.113084567575097e9,4.615705725641199e9,5.017374848725889e9,1.3059594042354817e9,5.0262115806610227e8,8.905397072211723,1.222842072055243e7,8.906279239823565,2.1850382385054536e7,8.904514904599875,6.278179868354866e6,3.9549221566864294e6,2.323257711668426e6
1762.5300260813951,1.0e-5,1.0e-5,11963.216576500861,18840.086923605777,1.0e-5,10762.734093966292,1.0e-5,5151.9245686128825,10572.16213734128,1497.7399447386279,1.0e-5,1136.0798280565523,Sample 156,4.11371438601597e9,4.615693017825965e9,5.017675628559053e9,1.3059438532761722e9,5.0197863180999464e8,9.096415231548002,1.220889422239177e7,9.145908510270958,2.1817630765851147e7,9.046921952825043,6.190684581859275e6,3.8636492949646106e6,2.3270352868946735e6
1777.310749635841,1.0e-5,1.0e-5,11930.92540614662,18801.025139952442,1.0e-5,10672.22533609178,1.0e-5,5122.925342047787,10616.44375494386,1530.7516882099487,1.0e-5,1113.4159589512644,Sample 157,4.113246379122251e9,4.615689079516386e9,5.017427365532805e9,1.305919272426974e9,5.024427003941347e8,8.860685742281037,1.2291809036837133e7,8.861567909892882,2.1778713912100747e7,8.859803574669188,6.23672197385177e6,3.929697116164507e6,2.307024857687261e6
1748.9923891882786,1.0e-5,1.0e-5,11951.687486936491,18828.407815224968,1.0e-5,10677.330902150743,1.0e-5,5138.51620222642,10596.144048038906,1518.772538341302,1.0e-5,1143.099005877625,Sample 158,4.1133990343284917e9,4.615679680984774e9,5.017460935241017e9,1.30584315516877e9,5.0228064665628237e8,8.80097750966184,1.221186210328665e7,8.801898915353922,2.1838849720811658e7,8.800056103969757,6.219910728486982e6,3.892293347973297e6,2.327617380513682e6
1753.9875623155367,1.0e-5,1.0e-5,11954.403790288296,18904.462025432975,1.0e-5,10710.780450402954,1.0e-5,5089.815014985587,10592.794753650604,1550.9722328091248,1.0e-5,1140.8429371791703,Sample 159,4.113355615148892e9,4.615675739958098e9,5.017412568372124e9,1.3057937816372573e9,5.023201248092061e8,8.75363438725058,1.225510477476984e7,8.754555792942664,2.1787792576472785e7,8.752712981558503,6.275903997485757e6,3.953445317353189e6,2.3224586801325656e6
1734.6439953759975,1.0e-5,1.0e-5,11964.466212559717,18991.824797892223,1.0e-5,10680.957461293772,1.0e-5,5052.718010959332,10582.362030997523,1602.4121755375686,1.0e-5,1129.6555514179008,Sample 160,4.1131341871240997e9,4.615676981383793e9,5.017298039816541e9,1.3057849111251888e9,5.025427942596929e8,9.093020152454015,1.228184463554622e7,9.191163780368322,2.1765814282221485e7,8.994876524539709,6.35776822269214e6,4.032344052491964e6,2.3254241702001756e6
1704.611146032258,1.0e-5,1.0e-5,12003.88470234123,18965.541769615473,1.0e-5,10681.131231349313,1.0e-5,5131.650969319058,10541.964314918976,1557.3601104290753,1.0e-5,1130.9759999747653,Sample 161,4.113356131893996e9,4.61567151745695e9,5.017394149176372e9,1.305760649001797e9,5.023153855629546e8,8.859788556836802,1.213624929780509e7,8.860709962528883,2.1897249585216075e7,8.858867151144718,6.285714075366861e6,3.9336471056496957e6,2.352066969717167e6
1.0e-5,1.0e-5,9900.119246854889,1.0e-5,22485.08422343647,1.0e-5,8234.438059046492,1.0e-5,1.0e-5,11030.286618565828,6516.663260325885,1.0e-5,4911.800127007032,Sample 162,4.015656903471138e9,4.725550382743347e9,5.484033553883975e9,2.2268598215534654e9,7.09893479272209e8,15.152745360638525,3.404714124550979e7,15.152745360638534,1.233783597605941e7,15.152745360638534,1.7527304757603467e7,1.7527304727051906e7,0.03055158499999999
1.0e-5,1.0e-5,11418.373018131204,1.0e-5,19606.46390491403,1.0e-5,6694.737538483129,1.0e-5,1.0e-5,13102.63615521286,5596.266139598625,1.0e-5,3092.2304422014404,Sample 163,4.0264011290487294e9,4.650650915015362e9,5.105985579023743e9,1.5349191139833944e9,6.242497859666325e8,12.602781564377233,2.8972508657199368e7,12.602781564377228,1.3533235415698145e7,12.602781564377228,1.494217100373421e7,1.4942170974911226e7,0.028822994999999973
1.0e-5,1.0e-5,12080.047220926439,1.0e-5,15113.007234259494,1.0e-5,12865.273895700926,1.0e-5,1.0e-5,14789.89464281354,1642.0617040035477,1.0e-5,6754.344882799667,Sample 164,4.0694306686462865e9,4.676347341765648e9,5.209481080136856e9,1.673184149861778e9,6.06916673119361e8,12.881171923125391,2.549637732311912e7,12.90024940894771,1.5762199339905346e7,12.862094437303098,8.0763555956823835e6,8.076355561839478e6,0.03384291499999998
1.0e-5,1.0e-5,12569.057732478233,1.0e-5,19593.62991016272,1.0e-5,9857.863737808251,1.0e-5,1.0e-5,12959.717040079626,4157.1554230171505,1.0e-5,3933.3499873405667,Sample 165,4.036502117144349e9,4.637543285267594e9,5.088186688309306e9,1.5023279742066696e9,6.010411681232449e8,9.995535628229364,2.783420770151556e7,9.995535628229371,1.2808204612939803e7,9.995535628229371,1.2533399490618551e7,1.2533399460018456e7,0.030600119999999953
1.0e-5,1.0e-5,11626.111093150179,1.0e-5,22121.966847264954,1.0e-5,13745.528638492573,1.0e-5,1.0e-5,10956.903070933893,6662.744081063118,1.0e-5,891.244241321453,Sample 166,4.0736246569071817e9,4.658674822665022e9,5.148642882482185e9,1.5649862853921676e9,5.8505016575784e8,10.745646123923548,2.8661286428948417e7,10.743936790590219,1.0530113187177993e7,10.747355457256882,1.5548580666762158e7,1.554858064082355e7,0.025938619999999992
1.0e-5,1.0e-5,11878.833715932758,1.0e-5,15658.51466649894,1254.4476688812904,7492.806333944498,1.0e-5,1.0e-5,15504.419502754741,4503.701059184722,1.0e-5,160.4791854678938,Sample 167,4.0802863756128187e9,4.644298623203224e9,5.0786684010861635e9,1.4327518033562832e9,5.640122475904058e8,10.458393319890787,2.2963348686671283e7,10.481941156479731,1.5859914397366045e7,10.434845483301832,1.0981315963769963e7,1.0981315940237697e7,0.023532279999999985
1.0e-5,1.0e-5,11830.441718090224,1.0e-5,17799.331135987508,1.0e-5,9274.01128321242,1.0e-5,1.0e-5,15231.643918226131,3437.550419883724,1.0e-5,1886.8646498060893,Sample 168,4.0978083436608477e9,4.629276278407269e9,5.054916766396989e9,1.3827489107258606e9,5.31467934746421e8,10.084021566267593,2.1154151400072508e7,10.09232299978996,1.4951822061733348e7,10.075720132745221,9.138247244633984e6,9.138247219126973e6,0.025507024999999968
1.0e-5,1.0e-5,13352.45038575512,1.0e-5,20321.94756477571,1.0e-5,11286.769432891591,1.0e-5,1.0e-5,13342.085873861502,4542.457690566705,1.0e-5,202.76512385822375,Sample 169,4.0788522946592207e9,4.630095082698341e9,5.050977324882682e9,1.393007272407803e9,5.512427880391202e8,9.50773666162571,2.50504672995844e7,9.507736661625712,1.238205506397905e7,9.507736661625712,1.1594315984849947e7,1.1594315959278025e7,0.025571939999999998
1.0e-5,1.0e-5,13267.343975160971,1.0e-5,19739.38679869362,1.0e-5,13517.065557286647,1.0e-5,1.0e-5,13914.707977282791,2711.9640274389517,1.0e-5,2163.3217672032124,Sample 170,4.1097076494156694e9,4.628216416615379e9,5.048459460328099e9,1.3589948546251488e9,5.1850876719971013e8,9.670703046838899,2.2321870020344757e7,9.670008602394457,1.2551446352111444e7,9.671397491283345,8.411601471929006e6,8.411601445042603e6,0.026886404999999967
1.0e-5,1.0e-5,13076.738559679417,1.0e-5,20366.42299211081,1.0e-5,8571.84453148691,1.0e-5,1.0e-5,14808.118811915781,3018.5845648051827,1.0e-5,1275.3527303926126,Sample 171,4.0904996837125845e9,4.622073009181911e9,5.028594352793778e9,1.3446160126930623e9,5.315733254693269e8,9.217995413778619,2.2451619919838365e7,9.218999010712034,1.345457010664511e7,9.216991816845203,8.859481002053611e6,8.859480975595867e6,0.02645775499999999
1.0e-5,5286.296749851638,7718.996220584268,1.0e-5,14038.959159373719,1.0e-5,10485.120731433632,1.0e-5,1.0e-5,16387.108182072057,2030.7856431705611,1.0e-5,1760.808873153533,Sample 172,4.1011552283926096e9,4.643631347220169e9,5.059621568110611e9,1.3744565606084435e9,5.424761188275591e8,9.182373257676959,1.0013825082673745e7,9.421558263936154,2.7707042103505746e7,8.943188251417773,7.435368383462385e6,5.208913926015001e6,2.2264544574473915e6
1.0e-5,3132.8492863621454,9980.025740915911,1.0e-5,15527.23613313233,1.0e-5,10035.87219002162,1.0e-5,2027.7162432655857,14588.473912506573,1800.4445871196713,1.0e-5,977.0409711576322,Sample 173,4.1095620826447296e9,4.627868811284265e9,5.035677204181248e9,1.3339235144335022e9,5.183067286395346e8,9.292810413190507,1.1727802498976229e7,9.293504857634952,2.4027656792966627e7,9.29211596874606,6.579238656613555e6,4.781002319785776e6,1.7982363368277794e6
1.0e-5,1821.6259663141468,11195.81021464668,1.0e-5,17842.240349929183,1.0e-5,9677.497111062574,1.0e-5,1.0e-5,16186.891216181657,1689.9675918318399,1.0e-5,1361.8430075218723,Sample 174,4.1148833669598856e9,4.620996693160375e9,5.030251862684286e9,1.324623665248311e9,5.0611332620048904e8,9.262351096639364,1.3627899441396162e7,9.316137406595256,2.0775310815908328e7,9.208564786683468,6.340883781778334e6,5.190032311584182e6,1.1508514701941505e6
1.0e-5,1709.0814234854922,12091.499346356293,1.0e-5,19203.308983687,1.0e-5,10421.181396001772,1.0e-5,1.0e-5,15413.823561436342,2048.0882168816333,1.0e-5,584.2092491373683,Sample 175,4.108822663441464e9,4.61898585539741e9,5.024488475184503e9,1.3211684315301306e9,5.101631919559467e8,8.886470232136109,1.5222943883888314e7,8.898837513169507,1.9378653080379076e7,8.874102951102712,7.0931035146256145e6,5.985237182919839e6,1.107866331705771e6
1.0e-5,1302.3151022033628,12506.317917118251,1.0e-5,18868.099152795738,1.0e-5,10474.646141199819,1.0e-5,1.0e-5,15945.156710246172,1253.9166620247254,1.0e-5,1114.7375990009234,Sample 176,4.113164888343399e9,4.617138475427907e9,5.020675259599033e9,1.3110471554267612e9,5.039735870845076e8,8.836236466456628,1.5367835753791329e7,8.869905492123506,1.878034687131971e7,8.802567440789755,5.849957446435787e6,4.938287901115671e6,911669.5453201068
1.0e-5,1393.4492432889333,8106.290950679561,3737.706206423874,19391.219269657566,1.0e-5,8498.172597503002,1.0e-5,1.0e-5,15816.886446358065,2104.4530026874636,1.0e-5,922.6774823261552,Sample 177,4.1072654174886994e9,4.617878718381553e9,5.018543164114411e9,1.3119421923585696e9,5.106133008928529e8,8.908231681516488,9.070105520587146e6,8.92882980546104,2.5531196434337065e7,8.88763355757194,7.081231880859911e6,4.771180379256093e6,2.3100515016038134e6
1.0e-5,936.015369297355,6870.346399181205,5412.837474417904,18757.486590937777,1.0e-5,9690.735492471935,1.0e-5,1.0e-5,15748.287690799645,2132.8424318874545,1.0e-5,1013.650394685967,Sample 178,4.1093221580649014e9,4.616489125294357e9,5.016698317719932e9,1.3075853520806043e9,5.0716696722945565e8,8.905726242806136,8.424754362769522e6,8.919236009661837,2.6002758428236045e7,8.892216475950429,7.037860840346587e6,4.6260742220737105e6,2.4117866182728666e6
1.0e-5,1793.5551911357115,7303.426317316409,4367.9742115773415,19560.357534776565,1.0e-5,9898.761536167496,1.0e-5,1.0e-5,15359.508029568578,2026.068031808537,1.0e-5,1240.6775290364599,Sample 179,4.1100377464173603e9,4.616308446194603e9,5.016958165518974e9,1.3075701384259858e9,5.0627069977724284e8,8.798799967296791,8.240658882618332e6,8.805420723041387,2.599485734430712e7,8.7921792115522,7.046937131650569e6,4.506750169909358e6,2.5401869617412174e6
1.0e-5,1391.456022528008,7569.7262914720695,4352.1309583531665,18840.07188381567,1.0e-5,9407.377726849621,1.0e-5,1.0e-5,15930.046436864723,1757.2685998588054,1.0e-5,1219.3999076246039,Sample 180,4.110423073988515e9,4.616017068083307e9,5.016681408180313e9,1.3069226742888026e9,5.0559399409479266e8,9.274902453518166,8.133360479027582e6,9.299846683973955,2.615049489283502e7,9.249958223062384,6.521636501823135e6,4.1092749232111126e6,2.4123615786120147e6
1.0e-5,1462.8176859843584,6913.2509665009,4959.264693629959,18661.373285091442,1.0e-5,9907.58629708673,1.0e-5,1.0e-5,15765.603480430576,1922.0099857673845,1.0e-5,1158.8694041934275,Sample 181,4.1101464176217146e9,4.615871875245591e9,5.016277389206032e9,1.3065364855447583e9,5.0572545762387615e8,8.830033942764127,8.152407757543239e6,8.845805901113213,2.617692961609853e7,8.814261984415038,6.769588475549318e6,4.320571126866124e6,2.4490173486831873e6
1.0e-5,1205.0661993354718,8054.466752350036,4182.459364758971,19095.5713807714,1.0e-5,9861.41477547556,1.0e-5,1.0e-5,15762.33769442033,1768.4555571496985,1.0e-5,1140.6557233878013,Sample 182,4.111378147575041e9,4.615807617481388e9,5.016699119656305e9,1.3062124742561824e9,5.044294699063468e8,8.793603184078979,8.422405827269098e6,8.808085173156899,2.5741194389795415e7,8.77912119500105,6.553998470564684e6,4.1727155625778893e6,2.3812829079867783e6
1.0e-5,1548.1435624990363,7969.405623419035,3947.024238951995,18915.660839466294,1.0e-5,9903.782331501054,1.0e-5,1.0e-5,15787.03794699675,1762.4370137688472,1.0e-5,1096.0336852342004,Sample 183,4.11129441744329e9,4.615744002019017e9,5.016507216676863e9,1.3059760138914175e9,5.044495845757266e8,8.876079370237346,8.373582216052456e6,8.895191197437518,2.5827717777309988e7,8.856967543037182,6.5487166665766975e6,4.1569469454503404e6,2.3917697211263683e6
1.0e-5,1283.413702036734,7046.867286145844,5000.043183050689,18760.03617675502,1.0e-5,9793.814146335122,1.0e-5,1.0e-5,15815.858263227343,1883.828531959766,1.0e-5,1126.0850382958947,Sample 184,4.110477352692134e9,4.6157178229271965e9,5.016067228578254e9,1.3059392815371766e9,5.0524047023506284e8,9.302187893089693,8.099130717068824e6,9.319636958412103,2.61797179956589e7,9.284738827767278,6.694696790386975e6,4.250710957855837e6,2.4439858325311285e6
1.0e-5,1371.2291752318224,7401.619705214157,4620.0652072875555,18876.261473100734,1.0e-5,9868.108533180486,1.0e-5,1.0e-5,15772.646387121244,1848.6875926905461,1.0e-5,1114.7872548205496,Sample 185,4.110807687709477e9,4.615690463829193e9,5.016175209940481e9,1.3058522683422918e9,5.048827761197165e8,8.806642237744175,8.2392594169319775e6,8.822614864944343,2.5997628667718086e7,8.790669610544008,6.66112846707553e6,4.238476561195896e6,2.422651905879632e6
1.0e-5,1367.8200353199695,7207.292906649177,4775.601071864082,18820.046607692304,1.0e-5,9699.857180329163,1.0e-5,1.0e-5,15830.951821135344,1846.8467188477257,1.0e-5,1131.319510802976,Sample 186,4.11044506484955e9,4.615683912708227e9,5.015970923301975e9,1.3058128690461733e9,5.052388478586775e8,8.80816165725688,8.122597834759815e6,8.828636238479312,2.614844131987956e7,8.787687076034452,6.649819458710752e6,4.212807780936059e6,2.4370116777746873e6
1.0e-5,1357.1804753725103,7285.308751247034,4731.078408344667,18843.340283715333,1.0e-5,9814.168897559073,1.0e-5,1.0e-5,15795.41680831389,1855.3462224312975,1.0e-5,1112.2882721474205,Sample 187,4.1106763220197244e9,4.615674813107775e9,5.016068582286537e9,1.305786029445575e9,5.049984910880501e8,8.903177134782611,8.137426872926888e6,8.92056385566058,2.6113417324098714e7,8.885790413904646,6.664636280246171e6,4.224448858474596e6,2.4401874217715827e6
1.0e-5,1378.2975034059205,7341.213903035316,4661.32792243966,18840.528951609405,1.0e-5,9820.448407463466,1.0e-5,1.0e-5,15800.426503274819,1841.0175369614144,1.0e-5,1115.673317616448,Sample 188,4.1107522315743933e9,4.615671452209778e9,5.016092793682192e9,1.3057619035802116e9,5.049192206353849e8,9.295162345893718,8.195009851642733e6,9.312903388993913,2.605012703121611e7,9.277421302793531,6.644845676420966e6,4.216056620967758e6,2.428789055453207e6
1.0e-5,1.0e-5,1.0e-5,17404.225318385626,21885.722075826587,13816.287564315046,1.0e-5,1.0e-5,12937.638114965963,1.0e-5,1.0e-5,1.0e-5,1.0e-5,Sample 189,3.9954278708434415e9,4.88551641135227e9,5.674698437046867e9,2.468452591898024e9,8.900885405088285e8,15.852083333333344,1.0663301980072368e7,15.852083333333345,4.753847755254047e7,15.852083333333345,8.814302393047042e6,0.038784000000000034,8.81430235426305e6
4397.992248523303,1.0e-5,1.0e-5,14335.254742821804,27791.39411316196,13563.130858646055,12534.352498916116,1.0e-5,8204.628595287148,1.0e-5,1.0e-5,1.0e-5,1.0e-5,Sample 190,4.0355417307180624e9,4.752324141035091e9,5.323110014583162e9,1.858354157413172e9,7.167824103170285e8,11.547361111111114,2.677065042936533e7,11.547361111111114,1.9998437269670304e7,11.547361111111114,8.092843996081093e6,4.1330484577934123e6,3.9597955382876787e6
4150.350137974308,1.0e-5,1.0e-5,14481.308436598745,22670.54705524081,6591.819102341001,5559.126456758749,1.0e-5,13209.439152578736,1.0e-5,1.0e-5,1.0e-5,1.0e-5,Sample 191,4.01528747354058e9,4.679807365527289e9,5.141281809641833e9,1.587468780215797e9,6.645198919867092e8,10.024166666666671,2.8916653976812124e7,10.02416666666667,1.5603140895441957e7,10.02416666666667,7.024825077167176e6,3.7296253267022925e6,3.2951997504648827e6
1.0e-5,1.0e-5,1.0e-5,11571.114749168406,6697.40689825475,6088.2998319676735,1734.3684645814699,1.0e-5,21266.405153727876,1.0e-5,1.0e-5,1.0e-5,1.0e-5,Sample 192,4.1418153969072156e9,4.759281599075735e9,5.378512753238939e9,1.8559285104949286e9,6.174662021685193e8,12.512222222222219,2.2896234657733783e7,12.512222222222224,1.946597459976486e7,12.512222222222224,3.714401381192903e6,0.026558924999999983,3.714401354633975e6
562.9404208465932,1.0e-5,1.0e-5,15474.55589682984,14010.091243951114,9572.775892295193,14713.941501745254,1.0e-5,14371.085454942753,1.0e-5,1.0e-5,1.0e-5,1.0e-5,Sample 193,4.146439410316701e9,4.686347212964969e9,5.149097151574006e9,1.4654076798663428e9,5.399078026482681e8,9.80020833333334,1.3867565548397686e7,9.799861111111118,2.2148006522719108e7,9.800555555555563,4.945797666719563e6,496728.5047477963,4.449069161971757e6
11678.30503266476,1.0e-5,1.0e-5,3098.6409969116175,15452.998623881811,3209.672856091043,5710.2875747464095,1.0e-5,16982.32142580888,1.0e-5,1.0e-5,1.0e-5,1.0e-5,Sample 194,4.1044005140053325e9,4.691015328133883e9,5.185432384640342e9,1.5754489271414678e9,5.86614814128551e8,10.733750000000002,3.867321856494402e7,10.610138888888889,1.396440146008097e6,10.857361111111114,4.907447314175338e6,4.620791373000489e6,286655.94117484527
2695.005325688304,1.0e-5,1.0e-5,12469.360707497099,22509.04745140136,638.0707220284108,7852.249945609551,1.0e-5,15976.534988298721,1.0e-5,1.0e-5,1.0e-5,1.0e-5,Sample 195,4.1149694702285504e9,4.642980916714041e9,5.094130248183035e9,1.4303101094234793e9,5.280114464854906e8,9.761805555555558,2.254137324388274e7,9.077500000000002,1.2841816104730174e7,10.446111111111113,4.664802817373635e6,1.9601575426300403e6,2.7046452747435845e6
7225.7689913617805,1.0e-5,1.0e-5,9928.124674030612,22804.29325118931,1150.175493442205,12668.144949630481,1.0e-5,13809.167002907312,1.0e-5,1.0e-5,109.96277086713621,1.0e-5,Sample 196,4.1087134675974164e9,4.644790202024325e9,5.07920488245887e9,1.4049060952959986e9,5.3607673442690873e8,9.352986111111116,3.0943729107348625e7,8.930555555555559,5.063824786704015e6,9.77541666666667,5.377607336178701e6,4.0885315042701224e6,1.2890758319085839e6
4346.458776135874,1.0e-5,1.0e-5,9924.5053079059,19279.979452538268,1282.2346567683999,7779.26266428835,1.0e-5,15293.03202619182,1.0e-5,1.0e-5,2039.9753913823724,1.0e-5,Sample 197,4.095378948466119e9,4.635830897738593e9,5.061908697288674e9,1.3926075483726375e9,5.40451949272474e8,9.307013888888891,2.590128348461893e7,9.232083333333339,1.0739564622650165e7,9.381944444444446,7.726277954080124e6,2.4802215791894104e6,5.246056374890715e6
1710.773237401671,1.0e-5,1.0e-5,13378.55538127537,20908.462550839125,1118.002852706991,11100.229182909881,1.0e-5,14688.021821002207,1.0e-5,1.0e-5,1096.982268527393,780.5571143491173,Sample 198,4.110707850444995e9,4.63020187819245e9,5.048656325368713e9,1.3564029220999808e9,5.194940277474549e8,9.011502296177277,1.855905131239249e7,8.849755518588536,1.6280104395796133e7,9.173249073766021,6.27945754265854e6,1.2715813108993832e6,5.00787623175915e6
4455.229160337167,1.0e-5,1.0e-5,11845.59369030309,21361.057649848222,984.2707756473656,11059.063432076848,1.0e-5,12421.77154319161,2678.3517546292856,1.0e-5,1.0e-5,1.0e-5,Sample 199,4.106299738375214e9,4.626663605353597e9,5.045448542979319e9,1.3579337422298267e9,5.203638669783824e8,9.00291666666667,2.4334450526909247e7,9.002916666666666,1.0657717666553283e7,9.002916666666666,4.733867788289507e6,3.012636943650709e6,1.721230844638779e6
5290.7775389872695,1.0e-5,1.0e-5,8380.118074430162,22433.599004089534,1.0e-5,8794.105483407218,1.0e-5,14276.369375154822,1269.642798540599,1.0e-5,1.0e-5,2259.503781280127,Sample 200,4.1286433527977343e9,4.646837387472964e9,5.132020133172616e9,1.4885595260745327e9,5.181940346752301e8,10.854352420499895,2.7780001974549588e7,10.689539740222644,6.43685897469231e6,11.019165100777151,4.42523981071272e6,3.1615235316298776e6,1.2637162790828235e6
2356.0033023549945,1.0e-5,1.0e-5,11145.937221233286,17649.30282314852,1.0e-5,9638.103091432498,1.0e-5,15181.290028190711,1865.184906491204,1.0e-5,1.0e-5,1810.7164797709254,Sample 201,4.1199631953670216e9,4.629028047830319e9,5.059089328962576e9,1.369187414727809e9,5.09064852463298e8,9.77301679231254,2.1485954806193963e7,9.742890243268228,1.3026120556309903e7,9.803143341356861,3.9951659818597757e6,1.672530626222892e6,2.32263535563687e6
2531.3753896922058,1.0e-5,1.0e-5,11195.948304013053,20989.770568043616,1.0e-5,9390.911975117799,1.0e-5,13001.613233736574,1895.9559008276287,1.0e-5,1746.9511328718497,1696.4997090435627,Sample 202,4.1060013929496827e9,4.623915657741809e9,5.037888160080608e9,1.3458592694697254e9,5.1791426479212606e8,9.459770933123295,1.8908304311928432e7,9.448211255534556,1.5863246443126047e7,9.471330610712041,7.039761842163435e6,1.646943645022781e6,5.392818197140657e6
3296.7933884613612,1.0e-5,1.0e-5,11914.67007003043,20623.7815154821,1.0e-5,11741.747703829735,1.0e-5,12431.742524595316,2799.9517895920335,1.0e-5,105.91762607802178,1702.9687669222492,Sample 203,4.1091812943226724e9,4.622089376094434e9,5.036845135952284e9,1.3424196014874606e9,5.129080817717615e8,8.826916993194706,2.12123973182782e7,8.826527104305818,1.3250345668128908e7,8.827306882083597,4.689662255349215e6,2.338150307896412e6,2.3515119474528013e6
2468.7093734113864,1.0e-5,1.0e-5,12101.98622153363,21628.557068973994,1.0e-5,10425.014237435316,1.0e-5,10073.303513050769,5085.168484703652,1.0e-5,908.579415633289,1044.5371820354683,Sample 204,4.115025538791323e9,4.618091643367949e9,5.024440048707165e9,1.3157629152550592e9,5.0306610457662535e8,8.809391205545055,1.5358708880257882e7,8.809369872211722,1.835883825964375e7,8.80941253887839,5.674043679262456e6,1.69343131232552e6,3.9806123669369346e6
2137.6985603480643,1.0e-5,1.0e-5,11650.653415168887,17967.743377714385,1.0e-5,12046.044230896243,1.0e-5,10723.973404546967,4509.3745444619335,1.0e-5,2125.055644429139,857.9964719965211,Sample 205,4.111446368318532e9,4.62578911931926e9,5.036499228636985e9,1.3357629696361785e9,5.1434275100072736e8,9.31259526187776,1.5271248769198885e7,9.31259526187776,1.9785195671753604e7,9.31259526187776,7.297945232886463e6,1.344829161918071e6,5.953116070968409e6
2653.8329764301507,1.0e-5,1.0e-5,12104.046503802123,20411.11507995375,1.0e-5,11960.051481409113,1.0e-5,9319.976823438625,5780.6421373186095,1.0e-5,1027.9087669489413,836.659138299869,Sample 206,4.1155057632775664e9,4.61848272432702e9,5.024914601094999e9,1.3158407145854137e9,5.0297696104945314e8,8.870065234572571,1.5235728993355975e7,8.870022567905902,1.8658438066036172e7,8.870107901239237,5.79658624768452e6,1.7758694868158728e6,4.02071676086864e6
2584.6284449754817,1.0e-5,1.0e-5,12639.0906438794,21335.33085400598,1.0e-5,11063.828831963512,1.0e-5,8441.764008118307,7150.558274558712,1.0e-5,123.45786427733833,771.7943241808367,Sample 207,4.1169959027288833e9,4.617144359182905e9,5.023150126868131e9,1.312159991824472e9,5.001484564540223e8,8.63926679710145,1.4428423287170663e7,8.639224130434782,1.9155456318649657e7,8.639309463768113,4.522108156996709e6,1.8592866390942698e6,2.6628215179024297e6
3835.6651915686507,1.0e-5,1.0e-5,11088.039826467077,21263.509474886207,1.0e-5,10858.852734413362,1.0e-5,8395.267249489278,6939.175168929108,1.0e-5,514.3098967231482,874.6197471913482,Sample 208,4.117350453135272e9,4.617061840329964e9,5.0221732756854315e9,1.3099342579056268e9,4.997113871946921e8,8.863346087964713,1.735139182509845e7,8.86332475463138,1.6227411007185197e7,8.863367421298047,5.0848371613719305e6,2.446688966382104e6,2.638148194989822e6
2815.3527030644977,1.0e-5,1.0e-5,11801.653078060852,20577.241795960195,1.0e-5,10738.349140114427,1.0e-5,8478.609222897314,7068.800448033111,1.0e-5,693.5217283981787,964.5815286757179,Sample 209,4.116331364693677e9,4.61630354250276e9,5.020123113886829e9,1.3076113205772238e9,4.9997217780908257e8,8.719433828061334,1.4800775702805929e7,8.719433828061334,1.8861763277921747e7,8.719433828061334,5.246163114337672e6,1.8898664253346752e6,3.3562966890029935e6
2248.921296383138,1.0e-5,1.0e-5,12528.987737141788,21637.467348607268,1.0e-5,11079.294928504354,1.0e-5,7746.270240063561,7317.340338128631,1.0e-5,969.6238210478214,762.2916798052128,Sample 210,4.1163563739427123e9,4.616199883275182e9,5.020306021252019e9,1.308055785286145e9,4.9984350933246905e8,8.71385267641252,1.2493428710915513e7,8.713788676412522,2.1025552816743303e7,8.713916676412522,5.71249320663346e6,1.5531127085976806e6,4.15938049803578e6
2783.987930112304,1.0e-5,1.0e-5,12040.71871115579,21455.140268041883,1.0e-5,10503.81186803121,1.0e-5,7877.643932963979,7646.302588150276,1.0e-5,430.0227246610779,892.0343764926129,Sample 211,4.11783542710286e9,4.616011217578729e9,5.020319212635731e9,1.306791780589872e9,4.9817579047586906e8,8.811966279311065,1.4263553799928255e7,8.811944945977732,1.916226457938272e7,8.8119876126444,4.913720194690463e6,1.9169617850114207e6,2.9967584096790464e6
2951.6703970823596,1.0e-5,1.0e-5,11851.249502600673,21669.46359264694,1.0e-5,10841.434075382125,1.0e-5,7691.53029295152,7454.864934304819,1.0e-5,769.3449186433206,899.6602349350603,Sample 212,4.116917203922552e9,4.615899478008673e9,5.019639000815957e9,1.3064613197006896e9,4.989822740861203e8,8.785639492249532,1.444299443163646e7,8.785596825582864,1.901498324236119e7,8.785682158916197,5.446584343484318e6,1.9698737278966438e6,3.4767106155876657e6
2653.2896279171828,1.0e-5,1.0e-5,11862.528202399637,20992.48738485592,1.0e-5,10370.460926451391,1.0e-5,8035.24110259373,7465.491749086944,1.0e-5,780.1923331241265,944.4447458314039,Sample 213,4.1166196477958803e9,4.615842537492866e9,5.019506217317544e9,1.3065502493463418e9,4.992228896969848e8,8.947619328124345,1.3838867076848898e7,8.947619328124349,1.9714441799299322e7,8.947619328124349,5.368360885683391e6,1.7865607297468642e6,3.5818001559365266e6
2890.1620859020627,1.0e-5,1.0e-5,11801.244837516891,21292.02660981186,1.0e-5,10469.956677122149,1.0e-5,7836.388139380973,7594.46886257577,1.0e-5,652.0820384323953,933.51043926122,Sample 214,4.116785572128419e9,4.615737198326554e9,5.019312500504089e9,1.3061022305532055e9,4.989516261981356e8,8.793579105692084,1.4411875018192412e7,8.793579105692084,1.9090931128821727e7,8.793579105692084,5.2289113397651315e6,1.9421642150605195e6,3.286747124704618e6
2629.422002407769,1.0e-5,1.0e-5,12047.775148396417,21215.091161256478,1.0e-5,10602.786673479353,1.0e-5,7861.9271495072935,7550.381639230595,1.0e-5,713.7405842114898,905.0306790609513,Sample 215,4.1166781082330317e9,4.61572562716469e9,5.019228240809257e9,1.3060527462207909e9,4.9904751893165797e8,8.698855663726109,1.3715735564757517e7,8.69885566372611,1.9800703779586583e7,8.69885566372611,5.304458757299556e6,1.790363547711196e6,3.514095209588342e6
2882.957458006543,1.0e-5,1.0e-5,11805.87892555107,20986.94558130127,1.0e-5,10570.04800337382,1.0e-5,7924.05233283834,7616.935928154616,1.0e-5,594.5577704278106,913.8871163969834,Sample 216,4.1170680268359647e9,4.6157216029322e9,5.019377880229238e9,1.3059661306903095e9,4.986535760962357e8,8.86591277437513,1.446684971567619e7,8.865912774375131,1.905536637225175e7,8.865912774375131,5.116821300587907e6,1.940489597109464e6,3.1763317034784453e6
2747.0632017078374,1.0e-5,1.0e-5,11926.107519035351,21195.40999190384,1.0e-5,10588.626505002945,1.0e-5,7852.70597311975,7569.723171166803,1.0e-5,691.097018961729,927.0530052266438,Sample 217,4.1168060854730988e9,4.615688398657644e9,5.019179938917011e9,1.3058653937032802e9,4.9888231318454534e8,8.685947362276833,1.4014008264706949e7,8.685947362276833,1.9493361165685304e7,8.685947362276833,5.273004024212012e6,1.8576655905899636e6,3.41533843362206e6
2793.013645392714,1.0e-5,1.0e-5,11878.669296403194,21193.688868222147,1.0e-5,10555.359715485716,1.0e-5,7832.451948086296,7586.377597061274,1.0e-5,706.992935656227,916.3736125310114,Sample 218,4.1166519483486233e9,4.61567509864763e9,5.019055390999966e9,1.3057837350036783e9,4.990231502990068e8,8.778150312674537,1.4134155987555917e7,8.778150312674535,1.9386453573063564e7,8.778150312674535,5.297365372717734e6,1.8806361021731673e6,3.416729270544572e6
2777.4412020861173,1.0e-5,1.0e-5,11906.15830977301,21215.642419442695,1.0e-5,10579.13454470894,1.0e-5,7822.583643036724,7595.475466422284,1.0e-5,690.3866346866863,916.4259682469243,Sample 219,4.1167854942255464e9,4.615674263958686e9,5.01912449526167e9,1.3057892323391073e9,4.9888876973313975e8,8.780943336693971,1.4078874154935861e7,8.780943336693976,1.9428423334925752e7,8.780943336693976,5.274293956447569e6,1.8747171855227433e6,3.3995767709248285e6
2727.2290283999114,1.0e-5,1.0e-5,11941.748899601991,21197.26731188773,1.0e-5,10549.944916353876,1.0e-5,7838.889846464399,7599.677608713248,1.0e-5,686.6466902029998,918.6764704115178,Sample 220,4.1168083389648056e9,4.615674210902623e9,5.019135751564356e9,1.305788953261284e9,4.988658719378175e8,8.881509540558701,1.3937902561088074e7,8.881509540558701,1.9568945502452385e7,8.881509540558701,5.263764908134175e6,1.8467277053101317e6,3.417037202824035e6
2784.9849381713325,1.0e-5,1.0e-5,11884.881992369188,21137.358217809233,1.0e-5,10543.636859687065,1.0e-5,7856.751716063797,7602.133632608183,1.0e-5,676.103177504314,918.3202208760864,Sample 221,4.116752799777086e9,4.61567162413461e9,5.019091659381458e9,1.3057588948512201e9,4.9891882435752404e8,8.77496417240076,1.4143519892024841e7,8.77496417240076,1.9376550844807323e7,8.77496417240076,5.246111511609812e6,1.8791182359666803e6,3.366993275643125e6
1.0e-5,1.0e-5,3406.9541945180436,7031.299963511519,11282.426388891,6405.889516450606,1.0e-5,208.65988628642683,2094.562506713287,14585.805849852848,5167.54876678831,1.0e-5,1.0e-5,Sample 222,4.0697853202520194e9,4.778660649777339e9,5.477930956890727e9,2.1074159437520957e9,7.088753295253192e8,14.6495138888889,1.9806342505683765e7,15.104444444444443,2.7840158973561216e7,14.19458333333334,1.2792515387620099e7,1.0616272768501122e7,2.1762426191189727e6
1.0e-5,1.0e-5,9655.567806425452,3613.5067072859565,12867.18227365693,9693.062071422473,1.0e-5,6502.645760644886,3107.8084941474967,13507.23662587829,619.1723024636095,1.0e-5,1.0e-5,Sample 223,4.127934598716344e9,4.721629374176231e9,5.302431706252793e9,1.7552994396130126e9,5.936947754598875e8,12.07465277777778,1.6154191431041494e7,12.491249999999999,2.3017409401342638e7,11.658055555555555,5.654259117211139e6,3.779808868233088e6,1.8744502489780602e6
1.0e-5,1.0e-5,7309.564376545922,6206.4166712077495,14516.668007276503,70.30798205822137,1.0e-5,258.84288066889144,1771.5372212379596,17518.207487534084,1422.7029446302474,1.0e-5,1.0e-5,Sample 224,4.027816048561359e9,4.691465266195955e9,5.2298533676071415e9,1.7404254204569685e9,6.636492176345968e8,11.236736111111112,1.7828274531600602e7,13.60069444444445,2.784154924529145e7,8.872777777777774,7.123112407095722e6,5.326012823715076e6,1.7970995833806484e6
1.0e-5,1.0e-5,5766.970265714117,7120.34130496997,14845.710480875086,1.0e-5,1.0e-5,4508.862397849062,3711.3726352233193,14637.472782159879,1885.9262814313815,1.0e-5,1.0e-5,Sample 225,4.0764097582007723e9,4.65377864764284e9,5.099647284088779e9,1.4691061623339465e9,5.773688894420683e8,10.34541666666667,1.2015137034521494e7,10.583333333333332,2.8003163092307154e7,10.107500000000002,6.958651061604468e6,4.616707008295587e6,2.341944053308894e6
1.0e-5,1.0e-5,9662.938929262895,4750.012631585245,21231.618362102327,1.0e-5,1.0e-5,4468.410426084374,453.40239697203674,14605.260448518524,3107.091878967097,1.0e-5,1.0e-5,Sample 226,4.022678346788171e9,4.64635838846871e9,5.083782805877661e9,1.4985288764984407e9,6.236800416805389e8,10.245694444444446,1.771866056527448e7,10.549027777777784,2.4735203665938664e7,9.942361111111115,1.0676299173143305e7,8.445833610421201e6,2.230465562722114e6
1.0e-5,1.0e-5,4736.284214698799,10517.881455360517,21385.685359462033,1.0e-5,1.0e-5,13318.797030023827,5187.365207488331,10073.126404326385,264.0306051611582,1.0e-5,185.27588715568427,Sample 227,4.1167578224633355e9,4.666575336343069e9,5.165322683600178e9,1.5473122083939517e9,5.498175138797337e8,10.535961734089478,6.608032723145317e6,11.461282845200595,2.9992601266612593e7,9.610640622978366,5.126281377464133e6,1.1255028378667405e6,4.0007785395974065e6
1.0e-5,1.0e-5,7086.783944845399,7264.997786522729,18286.07451344878,1.0e-5,1.0e-5,7678.8604536335615,2101.624998164272,14013.192512392328,1013.922918271959,1.0e-5,2518.936170667901,Sample 228,4.059193096947283e9,4.655720356378043e9,5.104426343669879e9,1.4939392340144336e9,5.965272594307604e8,9.66462189434993,1.3313839332767157e7,10.098815947069944,2.717926112844093e7,9.230427841629917,6.810311151689677e6,4.155922501890812e6,2.654388649798861e6
1.0e-5,5080.761718304632,6551.941466172209,3126.405688292775,18142.7208739872,1.0e-5,1985.117541643506,7662.561954376839,2671.0223430530627,13611.58204281422,909.4360175766259,1.0e-5,1.886554393467788,Sample 229,4.105853796559539e9,4.651655503251104e9,5.090472465262358e9,1.423435630714072e9,5.458017066915656e8,9.518541666666662,8.993897575110849e6,10.121527777777779,2.8231659762275584e7,8.915555555555557,5.931229654240274e6,2.9640801724438816e6,2.967149481796384e6
1.0e-5,1.0e-5,4791.606930424523,7386.702357186205,17966.89612519585,1.0e-5,3215.019424377633,7426.2477715707455,1400.7892036291971,13680.30150733703,3437.0449361231395,1.0e-5,963.876199743926,Sample 230,4.10281288356062e9,4.647092257175143e9,5.102736171786538e9,1.4555672028373127e9,5.442793736145235e8,10.68959434362529,1.1547032877424343e7,10.988271655114476,2.5342163805641346e7,10.390917032136112,9.349623520456083e6,6.985505836739852e6,2.3641176837162348e6
1.0e-5,1.0e-5,7766.104940080395,5731.93640569846,15136.681015610218,1.0e-5,5175.660898089636,4108.720680080387,1710.1383668422004,16334.921618666156,709.6630507211459,1.0e-5,1.0e-5,Sample 231,4.10185139437585e9,4.636378295337828e9,5.070192481947794e9,1.4021552741819096e9,5.345269009619776e8,9.784166666666666,1.057231957623099e7,9.909583333333336,2.627175693299779e7,9.658750000000003,4.933745325936153e6,3.0091442109047053e6,1.9246011150314452e6
1.0e-5,1104.6202703904844,6740.86432302772,5856.827383936913,18900.032163349566,1.0e-5,3814.210049062735,4936.1520176289105,1399.053045754877,15037.043752330872,1252.4657931326958,1.0e-5,617.4978645027712,Sample 232,4.104453125848418e9,4.627719529776311e9,5.044962725870417e9,1.3577527961161032e9,5.2326640392789274e8,9.374457980466289,9.105983590943119e6,9.550149769334174,2.6383152682314973e7,9.198766191598402,6.014120708249364e6,3.5405886653575087e6,2.473532042891846e6
1.0e-5,2506.623015475648,7882.976497054447,3338.8008561641077,16551.93008464608,1.0e-5,6387.300406673886,1274.444637506568,1.0e-5,16551.355810205874,2361.1754516901246,1.0e-5,1.0e-5,Sample 233,4.084076852467587e9,4.628237587832792e9,5.035789476852642e9,1.3592645134049063e9,5.441607353652052e8,9.16430555555556,1.147813832771076e7,9.353055555555558,2.606240382055943e7,8.975555555555559,7.812507940339555e6,5.7878426371605145e6,2.0246653031790445e6
1.0e-5,1.0e-5,9383.077621117456,3376.3246921725436,16201.836704183173,1.0e-5,5947.204212363578,1.0e-5,332.5347009891516,18440.57877080047,1.0e-5,1.0e-5,1348.4021938191731,Sample 234,4.101490196886808e9,4.643929250856442e9,5.080107059270477e9,1.414794670797704e9,5.424390539696343e8,10.432390038017228,1.3239682278806172e7,11.39931147784079,2.3764743920531612e7,9.465468598193661,3.9882584436300136e6,2.746675170688847e6,1.2415832729411584e6
1.0e-5,1.0e-5,7969.42869256846,5506.860196668135,17282.578948333045,1.0e-5,5852.147320166492,717.7300167661405,1576.0976901633571,16731.137752573493,1.0e-5,1.0e-5,928.2880217752205,Sample 235,4.104343952000693e9,4.625918893077264e9,5.036391632876074e9,1.3425204206741912e9,5.215749410765709e8,9.22791698361689,9.293145770978369e6,9.292634674228104,2.636523917733933e7,9.163199293005672,3.9482764588784347e6,1.9031000650707732e6,2.0451763938076538e6
1.0e-5,1.0e-5,7788.571587965301,5928.866240166882,17662.129083867752,1.0e-5,7321.6774482194905,1565.5505264790888,1.0e-5,16945.458462902974,1083.5493428260359,1.0e-5,732.6267172549876,Sample 236,4.101370792633549e9,4.621416067637963e9,5.027689737714203e9,1.332592615156892e9,5.20045275004414e8,8.747086235874818,9.797103500112481e6,8.936659057760973,2.568588449609224e7,8.55751341398866,5.607749122203001e6,3.5767469936507195e6,2.0310021285522857e6
1.0e-5,892.9504791494268,7342.480502002982,5380.7282397049385,19645.129213574673,1.0e-5,6989.952376878672,1.0e-5,1.0e-5,16564.610195303107,1592.1681859913733,1.0e-5,288.31899329964176,Sample 237,4.1043100989632754e9,4.62135296741938e9,5.026236913751257e9,1.3268107611198575e9,5.170428684561047e8,8.894836067275786,8.87392359004144e6,8.99781893182105,2.619745087219053e7,8.791853202730518,6.337381380257506e6,4.0076141765294652e6,2.3297672037280374e6
1.0e-5,2142.3022649532923,7033.548504569336,3939.4890611221103,17025.002508212274,1.0e-5,7300.797248843657,1010.8963532585173,428.0146614607395,16560.754935528636,1365.726416993133,1.0e-5,943.5319376849524,Sample 238,4.107755203067232e9,4.621325868596702e9,5.028491186878168e9,1.3279013020924041e9,5.135706655294692e8,9.357340780550306,9.084689425334508e6,9.624089805755098,2.603364226888884e7,9.090591755345516,5.853781631418877e6,3.734151006412517e6,2.119630625006349e6
1.0e-5,1162.9044458466255,8339.75215870839,3939.3748967114343,19274.637835341597,1.0e-5,7386.835604709836,2835.560466600094,1.0e-5,16028.028121257803,1440.1719573611756,1.0e-5,567.644792238669,Sample 239,4.11612648541073e9,4.622753663184741e9,5.046759215113984e9,1.3546382816324973e9,5.066271777740113e8,9.289188591535394,9.076116387940258e6,9.356012845746697,2.5108241481901247e7,9.222364337324095,6.034936274518134e6,3.844689059708783e6,2.1902472148093395e6
1.0e-5,992.9564111143972,8884.203067076924,3605.4617312302394,18338.176787437802,1.0e-5,7935.948326445977,233.92363826592756,42.021365412845995,16825.013471988095,1290.870398645017,1.0e-5,417.7511944468063,Sample 240,4.1077421711227913e9,4.618600983793533e9,5.024652835590059e9,1.3229625162637942e9,5.108588126707424e8,8.930790281873557,9.489132621415768e6,9.060738606007146,2.528016976924317e7,8.800841957739976,5.7601283224568125e6,3.730342306979762e6,2.0297860154770534e6
1.0e-5,1486.711704842085,7140.397179383676,4373.528982395814,18287.6135696943,1.0e-5,7384.458502259623,1.0e-5,1.0e-5,16606.39894491427,1703.3712768683463,1.0e-5,1154.8423684076909,Sample 241,4.1028044066703253e9,4.618136740194832e9,5.018812120835594e9,1.3166830948060327e9,5.153323335245063e8,8.92538094925436,8.964010963243363e6,9.03174149573619,2.6122273222142223e7,8.819020402772528,6.448610258627102e6,4.244063552466263e6,2.204546706160839e6
1.0e-5,1674.4984820894329,7199.24057233467,4786.918659873539,18335.349905863663,1.0e-5,8184.404613969951,1.0e-5,1.0e-5,16643.612926238795,1366.7449440313333,1.0e-5,662.6672561799721,Sample 242,4.104650290041232e9,4.61833909554671e9,5.025274194771051e9,1.3275590039541602e9,5.1368880550547767e8,9.004155296807397,8.915056913022067e6,9.445913617517332,2.6038711512117084e7,8.562396976097459,5.970822799753781e6,3.740304423666165e6,2.230518376087625e6
1.0e-5,1317.5448022131056,7520.054594162681,4811.933295780142,18400.169384490917,1.0e-5,8295.161997338831,1.0e-5,1.0e-5,16734.520407522832,1216.2436009205296,1.0e-5,693.8360980112664,Sample 243,4.1062839067170243e9,4.616500567461448e9,5.017699050277055e9,1.3126136263756363e9,5.102166607444236e8,8.803095131695025,8.743381570805384e6,9.005464075572364,2.598045927497679e7,8.600726187817687,5.720013707857327e6,3.5071682653214405e6,2.212845442535884e6
1.0e-5,1194.1985333983266,7434.326106312618,4814.539647141585,17789.23157122032,1.0e-5,8660.79187466847,1.0e-5,131.86048068275454,16568.6868811106,1470.4863583277643,1.0e-5,710.5514569230497,Sample 244,4.106361828092218e9,4.616589806667862e9,5.016998627673733e9,1.3110456205873854e9,5.1022797857564366e8,8.715780723629493,8.690403817694029e6,8.795356620877973,2.6128008987999372e7,8.636204826381011,6.021640713407466e6,3.7983245701579764e6,2.2233161432494847e6
1.0e-5,514.1607813794059,7861.970336400655,5383.343303712539,19469.14348224981,1.0e-5,7909.834994111203,1.0e-5,186.04443337139517,16699.560781806307,689.5348569893832,1.0e-5,888.8546265448375,Sample 245,4.1101877051153774e9,4.617754564380186e9,5.0202174491855e9,1.3124926288754373e9,5.0756685926480883e8,8.66744033820626,8.431578164463403e6,8.758887742113004,2.5925791222879276e7,8.575992934299522,5.005995214510957e6,2.7099000523935817e6,2.2960951621173793e6
1.0e-5,758.5076290712873,7674.6732960991485,5076.506025392132,18478.098061824825,1.0e-5,8433.656234447386,1.0e-5,229.31673483019574,16752.57856399355,880.2292040886153,1.0e-5,817.4419866073032,Sample 246,4.111848022807767e9,4.616393581315895e9,5.018334609576266e9,1.30842761502887e9,5.045455585081283e8,8.740975472757826,8.492949946070781e6,8.891901302919553,2.5787044848634552e7,8.590049642596094,5.14201096318894e6,2.945242336955577e6,2.1967686262333537e6
1.0e-5,1109.1906402165966,7697.118961339482,4747.018076736588,18899.83618419132,1.0e-5,8485.444255275424,1.0e-5,1.0e-5,16654.711045313543,1156.0966556599615,1.0e-5,706.9092091278727,Sample 247,4.111325593181415e9,4.615972173439775e9,5.017351486487224e9,1.3074052063532555e9,5.046465802583607e8,8.924901147868093,8.39065361895477e6,9.026805457340894,2.5852080205961388e7,8.822996838395301,5.579651368797343e6,3.3371469293920924e6,2.242504439405225e6
1.0e-5,1236.6763068552282,7756.635459078276,4546.6643678535065,18636.91335124043,1.0e-5,8349.065179008418,1.0e-5,28.07052434436559,16705.317137195885,1070.6416769230586,1.0e-5,929.4728174249811,Sample 248,4.1092959184605083e9,4.615935017624443e9,5.01636490571237e9,1.3074988753397875e9,5.066390991639349e8,8.824338056752785,8.502074225328306e6,8.941847531358956,2.591200449355841e7,8.706828582146615,5.49007983836951e6,3.268804694320747e6,2.221275144048754e6
1.0e-5,1520.979597764682,7423.914662726389,4617.245795243077,18640.528823721197,1.0e-5,8569.25727495235,1.0e-5,119.28263250241588,16493.785773680665,1241.0202406769063,1.0e-5,702.0204814512041,Sample 249,4.1107173211995983e9,4.615891987133761e9,5.016799123395986e9,1.3069889384586103e9,5.051746659341634e8,8.845502315984037,8.362255152360794e6,8.976503460743544,2.5966293428064417e7,8.714501171224532,5.704946106510796e6,3.418346730540823e6,2.286599375969965e6
1.0e-5,1377.0558723936147,7589.046179716599,4671.7786372185055,18862.980495255597,1.0e-5,8523.961485557615,1.0e-5,29.67485860202096,16568.325647734175,1169.6382627008502,1.0e-5,720.7593499239579,Sample 250,4.1103977664100175e9,4.61580065869201e9,5.016475723068151e9,1.306753021034274e9,5.054028922819928e8,8.65611983448856,8.414056474391056e6,8.748524467422811,2.589729132936263e7,8.563715201554297,5.630336750621358e6,3.356848222387996e6,2.27348852823334e6
1.0e-5,1288.571385699172,7523.935681928298,4702.061740569379,18160.47233686788,1.0e-5,8722.840971669111,1.0e-5,196.64501094764105,16615.957260729207,1095.289381677024,1.0e-5,808.8781979785689,Sample 251,4.110837058335991e9,4.615877636408859e9,5.016624787260404e9,1.3065348797759578e9,5.050405780728683e8,8.766705595484147,8.537326342651147e6,8.909733009745853,2.583706214395954e7,8.623678181222433,5.459361362866922e6,3.2518425278756698e6,2.207518834991243e6
1.0e-5,1225.2323499594381,7534.576189030566,4747.353764153052,18579.205308802797,1.0e-5,8713.925495586414,1.0e-5,1.0e-5,16605.515748418384,1258.1643126692643,1.0e-5,768.3519540678445,Sample 252,4.110850580202334e9,4.615740766542314e9,5.016298547240431e9,1.3060057477362142e9,5.0489018633997923e8,8.766226904914934,8.376727183419311e6,8.881448062087802,2.5929689999444958e7,8.651005747742074,5.717645073626656e6,3.4749389956535683e6,2.2427060779730915e6
1.0e-5,1334.472749910652,7603.347229473571,4631.882124024631,18515.32665948975,1.0e-5,8623.736755939135,1.0e-5,121.09208236053965,16596.989661316926,1097.0454933842784,1.0e-5,808.4179865146641,Sample 253,4.11083884467675e9,4.615708063109982e9,5.016190965871064e9,1.305835023955396e9,5.048692184332312e8,8.817016157655955,8.435335063748494e6,8.912327240117623,2.587868146760414e7,8.721705075194286,5.493632820335177e6,3.2452793071500557e6,2.248353513185097e6
1.0e-5,1318.122923301066,7566.638442044202,4668.299061538818,18569.360022181667,1.0e-5,8686.028916470192,1.0e-5,63.22976263691656,16586.41843803715,1179.4542059566722,1.0e-5,771.200288359493,Sample 254,4.110944611331725e9,4.6156783927411585e9,5.01620476911936e9,1.305786534165837e9,5.047337814094333e8,8.66674846074354,8.418799697690254e6,8.759128676538543,2.5879840070390143e7,8.574368244948541,5.6098871645860365e6,3.3636825034261136e6,2.2462046611599145e6
1.0e-5,1397.677553744588,7584.2144540481995,4581.151625114166,18589.594676431378,1.0e-5,8692.325729886124,1.0e-5,52.72930402745581,16595.40417274654,1172.432238661542,1.0e-5,743.3450230192184,Sample 255,4.111225971854753e9,4.615686503444457e9,5.016382393873606e9,1.3058523124480028e9,5.044605315897043e8,8.873935913715611,8.390613710563174e6,8.994757796177279,2.588720727840935e7,8.753114031253943,5.599048433501732e6,3.3491670839224714e6,2.249881349579258e6
1.0e-5,1350.9847733611034,7580.720837558727,4627.296004162246,18554.794221784712,1.0e-5,8692.040639470182,1.0e-5,69.48218436761218,16595.149992479684,1160.4487843468694,1.0e-5,762.6647623441797,Sample 256,4.111106975984197e9,4.615673961863775e9,5.016276221880059e9,1.3057715059121459e9,5.0456698587957853e8,8.781330697647553,8.474472891341114e6,8.897909524553665,2.5814570744043835e7,8.664751870741442,5.580393127273243e6,3.345775511573418e6,2.234617615699816e6
1.0e-5,1319.9463514057124,7570.332865228859,4656.564197279064,18513.111287194944,1.0e-5,8684.17687169777,1.0e-5,64.33431212588823,16595.14999350027,1175.3566169078429,1.0e-5,801.4266062577584,Sample 257,4.1106482968258796e9,4.61567269106599e9,5.016040434259415e9,1.3057598806269598e9,5.0502439424011093e8,8.797713680382277,8.476459999284644e6,8.914445285066167,2.584962488029425e7,8.680982075698386,5.606791578816259e6,3.370782122846786e6,2.236009455969471e6
10292.75893028665,1.0e-5,1.0e-5,1.0e-5,1.0e-5,7186.23271071519,1.0e-5,1.0e-5,6874.695097489827,16040.32770163693,1.0e-5,1.0e-5,492.1631974829729,Sample 258,4.1681522678337913e9,4.91094132641761e9,5.81134393379299e9,2.5435942733345785e9,7.427890585838194e8,18.566654131484988,2.7961173304519434e7,19.41735781978576,2.305473014352808e7,17.71595044318421,3.734452177913974e6,3.734452158290657e6,0.019623314999999995
14834.207883701938,1.0e-5,1.0e-5,1.0e-5,13414.13663220928,7723.625998891615,1.0e-5,1.0e-5,4459.358632779711,12677.928968212273,1.0e-5,1.0e-5,1.0e-5,Sample 259,4.065851669006784e9,4.803852860760092e9,5.525958777192258e9,2.18221302461764e9,7.38001191753308e8,14.959722222222224,3.41082039221609e7,14.959722222222227,1.5182411259398688e7,14.959722222222227,6.0647269128103005e6,6.064726888311927e6,0.02449837
13687.591866213848,1.0e-5,1.0e-5,1.0e-5,12864.756817968977,8392.904105611695,6779.905748015425,1.0e-5,1.0e-5,15797.823515844322,1.0e-5,1.0e-5,1371.4536184486014,Sample 260,4.1034989251929073e9,4.731269067359304e9,5.40319645770504e9,1.9716249228578675e9,6.277701421663969e8,14.004541985297212,2.5838538776913736e7,14.637762115521952,1.5571528143636968e7,13.371321855072466,5.149844483615976e6,5.149844463298899e6,0.020317075000000004
11767.117192382695,1.0e-5,2503.2463294667286,1.0e-5,15191.396769183484,1.0e-5,2207.230458321055,1.0e-5,2212.0761852145156,16546.25971509333,1.0e-5,1.0e-5,1.0e-5,Sample 261,4.0534096924463797e9,4.6764764202158575e9,5.18615103862905e9,1.642415964595864e9,6.230667277694778e8,11.337500000000006,2.509491921226298e7,11.376388888888894,1.8133537562041875e7,11.298611111111116,4.8527430589190265e6,4.852743036195135e6,0.02272389
6247.086814398254,1.0e-5,8690.439226990215,1.0e-5,14576.525890842826,6876.495093454375,2694.8380644281983,1.0e-5,2765.5568983380062,13029.931679173405,1.0e-5,1.0e-5,3903.6719781552733,Sample 262,4.038925587441359e9,4.694742758586049e9,5.183470139701748e9,1.6332719333760874e9,6.558171711446903e8,12.20683345725688,3.126738924064622e7,12.206833457256877,1.3136986457432715e7,12.206833457256877,6.113442579497166e6,6.113442548438777e6,0.03105838499999998
10629.494027325592,1.0e-5,3448.7909485863966,1.0e-5,16739.00246028419,1.0e-5,4490.243976946344,1.0e-5,1.0e-5,16033.295774669448,1966.3202448344446,1.0e-5,1732.2981260544182,Sample 263,4.0386954294008675e9,4.653327023875463e9,5.090253720972061e9,1.4884849886677914e9,6.146315944745954e8,9.698447093047681,2.6028943264917273e7,9.768222650703635,1.6548132081635393e7,9.628671535391728,8.758853214631619e6,8.758853190277766e6,0.024353854999999997
6934.919434656884,1.0e-5,8277.521325339905,1.0e-5,14620.0957284287,7720.025083225192,7670.843124592195,1.0e-5,1394.135354676013,14383.60098603762,1.0e-5,1.0e-5,14.373327818145652,Sample 264,4.09431911866213e9,4.650796176830836e9,5.121651153181922e9,1.4981870108708787e9,5.56477058168706e8,10.253930352488975,2.4376212790686347e7,10.257819241377867,1.3044759879036909e7,10.250041463600088,4.916293107936366e6,4.916293082821084e6,0.025115284999999987
1614.543502603921,1.0e-5,11348.628343882512,1.0e-5,11178.332006612527,1350.3320319376046,3701.844295385498,1.0e-5,2096.181132424986,17874.804862808574,270.0812311733788,1.0e-5,715.6308918655194,Sample 265,4.0820851089626107e9,4.654974855707744e9,5.095015079221077e9,1.4529701937717998e9,5.728897467451332e8,10.062049737471122,2.034416418018127e7,10.470221965427438,1.9718986988912363e7,9.653877509514812,4.404140402693642e6,4.404140378427375e6,0.02426625999999998
5272.590923043019,1.0e-5,9348.526897000214,1.0e-5,16520.35555820614,197.13860828171016,4704.615443030357,1.0e-5,1199.100459339125,17028.016562585104,121.43682975230189,1.0e-5,123.47112072880307,Sample 266,4.0800330123714213e9,4.631529154515322e9,5.045525647298747e9,1.3794891277107503e9,5.514961421439006e8,9.25244228542323,2.124308674073069e7,9.377162671245538,1.684266659469089e7,9.127721899600926,4.532269916783446e6,4.532269893046516e6,0.02373692500000001
7862.9527349080545,1.0e-5,5605.22908514158,1.0e-5,17540.443242298505,1.0e-5,6923.800028440985,1.0e-5,1674.9064034906519,15505.245233410076,1.0e-5,1.0e-5,2206.5834726371654,Sample 267,4.102615030862829e9,4.639263167281425e9,5.092791908419777e9,1.4437056186952987e9,5.366481364185962e8,10.948491847889104,2.1090504762443725e7,10.94849184788911,1.543127498313539e7,10.94849184788911,4.24771053975923e6,4.2477105160360085e6,0.02372321999999999
4535.572832583674,1.0e-5,8153.124920884006,1.0e-5,15375.119067844402,1.0e-5,7394.827911130422,1.0e-5,81.08436653251846,16718.187780704768,2239.157358385733,1.0e-5,1278.4659948774986,Sample 268,4.09328712138867e9,4.629607721618376e9,5.036468583582092e9,1.3500423241571383e9,5.363206002297058e8,10.028483343625293,2.0142039385318566e7,10.132074369670239,1.6984175032505874e7,9.924892317580344,7.484169493211654e6,7.484169470184102e6,0.023027559999999996
3538.8329926579854,1.0e-5,9884.497519509163,1.0e-5,18065.365251928175,1.0e-5,5426.306103068586,1.0e-5,236.67699864239253,16581.499189493912,1277.8717219664104,1.0e-5,1856.0078857592769,Sample 269,4.083653826258242e9,4.627053176124757e9,5.03525597500667e9,1.359804947630341e9,5.433993498665144e8,8.774390205208988,2.1364116070016216e7,8.8674608931317,1.576338902407853e7,8.68131951728629,6.337696668355554e6,6.3376966432929095e6,0.025062639999999987
6960.998301026056,1.0e-5,7139.768212101923,1.0e-5,15905.775050117503,1.0e-5,8511.767660109075,1.0e-5,509.88356174022533,16780.145101221573,360.6800072332228,1.0e-5,1026.9210962026555,Sample 270,4.096845321278385e9,4.624297265671425e9,5.03331006152184e9,1.3454775360938706e9,5.2745194439303994e8,8.738074720457888,2.014999802889636e7,8.847755381180429,1.6275692890898665e7,8.628394059735351,4.709437865112583e6,4.709437842234584e6,0.02287799499999999
5292.360803386525,1.0e-5,8510.948748042381,1.0e-5,18408.026647880386,1.0e-5,6964.392652763017,1.0e-5,556.7983075213128,16482.341584223166,396.43446666598,1.0e-5,1310.5465529641228,Sample 271,4.102546814380883e9,4.62042928335405e9,5.026552929374849e9,1.3301297610147667e9,5.1788246897316647e8,9.253367084709096,2.0131765404123776e7,9.301131147826085,1.5174270262957908e7,9.205603021592102,4.746989617920498e6,4.7469895943271145e6,0.02359337999999999
3119.3380857719276,1.0e-5,10353.110754434423,1.0e-5,16451.42768805436,1.0e-5,7147.071272454853,1.0e-5,799.8578230097486,16620.30006371812,1085.8924891379484,1.0e-5,843.129067966562,Sample 272,4.0988488520102344e9,4.620785588610242e9,5.022537203085593e9,1.3254399655507102e9,5.2193673660000765e8,8.83797091774837,1.9635439769686673e7,8.883431298970809,1.6270507461328592e7,8.792510536525944,5.554896619684328e6,5.554896595365625e6,0.024318694999999977
6051.491254037736,1.0e-5,8008.411728845406,1.0e-5,19398.56697650554,1.0e-5,8733.738026364552,1.0e-5,1.0e-5,16183.876304059966,977.4665607861056,1.0e-5,420.64995662525587,Sample 273,4.113210787182371e9,4.621249423627915e9,5.033794224101078e9,1.333128237391871e9,5.0803863644554406e8,9.248488676076457,2.000478150931053e7,9.288275665154382,1.4478030846194321e7,9.208701686998536,5.567775977717188e6,5.5677759549088385e6,0.02280834999999999
4925.760772015696,1.0e-5,9202.662303759802,1.0e-5,18484.168925695238,1.0e-5,8096.798262454976,1.0e-5,349.31812142699187,16819.545218380827,1.0e-5,1.0e-5,907.7424227900997,Sample 274,4.112011660242695e9,4.617886340879192e9,5.022235826495995e9,1.3145736518701015e9,5.058746806364979e8,9.103346490548205,1.9384776158005275e7,9.220199968704053,1.506246369065472e7,8.986493012392362,4.053334279363339e6,4.0533342563769403e6,0.022986394999999986
4435.237534203575,1.0e-5,9445.421264334618,1.0e-5,18634.859432490946,1.0e-5,8352.01630294649,1.0e-5,1.0e-5,16499.289825404237,886.7160520824895,1.0e-5,1026.2349274924868,Sample 275,4.1080849647920523e9,4.617125382714845e9,5.01843658263528e9,1.3116628177636626e9,5.090404179227924e8,8.833993615563957,1.966546391535779e7,8.904834529636636,1.498421515313487e7,8.763152701491286,5.403181471567692e6,5.403181447872165e6,0.023695519999999984
2849.174587308941,1.0e-5,11284.729685309252,1.0e-5,19753.54103163129,1.0e-5,7345.628075799867,1.0e-5,631.8331176776811,16536.153961647266,224.1379003808219,1.0e-5,293.3856766076924,Sample 276,4.1158338093975353e9,4.620801170167291e9,5.031721361131915e9,1.3268077426990051e9,5.04967360769755e8,8.928934658391098,1.9528604507253774e7,8.973176676874608,1.4654046851858366e7,8.884692639907584,4.351146058970928e6,4.351146034487241e6,0.024483679999999987
3802.901357304756,1.0e-5,6466.662187261964,3523.850051693993,17913.12717090878,1.0e-5,7612.090348644061,1.0e-5,635.8345179056512,16735.82819451265,482.94901435978693,1.0e-5,577.806455675234,Sample 277,4.111063627306516e9,4.617142437248182e9,5.02010938914779e9,1.3120127137408805e9,5.060788099416666e8,8.743929351333753,1.4807687332528168e7,8.815628578533921,1.9752688223620575e7,8.672230124133586,4.611351170043046e6,3.6802101814869223e6,931140.9885561122
4285.646624980218,1.0e-5,4841.581209869819,4877.911225983388,18648.974689178925,1.0e-5,7147.353545485207,1.0e-5,531.6231585204218,16640.477402542117,391.174694870715,1.0e-5,799.209377080194,Sample 278,4.107131248851094e9,4.6168581324530525e9,5.017859888638727e9,1.3117303959733088e9,5.097268836019583e8,8.698729770699439,1.5116869885585207e7,8.766569144927539,1.96108705310285e7,8.630890396471331,4.625881666756644e6,3.602272131878472e6,1.0236095348781742e6
4297.5792444880535,1.0e-5,7143.725543314729,2630.6804664459646,18106.719513788124,1.0e-5,8072.92668658636,1.0e-5,400.8607757112687,16693.374770938724,411.2546708237903,1.0e-5,773.3062122069193,Sample 279,4.1087341423900843e9,4.616190643883634e9,5.016614715421525e9,1.3083046445693314e9,5.07456501493549e8,8.595202428103342,1.621103006771762e7,8.680415275992443,1.8428276782732666e7,8.509989580214247,4.620804229298497e6,3.9071332097254135e6,713671.0195730802
4387.197628384834,1.0e-5,3381.670904494068,5920.945924517876,17702.383661198168,1.0e-5,7450.491144176852,1.0e-5,513.6505971823725,16812.813197900305,506.61457547903535,1.0e-5,937.9354207522559,Sample 280,4.107867105425697e9,4.616542617262636e9,5.018212334431333e9,1.3120149461743312e9,5.086755118369394e8,9.117571950682631,1.48298594941536e7,9.359898027557236,1.993771025394535e7,8.875245873808028,4.690351755629334e6,3.6889996397115192e6,1.0013521159178125e6
3874.4237549757677,1.0e-5,6542.5086207567065,3373.557693453947,18212.248311731535,1.0e-5,7780.651980544642,1.0e-5,389.9718522988271,16719.028886197422,569.2258155467097,1.0e-5,830.6802104974709,Sample 281,4.1100188643113694e9,4.615980450190191e9,5.01671093346399e9,1.3074225524264207e9,5.059615858788222e8,8.851760312686412,1.519001880499835e7,8.929380302331442,1.9308089147042062e7,8.774140323041378,4.795603929322005e6,3.8965286716604386e6,899075.2576615626
4240.417126199887,1.0e-5,5918.654992887808,3732.0521431273846,18067.01823931402,1.0e-5,7846.014444357555,1.0e-5,469.76921326489247,16726.911630322247,368.75130785079574,1.0e-5,923.4104856955211,Sample 282,4.1095828355116167e9,4.615822046015193e9,5.016002954427505e9,1.3066010273281996e9,5.0623921050357646e8,8.772795805881119,1.5272167706709484e7,8.85819795223693,1.927176638218095e7,8.687393659525315,4.523068991506964e6,3.630195274628691e6,892873.716878266
4200.260729909242,1.0e-5,5838.281476619256,3777.879365701708,17985.04947333436,1.0e-5,7945.029623892647,1.0e-5,325.8928384370761,16687.35640218011,648.2847266334874,1.0e-5,941.8449193196623,Sample 283,4.1079975190817423e9,4.615788494243514e9,5.014911815727157e9,1.3060376181290576e9,5.077909751617718e8,8.575829623041379,1.5459425517571753e7,8.653615723797527,1.921126501479441e7,8.498043522285238,4.94553873414325e6,4.0673622445614594e6,878176.4895817863
4658.8935616009,1.0e-5,4954.287215090946,4310.708312920063,17982.01645152514,1.0e-5,8025.370994428719,1.0e-5,351.89360650528357,16705.346795074667,495.8990464463844,1.0e-5,915.9540197391333,Sample 284,4.1084220892560096e9,4.615771188780539e9,5.015109788024355e9,1.3060262980121617e9,5.0734909952452856e8,8.746676096576348,1.5509390996479927e7,8.837444500021004,1.9141422133260597e7,8.655907693131697,4.735470016521246e6,3.857939543086722e6,877530.4734345154
4359.4487821395505,1.0e-5,5328.475979454585,4169.843863148134,17843.24146684818,1.0e-5,7949.159673838041,1.0e-5,432.50308980701465,16704.036071752438,504.39502438984897,1.0e-5,932.7040633356324,Sample 285,4.1083672435435343e9,4.615705221454394e9,5.014975452216723e9,1.3058784394355183e9,5.073379779108598e8,8.776194234152488,1.5244483895776164e7,8.855905826002944,1.941900272800441e7,8.696482642302033,4.722769867347961e6,3.8074935906691775e6,915276.2766787803
4223.168670052674,1.0e-5,6468.951457789306,3215.116381505581,18137.71310912869,1.0e-5,8037.318820594337,1.0e-5,327.8364302781635,16697.747027874633,508.3561800320802,1.0e-5,943.1974121636682,Sample 286,4.108997396841593e9,4.615708299581745e9,5.015319959056196e9,1.3059342216890545e9,5.067109027401528e8,8.758901971350555,1.5701858228487998e7,8.83965522986767,1.8865453144933954e7,8.678148712833439,4.750152498616317e6,3.934969046551548e6,815183.4520647717
4346.808941624458,1.0e-5,5945.253529024929,3639.182266694475,18075.875614878965,1.0e-5,8007.844963261959,1.0e-5,382.2535112087608,16695.116331972993,463.1033403622354,1.0e-5,912.1490619219753,Sample 287,4.1089632478842354e9,4.615689657397116e9,5.015258268652024e9,1.3058636320226974e9,5.0672640951288074e8,8.54447984339425,1.5551756259027993e7,8.626043510438985,1.9032410493695848e7,8.462916176349506,4.680110679165846e6,3.8283170719724917e6,851793.6071933509
4154.661699109508,1.0e-5,6393.009063817353,3338.618579119812,18036.11969855811,1.0e-5,8038.194208559329,1.0e-5,363.10005680931766,16698.757681389914,534.9526035491871,1.0e-5,889.0412001491766,Sample 288,4.109077690257597e9,4.615685879906325e9,5.015295130859629e9,1.305826691555336e9,5.0660818964872813e8,8.594580532493174,1.5555511650988685e7,8.676899638521324,1.9022587313521802e7,8.512261426465031,4.771724923954267e6,3.9258218686111425e6,845903.0553431285
4273.898767561715,1.0e-5,6028.592521114302,3602.4340356538337,18061.19847931226,1.0e-5,7993.122738583796,1.0e-5,373.2455288170097,16703.75785207298,487.3163940921983,1.0e-5,918.7558272948122,Sample 289,4.1089356640919685e9,4.615673464023593e9,5.0151850491545925e9,1.3057609701936252e9,5.067377999316243e8,8.791549046796892,1.5438567149423555e7,8.87424674975846,1.9146455338370025e7,8.708851343835331,4.710733667453847e6,3.8393502302641068e6,871383.4371897372
1.0e-5,1.0e-5,1.0e-5,6124.972842379757,9205.461367182923,1.0e-5,16724.088596088295,1.0e-5,1.0e-5,13641.36133244751,8727.341134058737,1.0e-5,3632.0903335996145,Sample 290,4.17234032574239e9,4.94848262897756e9,5.851024173659133e9,2.5812253925983167e9,7.761423032351694e8,17.926454215080874,2.893971677009061e7,17.926454215080877,2.393660697189494e7,17.926454215080877,1.9284455803030655e7,1.8300661454437785e7,983794.3485928692
3478.793642772726,2328.2116972192352,1.0e-5,2767.135049794663,9485.431741099066,1.0e-5,1876.3323844597078,1.0e-5,1.0e-5,18779.886991936393,5255.686127760761,1.0e-5,223.78170097262873,Sample 291,4.098636771536649e9,5.162774375807753e9,6.735468166709416e9,4.20952518607443e9,1.0641376042711037e9,29.034733222264247,4.0379657112140074e7,50.79995661755936,2.598100970347769e7,7.269509826969125,1.3586543933543503e7,1.2655278553023884e7,931265.3805196164
1795.8792468076836,2053.0157959775183,1.0e-5,4855.231819594194,12726.736670957554,1.0e-5,5220.920891205372,1.0e-5,1.0e-5,16400.542264400254,6469.488474173066,1.0e-5,168.06971282988138,Sample 292,4.0958939516767597e9,4.820896202892874e9,5.602589709396412e9,2.2883892642231903e9,7.250022512161138e8,15.557323387439617,2.434028031088886e7,21.37413444289016,2.3755359237513896e7,9.740512331989077,1.3841428608779203e7,1.2686450873309713e7,1.1549777354695054e6
6388.689236934138,1.0e-5,1.0e-5,5126.861952886221,8167.483529969303,1.0e-5,12849.777298691619,1.0e-5,1.0e-5,18644.61885591237,830.0368819161291,1.0e-5,2798.8119848738993,Sample 293,4.1455314091733665e9,4.817188428314897e9,5.54775287994661e9,2.1327859224049585e9,6.716570191415297e8,13.976660298529719,2.353457620493779e7,19.996576824154594,2.1797192378819507e7,7.956743772904852,5.496567316376862e6,5.118609218320365e6,377958.0980564897
4415.334430065485,1.0e-5,1.0e-5,5389.544391750543,11343.559469372445,1.0e-5,7387.526531055677,1.0e-5,1.0e-5,17075.648150088502,3772.9743517260695,1.0e-5,2960.2314587690707,Sample 294,4.0929048720866246e9,4.703930146131037e9,5.324391419627731e9,1.851947821037802e9,6.110252740444123e8,13.107983074060067,1.9577206636873532e7,13.530261011468188,2.2584222727567244e7,12.68570513665197,1.0153257723631155e7,9.592858946902603e6,560398.7767285536
3655.2349367067914,1.0e-5,1.0e-5,7429.157888708369,14496.988716973894,1.0e-5,16153.645381041937,1.0e-5,1.0e-5,14753.448482730751,4319.492261597204,1.0e-5,140.52054976063312,Sample 295,4.1429035556960735e9,4.7404793984471655e9,5.382569400341716e9,1.881755846540194e9,5.975758427510916e8,13.359436576475531,2.0684734880978145e7,15.089992132031094,1.9283278978847105e7,11.628881020919977,1.0323473694123061e7,9.47315533021057e6,850318.3639125042
5076.892797548111,1.0e-5,1.0e-5,6474.285449796843,14297.246442018117,1.0e-5,10007.40727265508,1.0e-5,1.0e-5,16019.073704151435,3737.7584183456424,1.0e-5,460.9065251658958,Sample 296,4.1007219196811376e9,4.656879521041971e9,5.145110254492016e9,1.5326190682609243e9,5.561576013608333e8,10.793118025036762,1.9208871188332357e7,11.015961414030668,1.917377944274353e7,10.570274636042852,9.590913808840964e6,9.05472196684913e6,536191.8419918338
1995.2787853888876,1.0e-5,1.0e-5,9798.533904124693,15682.349496223398,1.0e-5,14554.772418718383,1.0e-5,1.0e-5,13171.653585029344,4156.180077601801,1.0e-5,4747.655736537825,Sample 297,4.0817745441759734e9,4.674079243864532e9,5.188443826604097e9,1.6210338651676893e9,5.923046996885589e8,12.277012416971226,1.8364447747100145e7,13.028377833900443,2.2037115220314566e7,11.525647000042015,1.2304163760847064e7,1.0494823609752866e7,1.8093401510941933e6
5548.8023110549675,1.0e-5,1.0e-5,7130.717716187959,14051.996070886595,1.0e-5,8547.9919689276,1.0e-5,1.0e-5,16261.208340206258,2682.510567691674,1.0e-5,2013.0383609184548,Sample 298,4.074429157784608e9,4.639240081810464e9,5.084406434023319e9,1.455143628451566e9,5.648109240258563e8,10.065741076622562,1.9448812966514375e7,10.721358278890998,1.9766308800242346e7,9.410123874354136,8.74805945333117e6,8.126896657491844e6,621162.79583933
4517.052535979148,1.0e-5,1.0e-5,7629.765486114822,16144.090082244013,1.0e-5,8223.609195660287,1.0e-5,1.0e-5,14629.776595050444,3719.1486731031014,1.0e-5,3508.177154697419,Sample 299,4.049126461098345e9,4.638331952186337e9,5.076867214327177e9,1.4662760153696704e9,5.892054910879928e8,10.308676965049365,2.12031737146476e7,10.315773740936782,1.9432669225686032e7,10.30158018916194,1.1391976565004468e7,1.0459576139847606e7,932400.4251568501
4850.270043864565,1.0e-5,1.0e-5,8242.813072470424,16501.612089126163,1.0e-5,13011.846128527108,1.0e-5,1.0e-5,14275.698638609852,3186.8729239117015,1.0e-5,1949.3285490406524,Sample 300,4.085954484266253e9,4.629980557281873e9,5.058027727769186e9,1.4001204139902465e9,5.440260730156201e8,9.965544397920608,1.9597141827696923e7,10.040730585171186,1.7801848856145017e7,9.89035821067003,9.701662300007373e6,8.865841136683011e6,835821.1633243704
6140.120983103568,1.0e-5,1.0e-5,6927.941382936728,16013.241795740252,1.0e-5,6555.6487669148755,1.0e-5,1.0e-5,16005.127321511343,3322.46883501451,1.0e-5,244.26024793901664,Sample 301,4.06145864456291e9,4.631525064299512e9,5.052664852068134e9,1.4123459952738466e9,5.70066419736602e8,9.790963832451165,2.1086687183980573e7,9.908861844948541,1.850023701078395e7,9.673065819953795,9.8238921035981e6,9.314621024774592e6,509271.0788235057
8611.613462411202,1.0e-5,1.0e-5,5153.082501569526,16105.038612904342,1.0e-5,9365.582214070293,1.0e-5,1.0e-5,15834.406091305453,1910.425906802278,1.0e-5,1092.8380253968794,Sample 302,4.07769103234138e9,4.627752586623682e9,5.048150185703648e9,1.3908567524422317e9,5.50061554282302e8,9.390295872589796,2.1203249993186932e7,9.413218184078978,1.6830388279262125e7,9.367373561100612,7.600997494755945e6,7.336345621800274e6,264651.8729556764
4837.530002615049,1.0e-5,1.0e-5,7659.878165069255,18603.005826070723,1.0e-5,8469.891227976945,1.0e-5,1.0e-5,15146.055302244993,3057.0052005425387,1.0e-5,1437.8767600851172,Sample 303,4.099716451509893e9,4.627368087139802e9,5.0510294722740755e9,1.374974405898457e9,5.276516356299094e8,10.133605605860119,1.8087839839321792e7,10.336853518588534,1.7768878215673015e7,9.9303576931317,8.811228403773317e6,8.025548930391108e6,785679.4733822303
5603.175104698691,1.0e-5,1.0e-5,7934.218350587172,18462.549623046296,1.0e-5,10028.541713391103,1.0e-5,1.0e-5,15190.6546957069,2514.364912612405,1.0e-5,581.0715575622908,Sample 304,4.101931951158957e9,4.626164989568871e9,5.051904327015979e9,1.3757117133041298e9,5.2423303840991336e8,9.02743111020794,1.8692827503642805e7,9.484638327704262,1.695305218268914e7,8.570223892711613,7.99589900024264e6,7.313745857723394e6,682153.1425192531
6079.14333188308,1.0e-5,1.0e-5,7238.107988049026,18262.795421718376,1.0e-5,10114.32342698626,1.0e-5,1.0e-5,15542.050236228177,1562.407246997793,1.0e-5,1972.6284335821442,Sample 305,4.110215420702909e9,4.623507118263363e9,5.044525556402832e9,1.3553285738393927e9,5.13291697560454e8,9.185946175068265,1.757961726454972e7,9.466917622768328,1.7251518997389574e7,8.904974727368202,6.523777231028778e6,5.8583930062693795e6,665384.2247593966
5849.475894398162,1.0e-5,1.0e-5,7328.583876093167,19647.130019747932,1.0e-5,10114.347945587364,1.0e-5,1.0e-5,14768.736877470745,2548.074441735506,1.0e-5,1014.4297628248572,Sample 306,4.106474811896943e9,4.622024028336666e9,5.045816163549665e9,1.363133486865721e9,5.155492164397234e8,9.278512653875236,1.8609531502533864e7,9.279530284099982,1.6246745742081385e7,9.277495023650498,8.048729498486666e6,7.410929043107654e6,637800.4553790126
3933.376822214249,1.0e-5,1826.4173736214616,7574.620543721395,17438.360856890333,1.0e-5,10970.41430506439,1.0e-5,1.0e-5,15095.982782429173,2677.847542751508,1.0e-5,1301.8902657818137,Sample 307,4.098796028391552e9,4.619891221285944e9,5.023648579034619e9,1.328609908391743e9,5.2109519289439243e8,9.263435968956104,1.6635701895358289e7,9.415246722999372,1.9053108033913877e7,9.111625214912834,8.292587264968351e6,7.237575262209951e6,1.0550120027584077e6
4979.755385473617,1.0e-5,1195.8437361031051,7266.81469067747,18102.910062258143,1.0e-5,9475.308603029795,1.0e-5,1.0e-5,15388.8566838064,2210.088876718523,1.0e-5,1518.1076253761585,Sample 308,4.097110352623064e9,4.618200127924882e9,5.019895538984836e9,1.3244805974217248e9,5.210897753018179e8,8.930570764398238,1.741801231810039e7,8.990716020121829,1.8164433225398906e7,8.870425508674648,7.628765995176458e6,6.7797961093134545e6,848969.885862991
7167.476065620343,1.0e-5,642.4887671237863,6761.913814123259,18365.29645042592,1.0e-5,10994.476343202423,1.0e-5,1.0e-5,15758.86882783507,994.1808732584611,1.0e-5,533.5324916868491,Sample 309,4.1093179614740562e9,4.620789883333803e9,5.029255654956782e9,1.3284034651057045e9,5.114719218597465e8,8.905735973303926,1.8550367217279322e7,8.92344547498425,1.637419385968482e7,8.888026471623613,5.73458442336e6,5.222602517534658e6,511981.9058253414
5629.178790151197,1.0e-5,1199.8238695110576,7070.347016362655,18586.974372904082,1.0e-5,10404.795641299304,1.0e-5,1.0e-5,15555.298007635362,1595.8516947968915,1.0e-5,963.2121936608972,Sample 310,4.1098524680964737e9,4.6175804378463335e9,5.021277670469372e9,1.3151224349959362e9,5.0772796974986005e8,8.946058299810968,1.7220351695152804e7,9.1032857205209,1.7349925736010898e7,8.788830879101033,6.5230825269290265e6,5.782950548195789e6,740131.9787332331
4798.442756680629,1.0e-5,1989.5625055056466,6996.859620606303,17999.52013944271,1.0e-5,11419.382598634895,1.0e-5,1.0e-5,15350.81075174128,1845.3720307045228,1.0e-5,1129.4468700875598,Sample 311,4.108334951933143e9,4.617731607728298e9,5.022547931575258e9,1.3190293034890742e9,5.0939665579515487e8,9.172085072379755,1.6602328618209207e7,9.17778185351817,1.814631842700802e7,9.166388291241336,6.909146146885295e6,6.002114435111837e6,907031.7117734584
5207.0169404170065,1.0e-5,1614.1182910403154,6879.26339182536,18584.53840170788,1.0e-5,9566.384684914236,1.0e-5,1.0e-5,15602.629500138166,1911.4365012007947,1.0e-5,850.4783778725263,Sample 312,4.1051696520085874e9,4.616715241884735e9,5.017141856229553e9,1.3123988185657835e9,5.115455898761479e8,8.983882455135479,1.7121264133883756e7,8.996661401260242,1.7755917228676282e7,8.971103509010712,6.995162750523144e6,6.200699678939122e6,794463.0715840227
4725.614750627907,1.0e-5,1772.4164866285012,7053.673899334385,18508.473093694625,1.0e-5,10407.498190656393,1.0e-5,1.0e-5,15428.507909699161,1834.1288091727065,1.0e-5,1391.3386967154995,Sample 313,4.109380923527839e9,4.616758945906146e9,5.019455286865992e9,1.312770704297998e9,5.073780223783068e8,9.253905799411893,1.6294470088895809e7,9.259655851921865,1.8214734888829608e7,9.248155746901912,6.855796593584609e6,5.925497021972051e6,930299.5716125558
5613.579296548447,1.0e-5,1002.4226644956577,7490.279811165129,19490.326400743135,1.0e-5,10826.739433083214,1.0e-5,1.0e-5,15017.833213962498,1707.0322659679155,1.0e-5,1172.436978411863,Sample 314,4.1082326444548206e9,4.616253043716033e9,5.016665319134659e9,1.308844950098462e9,5.0802039926121277e8,8.760425248561225,1.766562329106126e7,8.762435304221803,1.679894260548177e7,8.75841519290065,6.8470476980341e6,6.056212904550025e6,790834.7934840798
4769.388239239418,1.0e-5,2506.2646688096897,6269.446967393497,17177.197110618137,1.0e-5,9688.064653002488,1.0e-5,1.0e-5,16287.696518869163,1475.2518870654046,1.0e-5,1063.9098879232413,Sample 315,4.107466575003965e9,4.616586431829945e9,5.015858247857813e9,1.307663488881716e9,5.091198568259799e8,9.139424801092211,1.5808027452839026e7,9.281920442764122,1.9083045699190207e7,8.996929159420288,6.187830374878967e6,5.316216998544782e6,871613.3763341786
4979.069084440642,1.0e-5,1927.0709829121809,6820.903255051718,18246.219552330156,1.0e-5,10076.58305221488,1.0e-5,1.0e-5,15723.115860113609,1661.3200164088983,1.0e-5,1065.1105553914126,Sample 316,4.108110225263547e9,4.615869879673074e9,5.015296911905956e9,1.3066137188752909e9,5.077596544095265e8,9.066903273387945,1.6482154802592695e7,9.128572276748585,1.8149041026811965e7,9.005234270027307,6.569003346918857e6,5.71279724890213e6,856206.0980167269
5312.061224267878,1.0e-5,1523.42866228186,6995.469145380757,18832.45454318662,1.0e-5,9906.988433798157,1.0e-5,1.0e-5,15564.43236318729,1636.846597035115,1.0e-5,1072.3025386207662,Sample 317,4.1081615840187507e9,4.615909520149767e9,5.015620328381983e9,1.3071695525954485e9,5.0774793613101584e8,9.10200782583491,1.6906287156000372e7,9.206707179962196,1.7639648412727084e7,8.99730847170763,6.593431070768877e6,5.776871427143233e6,816559.6436256462
5004.375417394823,1.0e-5,1817.947791397992,6936.829999094769,18479.821558671218,1.0e-5,9977.93462981613,1.0e-5,1.0e-5,15631.69776694201,1722.877276710035,1.0e-5,1039.7037315713053,Sample 318,4.107394537162193e9,4.615739842353567e9,5.014677316703522e9,1.3062202538912833e9,5.0834530519137436e8,8.825288205923126,1.659746901497316e7,8.834596098172655,1.8047646864887826e7,8.815980313673604,6.689247998313606e6,5.8253117985525755e6,863936.1997610375
5020.664176721198,1.0e-5,1852.4321054873703,6895.274943444194,18384.90514268911,1.0e-5,10065.214565809792,1.0e-5,1.0e-5,15673.831642417088,1651.7996394367733,1.0e-5,1086.612513459989,Sample 319,4.1078706386890726e9,4.615711600619533e9,5.014863598149299e9,1.306144956989992e9,5.078409619304597e8,8.744704666960722,1.6549646238018565e7,8.753987354421342,1.8066956795206252e7,8.73542197950011,6.576195002714345e6,5.718725286072906e6,857469.7166414452
5358.03782903768,1.0e-5,1557.6343330637,6989.605444788473,18751.235043249188,1.0e-5,10122.710185153459,1.0e-5,1.0e-5,15569.68532416544,1574.6369619918007,1.0e-5,1052.5288370951155,Sample 320,4.1084222676593585e9,4.615740049045012e9,5.015166939740513e9,1.3061715627766554e9,5.073177813856538e8,9.005638475068263,1.6928580983396295e7,9.112118179962193,1.7602174277425338e7,8.899158770174337,6.504210769006306e6,5.695138639655644e6,809072.129350659
5160.083688590912,1.0e-5,1665.7132758451974,7003.160946670332,18688.913284355513,1.0e-5,9963.922787216989,1.0e-5,1.0e-5,15582.480755778446,1671.2183017907437,1.0e-5,1053.0540838422946,Sample 321,4.107595449731833e9,4.615694087851065e9,5.014616482704677e9,1.3059434278264556e9,5.080986381192314e8,8.674465883007771,1.6801307299017105e7,8.734443014912841,1.7796173416690934e7,8.614488751102714,6.637752064052754e6,5.800151645564783e6,837600.4184879787
5215.301775015864,1.0e-5,1671.5371301602813,6953.597157708712,18639.94179103003,1.0e-5,9982.800834955613,1.0e-5,1.0e-5,15620.937833799395,1620.133211425203,1.0e-5,1057.0597500622816,Sample 322,4.107887717706878e9,4.615680769328396e9,5.014702206415287e9,1.3058359257952988e9,5.0779305162151814e8,8.70649938546524,1.68338059372496e7,8.741129295148085,1.7748190574029237e7,8.6718694757824,6.555787162858022e6,5.735849213468273e6,819937.9493897485
5122.817261642694,1.0e-5,1704.6012317492157,6984.06181141267,18653.25745361357,1.0e-5,10004.53958154362,1.0e-5,1.0e-5,15585.950708711824,1675.8557627258779,1.0e-5,1060.3063266161985,Sample 323,4.107820962193139e9,4.615677747280904e9,5.014661309029915e9,1.3058239085857878e9,5.0785678508776474e8,9.123344889056925,1.672638848630614e7,9.229824593950854,1.7856792785593167e7,9.016865184162993,6.637027257706614e6,5.790036904243478e6,846990.3534631388
5173.907929051715,1.0e-5,1687.362425087012,6967.363709548778,18648.618815263748,1.0e-5,10012.59458920428,1.0e-5,1.0e-5,15600.126037973068,1645.026463860033,1.0e-5,1058.9560476703132,Sample 324,4.1079325867696776e9,4.615674399519852e9,5.014699277063744e9,1.305791567837959e9,5.0774181275017357e8,8.72794508914094,1.6749115346384987e7,8.737227776601564,1.782693334806448e7,8.718662401680325,6.591956974218921e6,5.752362391447175e6,839594.5827717549
5108.3449634094395,1.0e-5,1768.4315709656007,6924.269280420912,18531.755108869347,1.0e-5,9983.47507623262,1.0e-5,1.0e-5,15648.685761642892,1648.2438033242236,1.0e-5,1053.9669790142002,Sample 325,4.107811472107578e9,4.615678380483466e9,5.014659428406985e9,1.3058290042229278e9,5.078669083758883e8,8.999221701701325,1.6663350708377099e7,9.131099038395297,1.7938760699968394e7,8.867344365007353,6.582593747684438e6,5.73826590084475e6,844327.846839688
5101.931346410668,1.0e-5,1765.9058101499872,6931.340441702884,18550.158700894808,1.0e-5,10015.713645115105,1.0e-5,1.0e-5,15632.214814190647,1654.8852655401079,1.0e-5,1058.2052090611164,Sample 326,4.107945394924408e9,4.615677373952368e9,5.0147211000360775e9,1.3058194311953788e9,5.0773197902795947e8,9.02916976282294,1.6664336750003092e7,9.135674672505779,1.7924219528101213e7,8.922664853140104,6.5930872794046635e6,5.746664593008883e6,846422.6863957847
5186.489866809386,1.0e-5,1726.840070970196,6911.23109989486,18557.205423998636,1.0e-5,9976.148348058647,1.0e-5,1.0e-5,15659.50289486998,1609.3434711963946,1.0e-5,1054.8755941362456,Sample 327,4.1079499640306582e9,4.615673649467062e9,5.014703964705586e9,1.3057843159134526e9,5.077236854364036e8,8.829865781978578,1.6738878658264585e7,8.839173674228102,1.784981754805474e7,8.820557889729049,6.528429092902592e6,5.7027007176738875e6,825728.3752287054
5155.704471470894,1.0e-5,1748.4479135794525,6909.8787011572185,18536.610210971943,1.0e-5,9977.071356024942,1.0e-5,1.0e-5,15661.571277341764,1619.776201114449,1.0e-5,1057.2799123291456,Sample 328,4.107912154327814e9,4.61567140063126e9,5.014673578742102e9,1.30576360252513e9,5.077592463034456e8,8.711837643905323,1.6688846931816136e7,8.743934888006718,1.7904952581947107e7,8.679740399803919,6.541317454846056e6,5.704834230725589e6,836483.224120472
1516.2357306736712,1.0e-5,1.0e-5,23166.028352085446,61360.05927873941,1.0e-5,22674.83183150561,1.0e-5,1.0e-5,1.0e-5,1.0e-5,1.0e-5,1.0e-5,Sample 329,4.097619927119864e9,4.992588536611541e9,5.5906165926360035e9,2.0910247215406024e9,8.949686094916772e8,15.956249999999997,1.4434372454014914e7,19.509722222222223,4.943299110685701e7,12.402777777777775,1.1107160017509256e7,1.668950151888864e6,9.438209865620377e6
19044.992483255504,1.0e-5,1.0e-5,7595.701532187259,58444.98846482121,1.0e-5,11192.75823964924,1.0e-5,1.0e-5,1.0e-5,1.0e-5,1.0e-5,1.0e-5,Sample 330,3.8506868093569717e9,4.965560375965251e9,5.501859583261789e9,2.187471981201358e9,1.114873566608279e9,12.214930555555556,7.244956340320006e7,10.887500000000006,4.403759462928673e6,13.542361111111111,1.4817852323313532e7,1.3944687102105165e7,873165.2212083776
4203.221092195878,1.0e-5,1.0e-5,16652.982863173755,50445.790031441444,1.0e-5,12321.83906158756,1.0e-5,1.0e-5,4900.3861643342425,1.0e-5,1.0e-5,1.0e-5,Sample 331,3.932842492791263e9,4.768161881699744e9,5.326457347070711e9,1.9519103196504152e9,8.35319388908481e8,11.97583333333334,2.379305909777628e7,12.093888888888895,3.1768084132499002e7,11.857777777777784,1.0104045661910955e7,4.414562357971722e6,5.689483303939246e6
4074.5893537758852,1.0e-5,1.0e-5,19774.617446203138,40242.85153309205,1.0e-5,25340.820007403236,1.0e-5,1.0e-5,4649.391782268916,1.0e-5,1.0e-5,1.0e-5,Sample 332,3.9853449950664124e9,4.765580033520188e9,5.344248835402342e9,1.9375726422180834e9,7.802350384537755e8,13.21284722222222,2.320997885919126e7,16.497638888888893,2.845686328167264e7,9.928055555555561,9.118426285403669e6,3.9628211654367e6,5.155605119966972e6
5670.292088747509,1.0e-5,1.0e-5,17970.345087880996,39980.34778468307,1.0e-5,17074.891822599777,1.0e-5,1.0e-5,6351.117394989993,1.0e-5,1.0e-5,1.0e-5,Sample 333,3.96117540627116e9,4.694415835552508e9,5.172275715504747e9,1.6889601891858275e9,7.33240429281348e8,10.470416666666665,2.7748072557010945e7,10.756388888888894,2.11297349744024e7,10.184444444444441,8.930837314719751e6,5.318970300146737e6,3.61186701457303e6
11203.871512817983,1.0e-5,1.0e-5,11442.820438567433,37405.84003107933,1.0e-5,19957.661976641954,1.0e-5,1.0e-5,6343.384726885374,1.0e-5,1.0e-5,1.0e-5,Sample 334,3.983657522366822e9,4.679140625928334e9,5.1345226263307905e9,1.606247104366424e9,6.954831035615121e8,10.016527777777782,3.881887295000696e7,9.986111111111114,7.762992849009793e6,10.046944444444446,8.534935021175088e6,7.629917066562563e6,905017.9546125313
6071.859851171946,1.0e-5,1.0e-5,10965.634905470983,32213.589119787226,1.0e-5,14474.28492500358,1.0e-5,1.0e-5,11401.852031583152,1.0e-5,1.0e-5,622.8193456420543,Sample 335,4.1310377856726146e9,4.64648391394981e9,5.086941995347143e9,1.3963622910718622e9,5.1544612827719563e8,8.968403800651128,1.9788100251793172e7,9.028262206343207,1.3728550003366284e7,8.908545394959043,5.383988579688685e6,3.9167925367697007e6,1.4671960429189806e6
6407.099937418098,1.0e-5,1.0e-5,10820.41513542715,31437.759249666116,1.0e-5,8582.316713447159,1.0e-5,1.0e-5,12121.980821765466,1.0e-5,1.0e-5,1938.2183441936172,Sample 336,4.0710172907527623e9,4.6468760467241e9,5.071330314635061e9,1.424767291793261e9,5.758587559713378e8,8.979708145242599,2.2654278547211606e7,8.973946525519853,1.5247162947466437e7,8.985469764965348,6.174903583714442e6,4.554644751352463e6,1.6202588323619792e6
7658.458939841308,1.0e-5,1.0e-5,9755.697920857827,27885.614604955634,1.0e-5,11324.048487177193,1.0e-5,1.0e-5,13132.746188679874,1.0e-5,1.0e-5,1.0e-5,Sample 337,4.101473478278999e9,4.627489222863925e9,5.042164398136998e9,1.3553660951310735e9,5.260157445849264e8,8.963541666666668,2.2106669737677418e7,9.207361111111114,1.27948891754206e7,8.719722222222224,5.30369505148189e6,4.459329287736154e6,844365.7637457327
7061.902322608716,1.0e-5,1.0e-5,10316.839176337513,27524.329331671514,1.0e-5,14162.19691685977,1.0e-5,1.0e-5,12370.160836480656,1.0e-5,1.0e-5,1056.784831071292,Sample 338,4.1045119432925487e9,4.624236870372055e9,5.034344167446367e9,1.339939521228131e9,5.1972492707950604e8,8.68812311503886,2.1112268594453942e7,8.6811318857803,1.3256526543313505e7,8.69511434429742,5.338022563406863e6,4.277386685977505e6,1.0606358774293582e6
6575.551253101482,1.0e-5,1.0e-5,9053.601306841476,26563.538490387135,1.0e-5,10672.448483242786,1.0e-5,1.0e-5,13822.331530939911,1.0e-5,1.0e-5,1408.6787057552847,Sample 339,4.1196996682518954e9,4.625909367700165e9,5.052404818224533e9,1.3592006004970064e9,5.0620969944826955e8,8.868991064188197,1.8982205227938104e7,9.089923737156061,1.4330068098077523e7,8.648058391220333,4.853666027245978e6,3.8433654114607377e6,1.010300615785233e6
7800.173586292969,1.0e-5,1.0e-5,8458.057780360556,24643.361903773453,1.0e-5,12572.529879800051,1.0e-5,1.0e-5,13972.43747665598,1.0e-5,1.0e-5,497.0719097291853,Sample 340,4.11895234293129e9,4.621378609288366e9,5.034727513338222e9,1.3291240744567878e9,5.024262663570759e8,8.985361902562486,2.008610654801121e7,8.982281585087168,1.3368276410445126e7,8.98844222003781,4.767416367395354e6,4.1006654314283268e6,666750.9359670248
5024.769925330504,1.0e-5,1.0e-5,11275.664046929674,26168.98845507928,1.0e-5,12552.117231728353,1.0e-5,2265.7083337903155,11414.519869022637,1.0e-5,1.0e-5,681.5202582011656,Sample 341,4.1206279142328944e9,4.619561010323776e9,5.03261524500491e9,1.3250415654531505e9,4.9893309609088194e8,8.91655042491073,1.712301501388196e7,9.085843175383316,1.5846581676542226e7,8.747257674438142,4.806690527930763e6,3.243005942486673e6,1.563684585444082e6
6008.81468826364,1.0e-5,1.0e-5,10221.792578292781,24959.47055498921,1.0e-5,11203.771423080607,1.0e-5,2076.893118595456,12293.408353603862,1.0e-5,1.0e-5,233.71452183986094,Sample 342,4.1166897167294736e9,4.618541434923557e9,5.028462246579787e9,1.3216933415065446e9,5.01851718194084e8,8.673863940621722,1.8589236107460275e7,8.671200289813068,1.4811574765560826e7,8.676527591430375,4.716426285275227e6,3.5886793147304114e6,1.127746970544807e6
6242.200261841059,1.0e-5,1.0e-5,9759.928291037351,25005.348458900735,1.0e-5,12360.17357882605,1.0e-5,1230.4631156801922,12663.874363247545,1.0e-5,1.0e-5,1129.2733600279926,Sample 343,4.1186819389680977e9,4.61763076034671e9,5.025473132688336e9,1.3146335660618644e9,4.989488213786127e8,9.013480075320313,1.8630245489224263e7,9.010513884814115,1.4461397649506338e7,9.01644626582651,4.7584863499375135e6,3.677373148711689e6,1.0811132012258153e6
5770.987366933282,1.0e-5,1.0e-5,10585.40131301186,24312.758966362566,1.0e-5,13254.130178756617,1.0e-5,1965.4752302982736,11984.995663775304,1.0e-5,1.0e-5,742.2513545172369,Sample 344,4.1177538940903416e9,4.617318478941859e9,5.023368714070186e9,1.3116650551081707e9,4.995645848515173e8,8.713544459987402,1.8200489961450174e7,8.710620936147874,1.506441360802555e7,8.716467983826933,4.742994437829923e6,3.506973616764867e6,1.2360208210650478e6
5421.802049610522,1.0e-5,1.0e-5,10497.648452396952,25103.777805356975,1.0e-5,11487.940084751228,1.0e-5,2073.4042651283353,12063.236397998951,1.0e-5,1.0e-5,1080.6254886545923,Sample 345,4.117080116138995e9,4.616706502388067e9,5.022028989540146e9,1.3102713605532303e9,4.9962638624907184e8,8.5962610278933,1.757067598868372e7,8.593615281831552,1.5569303252781156e7,8.598906773955054,4.73945237638603e6,3.384151899351939e6,1.3553004770340747e6
6304.102331597126,1.0e-5,1.0e-5,9798.804041940346,24007.416992032548,1.0e-5,11776.981846572047,1.0e-5,1421.9249455815739,12932.758830303383,1.0e-5,1.0e-5,798.3036908501887,Sample 346,4.1151691020801554e9,4.616387452927394e9,5.020773654925201e9,1.3099907548428545e9,5.0121835084723854e8,8.645058433018274,1.865108576921671e7,8.693448909178745,1.4777283484891966e7,8.596667956857807,4.696485926290447e6,3.6714470988097596e6,1.0250388274806711e6
5411.652146661672,1.0e-5,1.0e-5,10594.090608415734,24503.34565958625,1.0e-5,12042.271040321393,1.0e-5,2282.8758354208485,11950.608009738255,1.0e-5,1.0e-5,876.4538742278787,Sample 347,4.118868713785712e9,4.616119785262115e9,5.021068287851838e9,1.3071480766558497e9,4.97251071476403e8,8.69415216660366,1.7491389471636042e7,8.691527753875237,1.5565118446263777e7,8.696776579332075,4.674325721215169e6,3.3434268935873862e6,1.3308988276277764e6
5787.121737901109,1.0e-5,1.0e-5,10122.774711201064,24204.952707806777,1.0e-5,11862.55904443042,1.0e-5,1841.4375820123337,12463.377121555795,1.0e-5,1.0e-5,1026.9609615589302,Sample 348,4.117732155248242e9,4.615843778708222e9,5.019921400915076e9,1.3062668678736885e9,4.981116234599801e8,8.5378931436673,1.7919456600193646e7,8.586123397605546,1.52256936142306e7,8.48966288972905,4.668116535741496e6,3.481652484897606e6,1.1864640508438775e6
5807.013570067132,1.0e-5,1.0e-5,10210.700443713022,23997.259847638008,1.0e-5,12275.26241950392,1.0e-5,1890.2665229921458,12365.32106024371,1.0e-5,1.0e-5,990.576214485553,Sample 349,4.117438561560028e9,4.615798997594083e9,5.019612460250241e9,1.3059873613463705e9,4.9836043603405505e8,8.693260950094517,1.7994809147416454e7,8.716005092921657,1.5199722311519533e7,8.670516807267385,4.673857415813098e6,3.4900995769362496e6,1.1837578388768334e6
5679.581833883814,1.0e-5,1.0e-5,10294.836474112753,24219.77423243503,1.0e-5,11454.249753372695,1.0e-5,2160.6349849069534,12273.8792027919,1.0e-5,1.0e-5,820.7733520214202,Sample 350,4.1165208918248043e9,4.61588070488851e9,5.019745424063991e9,1.307089251414667e9,4.993598130637052e8,8.629791804935936,1.7933623200182233e7,8.62744859857173,1.532464725680497e7,8.632135011300148,4.665832306138359e6,3.446275226071875e6,1.219557080066466e6
5579.03239396881,1.0e-5,1.0e-5,10358.035738720133,24234.50139208456,1.0e-5,11893.272637703612,1.0e-5,2088.2417595053844,12227.277289952688,1.0e-5,1.0e-5,967.4306369701111,Sample 351,4.1179679196723943e9,4.615713621137194e9,5.019810656387675e9,1.3059397719657636e9,4.977457014647989e8,8.635419567779879,1.7676155291464612e7,8.68364982171813,1.5442555178008772e7,8.587189313841632,4.662171260549621e6,3.4032490919348155e6,1.2589221686147973e6
5741.992778052235,1.0e-5,1.0e-5,10210.176484678394,24127.157814731698,1.0e-5,11894.585445515982,1.0e-5,1971.9324488183156,12354.478105817245,1.0e-5,1.0e-5,971.1995779029847,Sample 352,4.117342861824255e9,4.61570050608403e9,5.019508075528437e9,1.305972783148588e9,4.9835764425977486e8,8.596006727872295,1.788971021938043e7,8.59368142625499,1.5289971089495104e7,8.598332029489603,4.666499914557593e6,3.465393770592021e6,1.2011061439655572e6
5768.005648909045,1.0e-5,1.0e-5,10146.399702062074,24110.988029754662,1.0e-5,11903.62004484468,1.0e-5,1899.1786337379306,12431.106831702604,1.0e-5,1.0e-5,999.2625655093603,Sample 353,4.1177651208493915e9,4.615680738720305e9,5.019650308248297e9,1.305854756926897e9,4.979156178709142e8,8.663901100063013,1.787741146981468e7,8.686923020667924,1.5267968234834021e7,8.640879179458096,4.658659360020033e6,3.469718737794083e6,1.188940622225945e6
5855.636727000643,1.0e-5,1.0e-5,10100.559858325567,24000.99987207748,1.0e-5,11979.665896830098,1.0e-5,1855.3031948615533,12476.858962810473,1.0e-5,1.0e-5,979.7871902866904,Sample 354,4.117272291543045e9,4.615691036973537e9,5.019407354918325e9,1.3058513813200681e9,4.9841874543049246e8,8.57986485847511,1.8014010139646992e7,8.602908112413363,1.5186278992926152e7,8.556821604536863,4.662723892017254e6,3.5027087471837504e6,1.1600151448334856e6
5681.22153333894,1.0e-5,1.0e-5,10300.674420331909,24117.375504703814,1.0e-5,11962.84580094342,1.0e-5,2040.3869761271765,12277.577257953979,1.0e-5,1.0e-5,949.1237647420173,Sample 355,4.117338464582611e9,4.61568286922641e9,5.019431216592646e9,1.305841099376271e9,4.983444046437989e8,8.5879359978996,1.781266212158279e7,8.610819029615627,1.5369435910731593e7,8.565052966183575,4.667585238608493e6,3.44401487296403e6,1.2235703656444524e6
5774.046332422289,1.0e-5,1.0e-5,10187.222910058594,24050.757483803,1.0e-5,11978.865011090738,1.0e-5,1930.071090571216,12396.551860985583,1.0e-5,1.0e-5,968.9455514101155,Sample 356,4.1174256169121747e9,4.615673601194132e9,5.019435285351318e9,1.30577135259633e9,4.982479842819568e8,8.656655835916828,1.7917794615249008e7,8.705024978743964,1.5263977747781934e7,8.608286693089687,4.662671659658738e6,3.4742440334807374e6,1.188427626177979e6
5757.416135760513,1.0e-5,1.0e-5,10206.969529413862,24063.571407035743,1.0e-5,11971.695596097135,1.0e-5,1952.2445528156945,12374.209353320832,1.0e-5,1.0e-5,963.4808521658464,Sample 357,4.1174159391245527e9,4.615672657711595e9,5.019430537132797e9,1.3057724774294467e9,4.982567185870421e8,8.6802489605125,1.7906706007936157e7,8.703270881117414,1.5274619182277365e7,8.657227039907585,4.663249304945643e6,3.4687250680873194e6,1.1945242368583104e6
5773.048706498551,1.0e-5,1.0e-5,10192.001985937346,24045.763784840947,1.0e-5,11978.777748824492,1.0e-5,1936.3515233372311,12391.599300862941,1.0e-5,1.0e-5,965.5892092004405,Sample 358,4.117378343866708e9,4.615672263002215e9,5.019410813466024e9,1.3057710200631263e9,4.982939191355078e8,8.590288105650076,1.7923584851238545e7,8.613310026254991,1.5262645234632848e7,8.56726618504516,4.663021394588694e6,3.4741640518655987e6,1.18885734272309e6
5789.812226420381,1.0e-5,1.0e-5,10171.394130246257,24033.484637560297,1.0e-5,11983.480237463875,1.0e-5,1917.4037268497589,12412.080601421403,1.0e-5,1.0e-5,968.4053932877098,Sample 359,4.117406573874413e9,4.615671240232128e9,5.019418804319663e9,1.3057597945327861e9,4.982646663577154e8,8.681256069943293,1.794284641185927e7,8.704277990548206,1.5242563713559639e7,8.658234149338373,4.661950849213639e6,3.479417302777971e6,1.1825335464356486e6
8786.422636644887,1.0e-5,1.0e-5,11531.551113545474,25236.709688410607,1.0e-5,1.0e-5,1.0e-5,1.0e-5,14535.278937243716,1.0e-5,1.0e-5,1019.7807503783893,Sample 360,3.956303323438775e9,4.749118875150496e9,5.358802958804187e9,2.012183719019102e9,7.92815551711721e8,12.870760832850245,3.503312401884921e7,15.041995780340269,1.8146378196932565e7,10.699525885360224,7.888371849165342e6,6.60002971488617e6,1.2883421342791829e6
6590.563529910961,1.0e-5,1.0e-5,7897.6559462815385,19178.933963206196,1.0e-5,1.0e-5,1.0e-5,1.0e-5,15165.403756210915,4317.525231079068,1.0e-5,1.0e-5,Sample 361,3.987151485631748e9,4.684120540592179e9,5.137155992099131e9,1.6030399579743352e9,6.969690549604311e8,10.931805555555554,2.9615400086652614e7,11.189027777777778,1.882990489327404e7,10.674583333333336,1.4008025829750266e7,1.3236206883876918e7,771818.9458733374
9624.742861756462,1.0e-5,1.0e-5,5901.552360805034,18060.766210756137,1.0e-5,1.0e-5,3396.520119263059,1.0e-5,16567.3039548883,464.60486478261214,1.0e-5,1996.373824453612,Sample 362,4.027782311035201e9,4.680220734016072e9,5.11952989812956e9,1.5310567512078469e9,6.524384229808708e8,9.92274302356648,2.723433135659528e7,11.180376396807397,1.775739300075992e7,8.665109650325565,6.812140330817722e6,6.431908362011873e6,380231.96880584664
8676.067970337404,1.0e-5,2111.8784829056467,4514.071590468842,22701.100016935197,1.0e-5,1.0e-5,5770.9336128188115,1.0e-5,14289.161158522855,2134.0917531746977,1.0e-5,1.0e-5,Sample 363,4.0377773943689566e9,4.655538247868597e9,5.102463424409735e9,1.5116112065819163e9,6.177608534996401e8,10.057708333333334,2.771800483606083e7,10.535277777777784,1.4199752932979956e7,9.580138888888893,9.625378130498616e6,9.259515890183609e6,365862.2403150106
4249.075813269989,1.0e-5,4283.596738917382,7144.459450417331,14595.748642997296,1.0e-5,1.0e-5,3811.922429038156,4123.174823082083,14443.571996095943,451.37277322370613,1.0e-5,1.0e-5,Sample 364,4.0606051952191467e9,4.661301583170282e9,5.094140470394777e9,1.466374162400126e9,6.006963879511358e8,9.421597222222223,1.9736879601747844e7,9.44736111111112,2.2203481142692e7,9.395833333333337,5.485939001912666e6,4.171142516238356e6,1.3147964856743107e6
1.0e-5,1.0e-5,4830.490709717185,6192.700065082118,19878.164737529154,1.0e-5,1.0e-5,7952.255661081431,327.67044519312964,13250.367207172636,5432.77637861655,1.0e-5,2150.8430542240694,Sample 365,4.084957621146152e9,4.688230268397017e9,5.184967137727123e9,1.5967463859110773e9,6.032726472508641e8,11.816135079605127,1.802299866281548e7,12.362565613106492,2.2645305266506735e7,11.26970454610376,1.3810903779101038e7,1.1843542344114393e7,1.9673614349866535e6
3445.1554659800195,1.0e-5,2648.305208051202,8934.215535219484,21671.02279994111,1.0e-5,1.0e-5,11286.845856714051,3116.0501186458273,11394.28583134323,1641.5670821307622,1.0e-5,1.0e-5,Sample 366,4.105366070302199e9,4.64634512331177e9,5.07820865021282e9,1.4047061068116696e9,5.409790530095716e8,9.359444444444447,1.8489870384276625e7,9.60791666666667,1.7911046680037074e7,9.110972222222223,7.412891426867785e6,5.815080882768998e6,1.597810544098793e6
4253.3790999510375,1.0e-5,4164.129101230018,6498.461484111394,24079.023635369882,1.0e-5,114.47961013513124,7469.113764651792,2032.305855457999,13117.460916380036,1.0e-5,1.0e-5,1857.4890106042292,Sample 367,4.092946850970659e9,4.646290636274096e9,5.085690491582616e9,1.4321434959204774e9,5.533437853034369e8,10.21566145009452,1.8543802687075607e7,10.662563002184417,1.8257596740963396e7,9.768759898004621,5.148031379784952e6,3.5896211935721464e6,1.558410186212784e6
4647.895543198391,1.0e-5,2881.9300122582367,6045.794140961867,19190.9554761981,1.0e-5,2996.801969473102,4280.428791901433,1.3074751968611247,15812.665874524826,1858.0994269187024,1.0e-5,1184.0215610941107,Sample 368,4.0888945762630095e9,4.6322073421250105e9,5.041225262267735e9,1.3613486061474504e9,5.433127658620006e8,9.330135477105651,1.8140646360761248e7,9.725408490149134,1.8822661621003103e7,8.93486246406217,7.525015001025259e6,6.575095248871872e6,949919.752153389
5578.769216804446,1.0e-5,1887.4148786394214,8422.498134586927,21746.934752999317,1.0e-5,5449.522552170592,455.5498352805896,1.0e-5,16138.941796309598,484.47944403922173,1.0e-5,1.0e-5,Sample 369,4.086194107029694e9,4.65533177803644e9,5.154232732517428e9,1.5669395799687219e9,5.691376710067463e8,10.120694444444442,1.9857451620351728e7,11.68180555555556,1.8058494231095713e7,8.559583333333336,5.519039414904743e6,4.499668348745358e6,1.0193710661593749e6
3588.033466032924,1.0e-5,3502.1758557152048,7949.909118222195,21268.547600403446,1.0e-5,4993.295768126405,3086.3296689410645,1.0e-5,15370.665333577106,1227.6028347043512,1.0e-5,878.0509418877555,Sample 370,4.0921414607285194e9,4.628047340694247e9,5.050718726678524e9,1.3812486519342828e9,5.3590587996572775e8,9.222316472379754,1.5900162391783807e7,9.791652863894143,2.017911715081649e7,8.652980080865369,6.5435100137491515e6,5.027204426517849e6,1.516305587231291e6
5038.7727035355765,1.0e-5,4174.690385268775,6646.842554032328,20389.061427581404,1.0e-5,5252.243138480352,3039.498151947155,1.0e-5,16385.359710617256,1.0e-5,1.0e-5,1.0e-5,Sample 371,4.0942763234965496e9,4.626207085066623e9,5.039200874192623e9,1.357918339822072e9,5.3193076157007325e8,8.763819444444447,1.7681426130442504e7,9.275416666666665,1.840167331765877e7,8.25222222222222,4.610441557351045e6,3.616960500979483e6,993481.0563715523
5556.760285357981,1.0e-5,3570.4098159287073,5876.490155514054,20017.826140081568,1.0e-5,5549.870815958411,563.2028405207913,1.0e-5,16812.537059484213,1.0e-5,1.0e-5,1022.4388996932685,Sample 372,4.0894576420092826e9,4.62397109156778e9,5.029938298157563e9,1.346447862738064e9,5.345134495584969e8,8.58805220701534,1.7335412616596144e7,8.812878588615837,1.8971258258975327e7,8.363225825414832,4.557108430874891e6,3.5861926722116857e6,970915.7586631903
3145.6316109044587,1.0e-5,4754.795585246643,6052.601342327655,17307.633780164484,1.0e-5,5676.4647690333495,1276.9226758630946,283.34292828074166,16566.34595636743,1826.5852097969969,1.0e-5,1.0e-5,Sample 373,4.0920321272599487e9,4.62588021734074e9,5.028928244290384e9,1.3399441439800801e9,5.3384809008079183e8,8.957361111111116,1.560791032084367e7,9.065694444444444,2.1106801201116465e7,8.849027777777781,6.88599289225334e6,5.725250789470683e6,1.16074210278266e6
3955.9193892475832,1.0e-5,3732.049419914531,6568.407419117065,18649.06950057838,1.0e-5,5692.1625473052345,2116.1637624102423,781.5930454423216,16250.13313764342,245.59011651883873,1.0e-5,985.6958448891218,Sample 374,4.1065150716492987e9,4.620312708088667e9,5.023613129275337e9,1.3203984788127105e9,5.1379763643936783e8,8.793218990233147,1.4744307796983859e7,8.96485661482882,2.0229197684623618e7,8.621581365637477,4.516069347257851e6,3.2959015158798792e6,1.2201678313779763e6
4396.30500862539,1.0e-5,3446.8117249864226,6290.337290911833,20504.152960270894,1.0e-5,6354.696618741151,1.0e-5,1.0e-5,16363.413011657403,920.2260700208284,1.0e-5,915.8681246345336,Sample 375,4.099838318044108e9,4.619271583567725e9,5.020443490622051e9,1.3217770796322684e9,5.1943326552361685e8,8.82374245015753,1.5770210157343457e7,8.872366846292802,1.9404103489553448e7,8.775118054022263,5.69284738592548e6,4.541174862337804e6,1.151672523587672e6
3237.2323848454316,1.0e-5,3966.134992810727,6171.530378915166,18039.93920093441,1.0e-5,6345.751514926155,1876.9064893845057,1.0e-5,16180.589067062914,1761.9970464497217,1.0e-5,1335.0253291034073,Sample 376,4.099253032581335e9,4.620182692626874e9,5.02141175975721e9,1.3233877943062098e9,5.209296600455389e8,8.720131632010085,1.4658821920153873e7,8.797214641881961,2.0889028122529276e7,8.643048622138208,6.79747107081503e6,5.527828461225283e6,1.2696426095897516e6
4587.78822216458,1.0e-5,2978.045462577468,6226.733486564925,19790.794811962478,1.0e-5,6671.350016940033,1179.2961805763282,1.0e-5,16198.079796634813,861.4668456344672,1.0e-5,1494.2243415017042,Sample 377,4.1064945459725924e9,4.618313840303956e9,5.022002892044625e9,1.3191973978127015e9,5.1181929433136404e8,9.269409712749427,1.5580296696299484e7,9.336719238479315,1.905699178583499e7,9.202100187019537,5.513164907598915e6,4.447654221899722e6,1.065510685699189e6
3377.332728347134,1.0e-5,4222.838229787697,5779.246294866084,18453.523417718417,1.0e-5,6636.866716008807,330.64338001485976,1.0e-5,16848.73339303292,1017.3174059875334,1.0e-5,1407.9396449401086,Sample 378,4.1027043007478228e9,4.617570508039193e9,5.016627441571297e9,1.3129800743555768e9,5.148662072913706e8,9.093840810922078,1.3901888586825613e7,9.298287110607015,2.1155620232372314e7,8.889394511237139,5.582661426215512e6,4.322097044928615e6,1.2605643812868914e6
4062.0168857573003,1.0e-5,3727.298966561829,6056.389676413546,19056.300782308823,1.0e-5,6776.796476310658,1208.271818038117,1.0e-5,16472.326947549845,908.0999736501948,1.0e-5,1124.826283552486,Sample 379,4.105897182111856e9,4.616815702062436e9,5.0175505101705265e9,1.312388136166761e9,5.109185199505799e8,8.841312317349296,1.4749641204426115e7,8.936002818693554,1.9961826522305973e7,8.746621816005044,5.482025478161163e6,4.327420504091476e6,1.1546049740696952e6
3955.422609002114,1.0e-5,3754.1595162529693,6262.123098243949,19460.503723971346,1.0e-5,6985.386782220903,179.37591319065723,1.0e-5,16529.35613724123,851.1495192779028,1.0e-5,1187.3347407982258,Sample 380,4.102325460301308e9,4.616557039909615e9,5.015371428624587e9,1.3118603570382516e9,5.142315796083062e8,8.628011398907795,1.4759625612135878e7,8.725207420121825,2.0152110141421597e7,8.530815377693763,5.459890023051021e6,4.245778719517012e6,1.2141113035339955e6
3667.9484116136914,1.0e-5,3856.2485433982133,6138.42749614604,18922.712422972825,1.0e-5,7061.598729863206,87.62271926596235,1.0e-5,16667.904392247554,1084.3415979320966,1.0e-5,1030.102810166918,Sample 381,4.103962256931294e9,4.616353544991002e9,5.015346507547674e9,1.3103772131730528e9,5.123912880597083e8,8.799164995757193,1.4376788123995313e7,8.954677796009248,2.0479270673788358e7,8.643652195505146,5.681249673924741e6,4.473142794671708e6,1.2081068792530326e6
3455.520661830321,1.0e-5,4399.536658410965,6442.953300165097,20215.057133575076,1.0e-5,7065.409066458132,732.1557052351733,1.0e-5,16340.41348205609,828.0638513360745,1.0e-5,661.4992897395433,Sample 382,4.108198047604748e9,4.616807138415208e9,5.017197397657316e9,1.309389609294676e9,5.086090908104604e8,8.584997527200171,1.3940873550200047e7,8.638417239445497,2.0481252745276988e7,8.531577814954842,5.400823994347144e6,4.011290828115005e6,1.3895331662321296e6
4353.697176603404,1.0e-5,3637.312149763984,5883.04020354362,19089.642724837264,1.0e-5,7210.388984974236,1.0e-5,133.67489652869665,16667.13413930543,677.3471688586102,1.0e-5,1032.9601663807728,Sample 383,4.106322560145701e9,4.616117269868849e9,5.014926269232018e9,1.3074127084494877e9,5.0979470972314805e8,8.627891731821046,1.5055427543182144e7,8.716718044990547,1.960706711645216e7,8.539065418651544,5.097971439813566e6,4.024578632986599e6,1.073392806826969e6
3942.162362898695,1.0e-5,3722.090733237493,6289.520643587394,19354.1179209584,1.0e-5,7355.438557162542,1.0e-5,1.0e-5,16542.879847862092,912.4857628866652,1.0e-5,1027.9208518630865,Sample 384,4.1048477364585824e9,4.615843955048609e9,5.013559796391724e9,1.3064279012762566e9,5.10996218590026e8,8.761773470027306,1.4593281579744633e7,8.906122798823782,2.0118192339755226e7,8.617424141230835,5.486146862606592e6,4.284612054517291e6,1.2015348080893003e6
3710.580352659977,1.0e-5,3998.4606173894663,6091.6437452385435,19326.01068332368,1.0e-5,7211.105399263173,70.29824963569072,1.0e-5,16590.163341927106,893.9429109949501,1.0e-5,1167.5311244544312,Sample 385,4.1053065863566933e9,4.615785433406458e9,5.013716146743934e9,1.3063402737247164e9,5.104788470497642e8,8.649934052446964,1.4101561736368326e7,8.740145002226422,2.0557609691949308e7,8.55972310266751,5.4411824494174635e6,4.1664175589133147e6,1.2747648905041518e6
3905.7272206690272,1.0e-5,3870.4556839940765,6060.644735933511,19523.320981236422,1.0e-5,7252.859139461661,1.0e-5,1.0e-5,16579.99895208754,845.9254972545054,1.0e-5,1092.9687316604359,Sample 386,4.1064531323715353e9,4.615730758849602e9,5.014147030892711e9,1.3061101705642831e9,5.0927762647806656e8,8.789215390611217,1.4446643415549846e7,8.915468406133167,2.010640421511379e7,8.662962375089274,5.368956837576048e6,4.167055365031874e6,1.2019014725441698e6
3860.1311770964444,1.0e-5,3852.8861357729825,6069.53054514948,19143.058278081782,1.0e-5,7301.292803644359,1.0e-5,1.0e-5,16618.479860836833,954.2884310853522,1.0e-5,1067.8828265038821,Sample 387,4.105311892304634e9,4.615709579093941e9,5.013438408528416e9,1.3058553456582572e9,5.1039768678930694e8,8.658045230539802,1.4377127990575116e7,8.744775065406433,2.0313418916638244e7,8.57131539567318,5.5068213477395475e6,4.301281363039384e6,1.2055399847001608e6
3890.603090750212,1.0e-5,3806.1451329231736,6173.039549351727,19263.69825744241,1.0e-5,7337.335133277971,1.0e-5,1.0e-5,16593.604245146955,896.3222769241578,1.0e-5,1075.3384816998534,Sample 388,4.1053115012379603e9,4.615716464945399e9,5.013580464880229e9,1.3061329635770993e9,5.1040496370743924e8,8.783695980130222,1.4405518478773648e7,8.918928789287968,2.02686424544649e7,8.648463170972489,5.441514871491798e6,4.225667080359409e6,1.2158477911323959e6
3787.500058877391,1.0e-5,3927.701933641528,6094.336837586481,19286.754853416438,1.0e-5,7283.6788268228975,1.0e-5,1.0e-5,16601.270610814947,926.490140271523,1.0e-5,1070.5793485988875,Sample 389,4.105607232272344e9,4.615678621321075e9,5.013532859604837e9,1.3057798656162558e9,5.1007138904873097e8,8.61977909573619,1.4251171600333674e7,8.704358170258356,2.039398259240802e7,8.535200021214033,5.473272384784971e6,4.235971515644901e6,1.237300869140061e6
3861.5798917851685,1.0e-5,3882.06587131441,6077.2731748093165,19268.427887800295,1.0e-5,7295.775644491029,1.0e-5,1.0e-5,16613.154797116047,902.949647526966,1.0e-5,1068.1389270537622,Sample 390,4.105692029491443e9,4.615673886502822e9,5.013572066028366e9,1.3057782160624685e9,5.0998185701137847e8,8.80365540825457,1.4391446744104018e7,8.932406610081921,2.0251004034600276e7,8.67490420642722,5.439134716964365e6,4.23103542657351e6,1.2080992903908591e6
3844.192764460812,1.0e-5,3887.3797933838873,6091.41372002013,19329.05299137328,1.0e-5,7289.228168607388,1.0e-5,1.0e-5,16595.209730617524,903.5068725722122,1.0e-5,1079.0363105185083,Sample 391,4.1057582343222675e9,4.6156741898465805e9,5.013602637725103e9,1.3057728512813578e9,5.0991595552431256e8,8.75174292230624,1.4393376727219995e7,8.878869679689148,2.0234848732193016e7,8.624616164923337,5.444260129855249e6,4.229947507677247e6,1.2143126221780004e6
3847.5539262484635,1.0e-5,3877.2983682542113,6092.5681251331,19301.52881544029,1.0e-5,7294.811060752698,1.0e-5,1.0e-5,16595.154150797327,917.2811645805482,1.0e-5,1071.2935693896275,Sample 392,4.10569330899694e9,4.615670634268464e9,5.013557961451912e9,1.3057519796384194e9,5.0997732527152383e8,8.618490274291124,1.4405440844311483e7,8.698588671035507,2.023189724602347e7,8.538391877546738,5.462232501445587e6,4.254153965465007e6,1.208078535980584e6
8107.143553242401,1.0e-5,1.0e-5,4944.931010077605,14112.421555288358,1.0e-5,1.0e-5,1.0e-5,1.0e-5,18358.109182577922,1.0e-5,1.0e-5,5253.142994383231,Sample 393,4.007603199091219e9,4.804449221301588e9,5.571961400316083e9,2.3318703802393594e9,7.968460222103693e8,15.199762272463772,3.0808702236363918e7,20.62703709040119,2.272143263792841e7,9.772487454526363,6.160129962113795e6,5.541847704909135e6,618282.2572046453
8797.80454924432,1.0e-5,1.0e-5,8408.959412998693,17837.163226963447,1.0e-5,1.0e-5,1.0e-5,1.0e-5,17132.01114765886,781.2597075804119,1.0e-5,423.11647729298664,Sample 394,3.989973944505355e9,4.743225308288504e9,5.3776602105881e9,2.0221211683823442e9,7.532513637831484e8,12.804816499243861,3.1458847619553924e7,16.306373853686203,1.9672188287427254e7,9.303259144801515,7.849211371416752e6,7.232212693572715e6,616998.6778440456
8166.802264444734,1.0e-5,1.0e-5,4297.528812774397,16175.627119417755,1.0e-5,1.0e-5,1.0e-5,1.0e-5,17199.680629024173,1306.564245191957,1.0e-5,4285.407793964107,Sample 395,3.997736681975383e9,4.73056225730147e9,5.45393223765527e9,2.1795655360336876e9,7.328255753260869e8,14.621102564524264,2.7731669792707272e7,15.44174440768747,2.1751023512471505e7,13.800460721361073,8.393041585152807e6,7.856666925555867e6,536374.6595969317
6005.723936704731,1.0e-5,1.0e-5,7109.316338013564,18589.285242282313,1.0e-5,139.58341060855636,1.0e-5,1.0e-5,15436.524149110199,4174.815205054912,1.0e-5,1237.8675721217564,Sample 396,3.9974840598164673e9,4.682816348272818e9,5.186300063621272e9,1.6922997191532588e9,6.853322884563504e8,12.07590089168242,2.735358972135593e7,12.32453129863474,1.9880139689050786e7,11.827270484730104,1.3244423636904871e7,1.2436158316445196e7,808265.320459686
8119.836906750659,1.0e-5,1.0e-5,7032.129065610545,17392.96642817147,1.0e-5,2520.9309036913824,1.0e-5,1.0e-5,16942.969754367674,1078.9572409990064,1.0e-5,1098.2540506190176,Sample 397,4.0181107184609036e9,4.649848076139574e9,5.11225480112556e9,1.5565508076506429e9,6.317373576786704e8,10.54158691608906,2.446729724718368e7,11.978940149674449,1.9068064141970657e7,9.104233682503677,7.308111065582506e6,6.76807957190561e6,540031.4936768989
9907.461752681003,1.0e-5,1.0e-5,5716.601079251527,18611.631984070198,1.0e-5,3092.9299700163165,1.0e-5,1.0e-5,17199.58486192974,1.0e-5,1.0e-5,376.29268095924965,Sample 398,4.023711533081415e9,4.6383940680614195e9,5.075140185936296e9,1.488174770729759e9,6.146825349800041e8,9.923493799894981,2.479621626195694e7,10.492186965595467,1.756877783895462e7,9.3548006341945,5.40468909423826e6,5.073667355719791e6,331021.73851847235
6173.42629988823,1.0e-5,1.0e-5,6687.906169672807,15109.893385646676,1.0e-5,4366.01434520043,1.0e-5,1.0e-5,16465.238785882546,1949.7446715717094,1.0e-5,4040.5605984026747,Sample 399,4.0327159877515893e9,4.655211592053582e9,5.123477433948355e9,1.559027288091538e9,6.224956043019931e8,12.372757965217394,2.2023075614853084e7,13.523089007603458,2.101807741567351e7,11.222426922831339,8.738544846029157e6,7.950948303447169e6,787596.5425820074
8266.719064815758,1.0e-5,1.0e-5,6730.842784725404,15579.256007619559,1.0e-5,5596.146044452151,1.0e-5,1.0e-5,17228.444016726367,1.0e-5,1.0e-5,2685.0209157503054,Sample 400,4.0420222898959785e9,4.645316214760424e9,5.095177213093224e9,1.5030159215300446e9,6.032939248644449e8,10.280369927368199,2.2127236287000697e7,11.403139602100406,1.951270544000208e7,9.157600252636003,5.072086860991784e6,4.562385103267974e6,509701.75772381295
7682.030940390457,1.0e-5,1.0e-5,5668.153255782192,16431.612701513994,1.0e-5,5559.986843749059,1.0e-5,1.0e-5,16398.375904069602,787.1252771977211,1.0e-5,4145.009202183053,Sample 401,4.038914483759265e9,4.643356917298951e9,5.111724182738375e9,1.5411769644185333e9,6.044424335396864e8,11.905525228628441,2.2143466016720016e7,12.107014598025629,1.9297624074874636e7,11.704035859231258,6.544102651306153e6,5.959594870534237e6,584507.7807719092
6223.0668350090555,1.0e-5,1663.0664895933535,6065.579734028641,15747.686023068822,1.0e-5,5093.189121756638,1.0e-5,1.0e-5,16819.62276968416,1156.0414670745536,1.0e-5,2799.2435166607224,Sample 402,4.039507381184848e9,4.635284966901918e9,5.075575346243066e9,1.4763583443993657e9,5.957775857170706e8,9.50978452831338,2.0550066798432782e7,9.752226251375767,2.056379516325025e7,9.267342805251003,6.9590903782703765e6,6.18431654025573e6,774773.83801464
7210.944891163126,1.0e-5,1.0e-5,6015.43433500647,17707.691794487087,1.0e-5,6310.880811948344,1.0e-5,1.0e-5,16784.261797552816,1043.344516491772,1.0e-5,1699.4403718734168,Sample 403,4.0901719189218826e9,4.631877290245178e9,5.074997940466383e9,1.427946671765706e9,5.417053713232957e8,10.511730063074994,1.8653373868118167e7,10.853015047342996,1.827239230902223e7,10.170445078806974,5.899750746461835e6,5.405092909194504e6,494657.8372673296
8547.397418180359,1.0e-5,1.0e-5,6085.043498254872,17487.93087613438,1.0e-5,7289.706669594339,1.0e-5,1.0e-5,17174.72280363758,1.0e-5,1.0e-5,846.3294091349817,Sample 404,4.088132157601134e9,4.627744263327034e9,5.053433945856891e9,1.3909914707856147e9,5.396121057258999e8,9.1205576126234,1.9578316452527188e7,9.860810216467133,1.7404950851864755e7,8.380305008779672,4.400257413436572e6,4.027075477379412e6,373181.93605715764
7528.986282933779,1.0e-5,608.3398194455777,6682.1256504174535,21618.041207679194,1.0e-5,5549.194361123891,1.0e-5,1.0e-5,16169.129489481189,1.0e-5,1.0e-5,1665.5491300167976,Sample 405,4.0842138026476307e9,4.627380609240235e9,5.0383338409536915e9,1.3650732700195186e9,5.431668065926043e8,8.95612184929637,2.0120570891655326e7,9.111562776517541,1.6578386288971871e7,8.800680922075198,4.831818978899691e6,4.1593322427749587e6,672486.7361247245
5157.602764768307,1.0e-5,2807.7081285033296,5362.368505711948,15583.730204727148,1.0e-5,6444.673825654419,1.0e-5,1.0e-5,17473.202185360773,1431.4971009891756,1.0e-5,688.3705245102338,Sample 406,4.0849814720699053e9,4.624568473212501e9,5.031876380311219e9,1.354202815340032e9,5.395870011425953e8,9.651919039067424,1.6954460866270155e7,9.969889520730941,2.0389593244552176e7,9.33394855740391,6.326202191300757e6,5.604619773729978e6,721582.4175707739
7836.67725180373,1.0e-5,220.3904550107262,6513.617466043678,17715.79278129809,1.0e-5,7555.271620354204,1.0e-5,1.0e-5,16347.937771620636,1352.6592226765345,1.0e-5,220.83800636449718,Sample 407,4.08370279846743e9,4.624876119840215e9,5.034507517966993e9,1.3604361176263406e9,5.41173321372785e8,8.994749687523633,2.0220600587000497e7,9.056390241503887,1.7020270820280217e7,8.933109133543372,6.56539014272063e6,6.167454742982454e6,397935.3997381748
3664.7251545073077,1.0e-5,4015.453917071384,5960.80688160183,18835.7912191528,1.0e-5,5335.597694999747,1.0e-5,1.0e-5,17111.41951774384,1213.6290916888915,1.0e-5,489.8863413336757,Sample 408,4.094895314807119e9,4.624653649819761e9,5.034410299983009e9,1.3492716353391378e9,5.297583350126427e8,9.335693169250154,1.5012426507551314e7,9.714066818315484,2.1107089223595846e7,8.95731952018483,5.9879198195396215e6,4.788062425761189e6,1.1998573937784322e6
4863.735560507935,1.0e-5,2924.9368768136055,5771.671959002193,17999.68632613585,1.0e-5,6553.112978915362,1.0e-5,1.0e-5,17064.624945429023,909.20984234768,1.0e-5,1083.173888932437,Sample 409,4.098240770632957e9,4.619588953801942e9,5.024080164898551e9,1.3303306053622031e9,5.213481831689845e8,9.518925378134847,1.5918849046770506e7,9.939783959126236,1.9702936367413733e7,9.098066797143458,5.477323596181649e6,4.590380971017573e6,886942.6251640688
4789.335931705612,1.0e-5,3016.326743543643,5660.709377860992,19222.86631921365,1.0e-5,6105.782673465515,1.0e-5,1.0e-5,16597.280056118216,1166.239669907616,1.0e-5,1261.3378235080495,Sample 410,4.0955437832827854e9,4.619990076629687e9,5.027704457814911e9,1.3398750557173488e9,5.244462933469022e8,9.921659098403698,1.6263963873450818e7,10.01461183537072,1.9388630071106113e7,9.828706361436671,5.984345754961445e6,5.019171837684174e6,965173.9172772683
3837.578395932128,1.0e-5,3832.891408707101,5591.707872052966,17315.989645957547,1.0e-5,6392.3361822459365,1.0e-5,1.0e-5,17008.872511848193,1356.427800234935,1.0e-5,1330.4927340013708,Sample 411,4.090831222013295e9,4.6185951504054165e9,5.018427690497236e9,1.3274290085757608e9,5.2776392839212173e8,9.070917257046839,1.5090981080566447e7,9.246359738458308,2.109121458376585e7,8.895474775635368,6.174805036220949e6,5.077816514964048e6,1.0969885212568992e6
5502.640697703408,1.0e-5,2762.6588573963736,6079.696585806813,19774.714705983773,1.0e-5,6588.018256460326,1.0e-5,1.0e-5,16769.584506927815,421.36008215112827,1.0e-5,778.9852554699785,Sample 412,4.099684139994011e9,4.61851418677121e9,5.021764546057432e9,1.3253307653496437e9,5.1883004677719885e8,8.757417135895826,1.6673112213831168e7,8.901266614240711,1.857659959038421e7,8.613567657550941,4.919796423374182e6,4.040047485379206e6,879748.9379949656
5542.937148075291,1.0e-5,1912.5559143945065,6408.571472518067,18010.7816089518,1.0e-5,7636.980677184276,1.0e-5,1.0e-5,16582.603953890935,1031.199618765821,1.0e-5,1244.2009384883343,Sample 413,4.0984173526197133e9,4.618585016622852e9,5.020696515976195e9,1.324390662709825e9,5.201676640031389e8,9.112984064923342,1.679126647629185e7,9.423516847174964,1.8761173336218044e7,8.802451282671708,5.739760640401063e6,4.948930578399751e6,790830.0620013035
6514.89613189609,1.0e-5,1891.988199437719,5800.821056283787,18406.4628345276,1.0e-5,7882.783978577387,1.0e-5,1.0e-5,16793.31763698009,181.89609939041335,1.0e-5,1488.5449585362912,Sample 414,4.101208456797895e9,4.618261361658911e9,5.01965162164057e9,1.3198334248243334e9,5.170529048610159e8,8.555665903171603,1.72578783086142e7,8.719834266624666,1.8012117834358495e7,8.391497539718552,4.521819537591587e6,3.8579443248114637e6,663875.2127801239
5392.779559549205,1.0e-5,2556.05927441882,5771.011861521384,18509.058822817366,1.0e-5,7514.863129763125,1.0e-5,1.0e-5,16765.508103287815,661.3767470251996,1.0e-5,1345.3707551433665,Sample 415,4.1044486173318524e9,4.616842466285316e9,5.017457200034962e9,1.3136233164527543e9,5.123938489534637e8,9.111328912119301,1.6080967417570682e7,9.30201707443815,1.882852798863383e7,8.920640749800464,5.105493287037963e6,4.27704241501641e6,828450.8720215465
4901.0521525103695,1.0e-5,2902.496272866449,5857.726809933832,18073.252287331256,1.0e-5,7489.085141741632,1.0e-5,1.0e-5,16797.028623137285,922.7886283059185,1.0e-5,1187.7073762794448,Sample 416,4.1022311538566813e9,4.616475382721224e9,5.015397507916531e9,1.312088479255155e9,5.1424422886454225e8,8.792684661541696,1.5710747178135674e7,8.977498077210676,1.9412080035482515e7,8.607871245872719,5.462625828299194e6,4.559742766107193e6,902883.0621919909
4723.210641012837,1.0e-5,3345.982471587763,5603.802374886375,18765.31639259305,1.0e-5,7255.919562460143,1.0e-5,1.0e-5,16681.463215636373,817.6352382518979,1.0e-5,1384.236837252115,Sample 417,4.1030103808875422e9,4.616435737074767e9,5.015471817300685e9,1.3114975166390615e9,5.1342535618722457e8,8.826962752257932,1.5562289098655196e7,8.938353406175175,1.938179233445988e7,8.715572098340687,5.354282201266149e6,4.386179069081187e6,968103.1321849647
4137.983527085675,1.0e-5,4038.1287209917136,5636.363527505407,18238.57083041555,1.0e-5,7193.517283300189,1.0e-5,1.0e-5,16940.606082676135,789.7996203862479,1.0e-5,1123.2862883994112,Sample 418,4.10116719271133e9,4.616477086205693e9,5.014458547168348e9,1.3112728154196737e9,5.153098934943634e8,8.566111230308762,1.4797427519927815e7,8.734514119722752,2.0372704570696063e7,8.397708340894773,5.278027477451305e6,4.187740757931111e6,1.09028671952018e6
4736.7998544840475,1.0e-5,3455.899295621474,5738.322443993683,18588.07320593562,1.0e-5,7483.520985777183,1.0e-5,1.0e-5,16843.854637678276,690.1013146222215,1.0e-5,968.0502706367722,Sample 419,4.1048589700700965e9,4.61609280936586e9,5.014551144598956e9,1.3081505097619574e9,5.11233839295763e8,8.63524549909683,1.5371540896654699e7,8.782053444948547,1.9477632936031077e7,8.488437553245117,5.118238974567084e6,4.1534719099268443e6,964767.0646402412
4625.191069988233,1.0e-5,3315.418412783327,5858.2824018710635,18592.42178731867,1.0e-5,7559.910555004681,1.0e-5,1.0e-5,16724.865293279683,800.1216075124313,1.0e-5,1185.5435780757675,Sample 420,4.104764447886914e9,4.615800638704623e9,5.013458961305703e9,1.3063528360198689e9,5.110361908177093e8,8.6149517815585,1.5277900936049193e7,8.739340644486454,1.9540074131328586e7,8.490562918630545,5.284205395685414e6,4.29066549468599e6,993539.9009994244
4474.440743357907,1.0e-5,3517.4867593184886,5818.317329858533,18679.473527001286,1.0e-5,7467.599824326122,1.0e-5,1.0e-5,16797.02417215219,674.5625385300642,1.0e-5,1253.2563608582607,Sample 421,4.105061342054485e9,4.615792785200289e9,5.013695858011447e9,1.3065375887681196e9,5.1073144314580375e8,8.661604504116783,1.504045286443976e7,8.858558472085695,1.9731519817487225e7,8.464650536147873,5.102896877482012e6,4.0699608944535265e6,1.0329359830284886e6
4501.42056786852,1.0e-5,3448.1947644523166,5786.8776117788675,18425.31190095951,1.0e-5,7576.378158606532,1.0e-5,1.0e-5,16793.155297703,773.4398674821446,1.0e-5,1242.2305239029668,Sample 422,4.1048977602516723e9,4.615717848238366e9,5.013355622132147e9,1.3060956357742555e9,5.108200879866941e8,8.78732548082336,1.506596769210367e7,8.950057513925646,1.9751222198264956e7,8.624593447721068,5.226251821734622e6,4.21354996175754e6,1.0127018599770837e6
4972.2510221706225,1.0e-5,3096.745698485301,5875.9429048390275,18762.142508506713,1.0e-5,7713.341639948367,1.0e-5,1.0e-5,16724.47865571574,602.0383832995192,1.0e-5,1198.667647419757,Sample 423,4.1058800946177034e9,4.615769132218445e9,5.013926301945356e9,1.3062033770545633e9,5.098890376007416e8,8.739922182251629,1.5648995575884832e7,8.91356117618148,1.9064472131818336e7,8.56628318832178,5.014050158194864e6,4.0895185933059515e6,924531.5648889042
4722.109058104635,1.0e-5,3248.880668740321,5856.0817313843845,18505.235072268893,1.0e-5,7691.058920282665,1.0e-5,1.0e-5,16746.60004154086,731.2058663081143,1.0e-5,1220.7550603792367,Sample 424,4.1051459718210464e9,4.615706443800321e9,5.013434645235012e9,1.3060168748486576e9,5.105604719792746e8,8.657287611048107,1.5339293760808049e7,8.842977528250369,1.945411531275097e7,8.471597693845833,5.180491566775214e6,4.210686408383891e6,969805.158391322
4614.305407310014,1.0e-5,3303.809669276019,5878.0336778361725,18544.119852838554,1.0e-5,7628.888001840799,1.0e-5,1.0e-5,16730.1291183327,789.8165631740435,1.0e-5,1197.343043901862,Sample 425,4.1050521761516533e9,4.6156949409550705e9,5.013359941425794e9,1.3059727657448633e9,5.106427648034174e8,8.761267904074778,1.5229507511784688e7,8.93504658794371,1.956499526572931e7,8.587489220205843,5.262157366967153e6,4.265716857288685e6,996440.509678459
4687.492462404108,1.0e-5,3293.6233045204467,5850.932354574042,18646.59894397685,1.0e-5,7618.91185763538,1.0e-5,1.0e-5,16730.62479297038,715.407553268108,1.0e-5,1236.7235641526634,Sample 426,4.1052229600711513e9,4.615683719723153e9,5.01336258706252e9,1.305818494330736e9,5.1046075965200144e8,8.78263955219492,1.5330975946937785e7,8.93633990430582,1.94335669021906e7,8.628939200084021,5.165760967015402e6,4.184754547914631e6,981006.4191007769
4685.698971559336,1.0e-5,3280.9528781678187,5850.661437049205,18584.523192870693,1.0e-5,7644.214042819205,1.0e-5,1.0e-5,16730.624791523547,739.3859454836296,1.0e-5,1231.4653457176044,Sample 427,4.1051576277462716e9,4.615673458399931e9,5.013304461591865e9,1.3057778370375278e9,5.105158306536591e8,8.789512341720904,1.5362505467708455e7,8.939208370510402,1.9415483161263067e7,8.639816312931417,5.196077779798492e6,4.226092412795381e6,969985.3670031084
4622.628544459684,1.0e-5,3344.3717817240367,5840.1800253672545,18589.327033844795,1.0e-5,7606.120425916666,1.0e-5,1.0e-5,16743.289228059104,738.7267439476213,1.0e-5,1235.4961729126246,Sample 428,4.10508868466434e9,4.615671730777857e9,5.013260213638845e9,1.305760011835496e9,5.105830461135165e8,8.563147878722962,1.5239394520252397e7,8.699988931316955,1.9541248715319782e7,8.426306826128966,5.193492441119346e6,4.198306637052692e6,995185.8040666401
1.0e-5,1.0e-5,1.0e-5,10057.072502726227,1.0e-5,8060.661840528177,8561.817988277553,1.0e-5,22003.902234106594,1.0e-5,1.0e-5,1.0e-5,1.0e-5,Sample 429,4.242450388880464e9,4.845949298627262e9,5.529298588193544e9,1.9701974888793612e9,6.034989097467985e8,13.31680555555556,2.5043899811258774e7,13.284722222222225,1.6635938689315366e7,13.348888888888892,2.9053377845164095e6,0.02382920999999999,2.9053377606871948e6
1.0e-5,1.0e-5,1.0e-5,18329.394597729814,15316.205598631033,9149.238948745342,18708.31303805973,1.0e-5,12806.734879491394,1.0e-5,1.0e-5,1.0e-5,1.0e-5,Sample 430,4.1421149530525594e9,4.716312834302719e9,5.16274892640646e9,1.4670700654576414e9,5.741978812501601e8,9.741180555555559,9.564771383473126e6,9.720555555555563,2.914330221736215e7,9.761805555555565,5.752276969814622e6,0.03142442999999998,5.752276938390189e6
1.0e-5,10646.12317727059,1.0e-5,6673.642933396567,16827.528393906585,1461.0987439563498,14011.050850784355,1.0e-5,14970.132755099541,1.0e-5,1.0e-5,1.0e-5,1.0e-5,Sample 431,4.132970669532854e9,4.69512794594901e9,5.133242271857135e9,1.4383859282324045e9,5.62157276416156e8,9.538194444444446,1.3395906902302219e7,9.423472222222227,2.536278344783709e7,9.652916666666671,5.182716453136552e6,0.02505800499999999,5.1827164280785415e6
1.0e-5,1648.412806227979,1.0e-5,14160.666176251678,13337.760618834373,3419.0436432730653,8049.988189446913,1.0e-5,16763.327612816025,1.0e-5,1.0e-5,148.13209368423855,2139.9371565922993,Sample 432,4.0873069998513236e9,4.672898166679097e9,5.132747778353008e9,1.5052903901755953e9,5.855911668277732e8,9.816655639991602,1.6320007149863224e7,9.816655639991602,2.3774072788354065e7,9.816655639991602,5.1512652719251495e6,0.03082762499999996,5.151265241097516e6
1.0e-5,1.0e-5,1.0e-5,12299.824038550272,15693.107313142787,1006.8161436231783,11406.777773314854,1.0e-5,13709.274873468805,1.0e-5,1.0e-5,6065.568318925272,1.0e-5,Sample 433,4.1014784644172497e9,4.679554999571074e9,5.096899186328306e9,1.4127649086682887e9,5.780765351538242e8,9.757013888888887,1.4087821422695218e7,9.709166666666667,2.6105464133811343e7,9.804861111111116,1.4109986220689429e7,0.02433267499999999,1.4109986196356768e7
1.0e-5,3296.802788075774,1.0e-5,10838.946970666115,15503.305360577171,1.0e-5,9797.217822070219,1.0e-5,16508.653021360424,1044.8804196490732,1.0e-5,267.3049370650507,395.84457560424664,Sample 434,4.111969154715696e9,4.635638029871334e9,5.0581336982467575e9,1.368660211906485e9,5.236688751556381e8,9.278837867422814,1.5396809334112272e7,9.222379534089479,2.0731849878053993e7,9.335296200756146,4.428002036930651e6,0.025788439999999982,4.428002011142202e6
1.0e-5,4874.410029187446,1.0e-5,8435.211707566568,17223.85446668174,3846.807005352777,16003.927712705516,1.0e-5,13114.231716544171,1.0e-5,1.0e-5,1287.6042724887448,3504.480327209116,Sample 435,4.127999271785553e9,4.679397159002515e9,5.250193674567982e9,1.692990918347894e9,5.513978872169621e8,11.8898915700063,1.1897673804611266e7,11.8898915700063,2.4255830131162375e7,11.8898915700063,6.874946991444931e6,0.02756996999999997,6.874946963874957e6
1.0e-5,4254.602452864661,1.0e-5,10491.999880752792,17313.622121773336,1690.0975979986076,11982.043282516272,1.0e-5,10375.979336716207,4527.849208869311,1.0e-5,1570.7394367660957,579.9303655260306,Sample 436,4.099020901959041e9,4.629073118914738e9,5.051348753809169e9,1.374603486744558e9,5.3005221695569664e8,9.261241906532245,8.167549055639542e6,9.261241906532247,2.790624955269951e7,9.261241906532247,6.972392213660694e6,0.027173189999999976,6.972392186487508e6
1.0e-5,1.0e-5,1.0e-5,14914.175105456909,19961.637016234243,1.0e-5,9751.986764464473,1.0e-5,13863.845528441041,1788.4862641776363,1.0e-5,1529.3119085554385,1.0e-5,Sample 437,4.1008116617042413e9,4.629833423346337e9,5.041326875792368e9,1.3520086665341573e9,5.290217616420959e8,8.968750000000002,1.1595133637758562e7,8.963333333333333,2.427555035629055e7,8.974166666666665,6.636222278625382e6,0.027583814999999984,6.636222251041565e6
1.0e-5,150.11610968867703,1.0e-5,13743.806415410358,17641.08590642902,1.0e-5,12672.346398537597,1.0e-5,9219.146357112188,6754.9770812611705,1.0e-5,858.2846046068516,1760.6056311603545,Sample 438,4.118550305467843e9,4.62734579834413e9,5.039285072244278e9,1.3326740406765823e9,5.087954928762866e8,9.093387043982355,6.43662722348247e6,9.093387043982357,2.8136952270104397e7,9.093387043982357,5.328677524842861e6,0.028913649999999978,5.328677495929208e6
1.0e-5,1819.3395301554356,1.0e-5,11587.800772042312,17858.816644218678,1.0e-5,9183.448542709279,1.0e-5,10522.365828700511,5770.597988593611,1.0e-5,1544.274841777772,1155.3098866720677,Sample 439,4.109570943983477e9,4.622262829506599e9,5.026615265944501e9,1.321396758398925e9,5.1269188552312195e8,8.864482742028986,8.0537828900835775e6,8.86448274202899,2.688705384799514e7,8.86448274202899,6.263186084577061e6,0.027185604999999984,6.263186057391454e6
1.0e-5,2349.789703998862,1.0e-5,12570.19685834008,18470.331724948624,1.0e-5,11356.484065958237,1.0e-5,6959.536657876881,9033.700149342347,1.0e-5,771.0331933386518,613.9112550642309,Sample 440,4.109304769406394e9,4.680388181372515e9,5.254533159455105e9,1.7193733681313007e9,5.710834119661212e8,11.924996178827977,6.884163526715743e6,15.286098489266962,3.0408326946755324e7,8.563893868388995,5.318812947343898e6,0.02857734499999999,5.318812918766548e6
1.0e-5,2002.9114720513926,1.0e-5,12744.919926138018,18480.51693795971,1.0e-5,10652.170097636788,1.0e-5,7997.156175214161,8610.935949337512,1.0e-5,325.89917689196176,298.453897638264,Sample 441,4.1130219594311137e9,4.63451288261725e9,5.090861100072628e9,1.4341873580968912e9,5.2149092318613636e8,9.31718229407688,5.661010387037204e6,10.205248601050203,2.9418682926250882e7,8.429115987103554,4.561121312735841e6,0.028104429999999986,4.561121284631403e6
1.0e-5,2280.1397194151787,1.0e-5,12842.377831041185,19627.008889700497,1.0e-5,11306.059654777388,1.0e-5,8453.776251807898,7672.134203912627,1.0e-5,149.7215601179108,409.03967113297426,Sample 442,4.1148789326501193e9,4.620698878938968e9,5.035495386781966e9,1.3354129619748461e9,5.058199462888487e8,9.038076927536231,5.350237506562404e6,9.36212912245327,2.8838754123922575e7,8.714024732619201,4.447936082733974e6,0.02823444999999999,4.447936054499517e6
1.0e-5,2186.692797024407,1.0e-5,12422.119925205037,19972.811981271345,1.0e-5,10274.786036673857,1.0e-5,8917.412582702536,6868.209915614138,1.0e-5,1109.9592996392578,118.19253537319268,Sample 443,4.111408065781544e9,4.619396429498483e9,5.029957710903515e9,1.3291109265270033e9,5.0798836371693885e8,8.83506327763075,5.975047281835247e6,8.835945445242599,2.8380920110005487e7,8.834181110018905,5.794793328342832e6,0.02765333499999999,5.794793300689492e6
703.5346140708946,2577.50954733766,1.0e-5,12183.612070228577,20502.988732910395,1.0e-5,12016.323691601938,1.0e-5,7566.9466286652005,7431.483485159718,1.0e-5,741.2352895743526,917.5578966584114,Sample 444,4.1083039956820073e9,4.619926001283593e9,5.028131708447709e9,1.3280334199298167e9,5.116220056015857e8,8.738933919764762,6.9480700802151365e6,8.74107533879437,2.7559875793449856e7,8.73679250073514,5.591041006523669e6,448608.9669105212,5.142432039613131e6
785.2738945809053,491.6045889598979,1.0e-5,12970.310686248824,19427.398736492898,1.0e-5,11832.794709955768,1.0e-5,7506.762103706137,7948.340002796251,1.0e-5,1247.203230280031,972.1941560223245,Sample 445,4.115002972702787e9,4.618073171637243e9,5.024749973976585e9,1.31642380361314e9,5.0307019893445593e8,9.052054009346778,7.512740852593748e6,9.201333165511446,2.648457305436763e7,8.902774853182107,5.9363693954985235e6,546577.7673656672,5.389791628132849e6
1480.0994080013543,947.6383988670955,1.0e-5,11836.379954492535,18353.949797039717,1.0e-5,11246.944533544432,1.0e-5,7166.702976731827,8999.513500087858,1.0e-5,718.027979413464,932.0217742913748,Sample 446,4.115260991177872e9,4.6168658480817585e9,5.022342313566392e9,1.3125577878731532e9,5.016048569038863e8,8.867399566141568,9.004779863759566e6,8.868281733753417,2.5076987480099965e7,8.866517398529725,5.088253849430321e6,935332.4242319566,4.152921425198358e6
241.36477862997586,1942.339453334606,1.0e-5,12249.920655488853,19981.562119994447,1.0e-5,10575.771587144738,1.0e-5,8080.159054353825,7769.94452574601,1.0e-5,660.6522579372369,980.8361029383553,Sample 447,4.116242074738414e9,4.616991322888446e9,5.021685657332515e9,1.3101379170381694e9,5.00749248150032e8,8.729555432430164,5.997915349579237e6,8.781132044486453,2.7782700565417502e7,8.677978820373873,5.119804908080838e6,187791.53221662596,4.932013375864205e6
1171.9206857722886,1356.8576885843213,1.0e-5,11585.103248127512,18894.029971320397,1.0e-5,10162.820567188619,1.0e-5,7506.604191766722,8555.65811791815,1.0e-5,1021.5235592752874,902.4101900252545,Sample 448,4.1128017112264404e9,4.616421150305998e9,5.018727225758319e9,1.308231589984199e9,5.036194390795571e8,8.613138288678847,8.156769051774798e6,8.613579372484775,2.6016801226245984e7,8.612697204872926,5.559864890626356e6,700541.0637683672,4.859323826857981e6
888.8193034400864,752.7243915896621,1.0e-5,12316.02645964275,19344.53269498816,1.0e-5,10473.728510211455,1.0e-5,7619.950142332486,8209.342774471492,1.0e-5,1224.8182821324315,948.9131173898273,Sample 449,4.1144303063535175e9,4.616295846698583e9,5.019681468276338e9,1.3086367835005758e9,5.0186554034506506e8,8.925946199621931,7.74442622438981e6,8.926828367233774,2.6206785831612546e7,8.925064032010082,5.825100242295989e6,587566.6215716393,5.237533620724353e6
1173.1425851353742,892.9793019260981,1.0e-5,11997.011103422496,18609.54133457794,1.0e-5,10245.26653137753,1.0e-5,7409.111699416466,8992.6864034457,1.0e-5,662.4355255022217,1007.1218606884581,Sample 450,4.1153745302488265e9,4.616099927771017e9,5.019328778473307e9,1.3071830989267683e9,5.007253975221906e8,8.71978076202479,8.319076937986436e6,8.720662929636635,2.5661523812246747e7,8.718898594412943,4.963909710394708e6,765769.8325090306,4.198139877885666e6
1483.196635502698,580.0499219030418,1.0e-5,12016.717376902347,18789.332982985976,1.0e-5,10536.901034462839,1.0e-5,7083.867539717663,8966.570568723344,1.0e-5,1061.0480380445038,874.0398319415466,Sample 451,4.1138187784843235e9,4.615956080804995e9,5.01864801305609e9,1.3075211668228621e9,5.021373023206714e8,8.782267700021007,9.09839322846629e6,8.833844312077302,2.4973347655318875e7,8.73069108796472,5.5716439178054165e6,959491.6695195488,4.61215224828586e6
1452.0541377093862,924.0907610825482,1.0e-5,11843.244497296273,18967.556318134204,1.0e-5,10536.047894397885,1.0e-5,7177.238112992264,8917.76024274531,1.0e-5,844.2707674703211,871.3180454065566,Sample 452,4.1148217619334545e9,4.615822579760943e9,5.018686420363275e9,1.3067284990321522e9,5.0100081782748866e8,8.8298718536862,8.823362115790926e6,8.830754021298048,2.5144835226066418e7,8.828989686074355,5.28216194587044e6,910049.0663052348,4.3721128795652045e6
1448.6438142356812,693.0833597868985,1.0e-5,11782.634359727432,18523.465675287087,1.0e-5,9924.93470631488,1.0e-5,7197.953112727729,9130.25378165542,1.0e-5,977.2949302132554,912.8457198877148,Sample 453,4.1132555202803187e9,4.615825752540852e9,5.017708944109978e9,1.3063366153987849e9,5.025702322605333e8,8.77741306813695,8.97501991300028e6,8.803642457971014,2.517108593130765e7,8.751183678302878,5.408190964407524e6,923782.6729914674,4.484408291416054e6
1554.21561079252,720.118099534831,1.0e-5,11777.97902539398,18616.293978382157,1.0e-5,10243.498612385556,1.0e-5,7068.401151549505,9160.140771214148,1.0e-5,924.2401985520794,929.0100907555722,Sample 454,4.113644116032691e9,4.61572075310601e9,5.017690042006261e9,1.3060152148738208e9,5.020766370733194e8,8.698790268010926,9.178446108686298e6,8.725019657844994,2.4918538673450347e7,8.672560878176858,5.361242487191806e6,986422.5884650951,4.3748198987267e6
1463.354136982957,658.6077113383709,1.0e-5,11947.343504487382,18736.671478288783,1.0e-5,10201.325235754088,1.0e-5,7179.262911090695,9058.011001639039,1.0e-5,896.3441347577698,907.8905013922177,Sample 455,4.1138826730293593e9,4.615715087983289e9,5.017825920160434e9,1.3060540793082194e9,5.018324149539294e8,8.62657057399706,9.046136300951296e6,8.627452741608908,2.501378472967654e7,8.625688406385214,5.32039721751276e6,947051.8926277773,4.37334532488498e6
1411.9133024372466,790.8766830436376,1.0e-5,11858.034211616892,18813.818202676284,1.0e-5,10214.464988272282,1.0e-5,7192.138690436456,8996.93911184036,1.0e-5,910.7476702216009,939.7098822948944,Sample 456,4.114054669792052e9,4.615692592683589e9,5.017824375818851e9,1.305901489162062e9,5.016379228915369e8,8.73071166952321,8.821021913067581e6,8.731593837135058,2.5211575088570923e7,8.729829501911365,5.349976311531992e6,899763.4751548338,4.4502128363771485e6
1551.104889398292,611.2755311593625,1.0e-5,11888.9198589619,18638.13453217938,1.0e-5,10264.008363076022,1.0e-5,7083.576702706561,9154.416169945544,1.0e-5,916.1218554691587,915.5541968897644,Sample 457,4.113884963893842e9,4.615678880109715e9,5.017680511503628e9,1.3057971790036983e9,5.0179391621587354e8,8.824378980088218,9.277890002943287e6,8.825261147700068,2.479428926220844e7,8.823496812476375,5.342365373791362e6,1.0017832726174382e6,4.340582101173914e6
1502.0177835196812,777.756346917723,1.0e-5,11850.448597467825,18768.557948542886,1.0e-5,10319.751322798309,1.0e-5,7109.877207395902,9106.081818712111,1.0e-5,837.4597447676534,918.1305864080725,Sample 458,4.1143063718826447e9,4.615677183477189e9,5.017876919495705e9,1.305770283631574e9,5.013708115945448e8,8.792589792102504,9.035106422270771e6,8.81881918193657,2.4987798290078357e7,8.766360402268432,5.247420749400542e6,956353.2819671556,4.291067467433385e6
1530.5645048567571,705.9709676919348,1.0e-5,11853.431663513002,18703.362404397052,1.0e-5,10288.65889848942,1.0e-5,7092.32490133268,9130.779287472482,1.0e-5,880.8461567778041,918.8265476263836,Sample 459,4.114055682579985e9,4.615672014531294e9,5.017745081465158e9,1.3057624658190386e9,5.016163319513089e8,8.72166689161941,9.165055323987039e6,8.722549059231257,2.4885243058029097e7,8.720784724007565,5.301847222024627e6,980697.572701855,4.32114964932277e6
15074.58014761558,1.0e-5,1.0e-5,1.0e-5,13755.61196774483,12242.465731103712,8380.426540314551,1.0e-5,1.0e-5,13747.11733548402,1.0e-5,1.0e-5,1098.279295375976,Sample 460,4.109871822411132e9,4.738871327774023e9,5.357370410828263e9,1.8659976714713728e9,6.289995053628911e8,12.492659162360855,2.9112178686552923e7,12.633058700273056,1.2174588515253313e7,12.35225962444865,5.845634832391656e6,5.8456348090692535e6,0.023322394999999996
13739.777399783045,1.0e-5,1.0e-5,1.0e-5,10991.734183502138,359.9674256130483,6545.7375639025195,1.0e-5,1.0e-5,19232.29953193704,1.0e-5,1.0e-5,1.0e-5,Sample 461,4.108098964668469e9,4.737741746468587e9,5.208109892842744e9,1.570379074548431e9,6.296427818001177e8,10.280555555555555,2.4016799252169013e7,12.495277777777783,2.035773029811627e7,8.065833333333336,4.854595513262232e6,4.854595499235208e6,0.014027020000000005
17549.093618386287,1.0e-5,1.0e-5,1.0e-5,21020.020905913058,959.7609974578893,12197.26563292163,1.0e-5,1.0e-5,13577.43817650127,1.0e-5,1.0e-5,1.0e-5,Sample 462,4.0684205564126954e9,4.669898362195429e9,5.136239432379705e9,1.5341599461512864e9,6.014778057827334e8,10.226111111111113,2.9275141485686556e7,10.226111111111113,1.1618388463696394e7,10.226111111111113,5.962702226972377e6,5.962702202811928e6,0.024160440000000012
12153.063391619802,1.0e-5,1.0e-5,1714.3343358016712,13301.926044175189,1207.6906727557068,9344.942934214905,1.0e-5,1.0e-5,16631.390390618995,1.0e-5,1.0e-5,3522.9388605991066,Sample 463,4.0849038570496655e9,4.673290670596307e9,5.1485138907828045e9,1.5388332539196377e9,5.883868135466411e8,11.650176398445705,2.3148348985180575e7,11.915770441713933,1.7568794439793505e7,11.384582355177491,4.902193139813362e6,4.838461980773992e6,63731.159039365164
7102.694395421782,1.0e-5,1.0e-5,8007.6811135437665,14297.245605612989,7174.728988318297,5070.608931364971,1.0e-5,1.0e-5,15878.768791810855,1.0e-5,1.0e-5,1966.8778334955027,Sample 464,4.052870812376375e9,4.816254379468511e9,5.697626328440964e9,2.526127465037041e9,7.633835670921354e8,15.750745396828403,3.0151645208378423e7,22.623511603570673,1.8022651736408066e7,8.87797919008612,5.448006530252993e6,4.558969317061022e6,889037.2131919711
7624.35572369919,1.0e-5,1.0e-5,7450.438667718425,14883.613600618573,7421.192633699683,8929.532511027577,1.0e-5,1.0e-5,14626.007540548973,1.0e-5,1.0e-5,2805.0601970722205,Sample 465,4.0729360894841766e9,4.652993625697563e9,5.135757592547333e9,1.5455854699129252e9,5.800575362133868e8,10.601502712518379,2.2630626722907547e7,11.199342955261502,1.6123846917488987e7,10.00366246977526,5.389191478323867e6,4.584895973686235e6,804295.5046376311
10390.42673577624,1.0e-5,1.0e-5,4757.398154211468,17248.172063137503,1121.9811212249745,6090.116848448404,1.0e-5,1.0e-5,16177.76210658537,1.0e-5,1.0e-5,2484.8897824008645,Sample 466,4.0453137395545964e9,4.641319221351378e9,5.083900261154427e9,1.4811675614028769e9,5.960054817967824e8,9.503306623062388,2.4291616503586777e7,9.646228731863056,1.6508944690753398e7,9.360384514261714,5.302334179323769e6,5.044376688687822e6,257957.49063594738
8234.024234459901,1.0e-5,1.0e-5,6073.284800235041,17604.34078538992,2791.5753823414143,9482.952134948982,1.0e-5,1.0e-5,15799.142219857751,1.0e-5,1.0e-5,1631.604370293122,Sample 467,4.108302843221016e9,4.631578363403059e9,5.0741135493575325e9,1.4083458920909896e9,5.2327552018204296e8,9.658503533963458,1.945717714010533e7,9.723207629615633,1.575463296195127e7,9.593799438311278,4.480379756228411e6,4.0180422891186816e6,462337.4671097258
8474.644972259925,1.0e-5,1.0e-5,6638.424388027937,18867.84510345136,304.44011074541214,6142.77392182308,1.0e-5,1.0e-5,17091.517522548973,1.0e-5,1.0e-5,1.0e-5,Sample 468,4.0874280341730185e9,4.643889973790558e9,5.109308999669936e9,1.4872999913762944e9,5.564619396175396e8,9.496041666666672,2.0836239261612862e7,10.743611111111111,1.685415231708621e7,8.248472222222226,4.544917064308649e6,4.133267940793795e6,411649.1235148472
8623.760408664037,1.0e-5,1.0e-5,6867.379977881526,20008.004867571955,899.4308138383748,7819.30838270904,1.0e-5,1.0e-5,16066.204209916074,1.0e-5,1.0e-5,299.6714269964336,Sample 469,4.0922856768606005e9,4.624478277748992e9,5.042749762104368e9,1.3687355695991435e9,5.321926008883917e8,9.033713809661835,2.0647637209959917e7,9.373933166939718,1.5443005381211182e7,8.693494452383954,4.667575827858795e6,4.234268545861062e6,433307.2819977236
9014.908444237855,1.0e-5,1.0e-5,6120.950240745367,19159.891184994303,1.0e-5,9204.00532373829,1.0e-5,1.0e-5,16242.178474802182,1.0e-5,1.0e-5,680.714496233961,Sample 470,4.0985029279060946e9,4.6209543155211735e9,5.032687055061911e9,1.3459168666965516e9,5.2245138761507916e8,8.781389444717501,1.9875055894118045e7,8.849365876664573,1.5746324913582878e7,8.71341301277043,4.462599013518388e6,4.120286625764457e6,342312.3877539256
7318.035357855851,1.0e-5,1.0e-5,7234.209738538873,15596.929145801329,1107.0531209879232,16157.43841483182,1.0e-5,1.0e-5,15499.239595544706,1.0e-5,1.0e-5,1765.1068009150688,Sample 471,4.1289934051138678e9,4.656362624828169e9,5.13265608371947e9,1.4799561374969049e9,5.2736921971430075e8,10.208674895085066,1.919968013085772e7,11.213033393824833,1.6594890586720241e7,9.204316396345314,4.381168494752082e6,3.7621107428118074e6,619057.7519402618
7613.969258311126,1.0e-5,1.0e-5,6669.3590238024935,17146.62692600722,1.0e-5,11719.041361704954,1.0e-5,1.0e-5,16233.688581912867,1.0e-5,1.0e-5,2042.7356645671641,Sample 472,4.111795743177835e9,4.627079573437939e9,5.058631659039746e9,1.378388001463719e9,5.152838302601037e8,9.33507509493804,1.807029899813631e7,9.704046549338377,1.7046881559510607e7,8.966103640537707,4.226465277422262e6,3.7134228495953125e6,513042.42782694055
7944.161943330335,1.0e-5,1.0e-5,6941.381871960248,20462.542639664764,1.0e-5,11283.970378756676,1.0e-5,1.0e-5,15619.725765964406,1.0e-5,1.0e-5,916.3742499097186,Sample 473,4.1214645116211033e9,4.620441491002665e9,5.037542096180353e9,1.333178189736938e9,4.9897697938156134e8,8.953141677063645,1.8425119806265127e7,9.089616380382276,1.5203239678631542e7,8.816666973745011,4.285222792202395e6,3.789982233853535e6,495240.55834884953
8050.8057458702715,1.0e-5,1.0e-5,6706.439543612256,19832.60173564834,1.0e-5,11680.457962858942,1.0e-5,1.0e-5,15301.700567155323,1.0e-5,1.0e-5,2156.6796267386835,Sample 474,4.110099336950419e9,4.620532680357109e9,5.036358937413175e9,1.3420858575188212e9,5.1043334340669024e8,9.421159933081288,1.90255683835721e7,9.430817064986352,1.542543584412962e7,9.411502801176226,4.472172405176383e6,3.957863158311188e6,514309.24686519196
7743.945255872022,1.0e-5,1.0e-5,7374.820080495284,20669.713279169497,1.0e-5,10358.008469041106,1.0e-5,1.0e-5,15421.713548281175,1.0e-5,1.0e-5,1685.5041705227127,Sample 475,4.106257727703397e9,4.618085041955957e9,5.024946401339634e9,1.325550033019913e9,5.1182731425256085e8,8.782580334824617,1.90351800693842e7,8.83950594131485,1.5495907717263026e7,8.725654728334387,4.527048157716373e6,3.948010347789287e6,579037.8099270824
7496.68351419021,1.0e-5,899.7817624805377,6551.080329192848,20772.05509953379,1.0e-5,9864.169086730237,1.0e-5,1.0e-5,15825.062337876963,1.0e-5,1.0e-5,910.7591579548479,Sample 476,4.1145296701840734e9,4.617287061614942e9,5.024301792555602e9,1.3167868533121884e9,5.0275739143086785e8,9.090171859777358,1.8265429198563673e7,9.115632098046632,1.5667008708638988e7,9.064711621508089,4.341415398896493e6,3.7776449586706962e6,563770.4402257875
7328.793593552699,1.0e-5,1063.5727879197245,6598.0675900558235,19676.157328446567,1.0e-5,10803.967370284532,1.0e-5,1.0e-5,15905.358656090057,1.0e-5,1.0e-5,988.3639046187017,Sample 477,4.1141515009597387e9,4.616712344779733e9,5.021064379498019e9,1.311264913256567e9,5.02560843819994e8,9.126927514450745,1.7979054517825995e7,9.161854417811385,1.6093926582006657e7,9.092000611090107,4.293730489800105e6,3.7144797153908606e6,579250.7744092329
7355.306488410204,1.0e-5,967.8215201909217,6833.052171832146,20779.943460877024,1.0e-5,10195.810505004672,1.0e-5,1.0e-5,15749.7417693004,1.0e-5,1.0e-5,778.0208533254036,Sample 478,4.1137935249856777e9,4.616269053936729e9,5.020737471730488e9,1.3114123645385678e9,5.0247552895105165e8,8.758607098067634,1.8233242874321185e7,8.807484147406008,1.5707489279575162e7,8.709730048729261,4.361938921271287e6,3.7630604889535923e6,598878.4323176837
7411.5328241618645,1.0e-5,1112.0253520970186,6565.2616801219365,20319.81340780216,1.0e-5,10453.722943675557,1.0e-5,1.0e-5,15720.96446116474,1.0e-5,1.0e-5,1118.2259334807204,Sample 479,4.111674964857725e9,4.616363396217658e9,5.01979858077997e9,1.3115588004845579e9,5.0468843135993254e8,8.697775706217184,1.833641184642913e7,8.715444133417352,1.5798355039508346e7,8.680107279017015,4.380264812166291e6,3.7961611073205797e6,584103.7048457027
6931.544514121703,1.0e-5,1367.5067880569895,6439.230379239335,19444.22670037408,1.0e-5,10062.62113934654,1.0e-5,1.0e-5,16207.87012974833,1.0e-5,1.0e-5,1033.124666877827,Sample 480,4.114390042161008e9,4.616503784211318e9,5.021284197551658e9,1.3116745687309892e9,5.0211374205031013e8,9.000638829867675,1.7383423068007924e7,9.206930585675282,1.6677005026043989e7,8.794347074060076,4.219835973925992e6,3.596587107985091e6,623248.8659408869
7056.234508014871,1.0e-5,1249.859375336277,6679.467512619095,19897.267439864623,1.0e-5,10341.241095057361,1.0e-5,1.0e-5,15966.530502956606,1.0e-5,1.0e-5,979.4073173798095,Sample 481,4.1135246410098467e9,4.615943767934025e9,5.018646701492568e9,1.307824994041266e9,5.0241912692417765e8,8.889585942638105,1.772628888065245e7,9.08215173488763,1.6314623274591764e7,8.697020150388576,4.293113115712137e6,3.6624019162200415e6,630711.1994920878
7088.57034672528,1.0e-5,1226.8119239844511,6739.652643539752,20218.765350814276,1.0e-5,10202.875050434373,1.0e-5,1.0e-5,15896.647095238479,1.0e-5,1.0e-5,944.8275900662408,Sample 482,4.113105582700491e9,4.6158074805584755e9,5.017880425656062e9,1.3068477880531583e9,5.0270189785798466e8,8.675685325204789,1.7864545912186246e7,8.757762988909892,1.6161872447047913e7,8.593607661499687,4.323825322268373e6,3.691656770541682e6,632168.5517266844
7053.676171854123,1.0e-5,1260.5007813269528,6636.424284546636,20059.853157722577,1.0e-5,10283.708533390358,1.0e-5,1.0e-5,15941.69167092969,1.0e-5,1.0e-5,990.3386970471624,Sample 483,4.114234535286195e9,4.615743117472308e9,5.018211601130591e9,1.306445549502679e9,5.0150858218611336e8,8.832346700672128,1.7709543469403736e7,8.894910475488349,1.6242544817513827e7,8.76978292585592,4.29162575669027e6,3.6600295205047852e6,631596.2361854725
7108.1445231842035,1.0e-5,1190.675248782953,6751.441506946809,20167.463784710133,1.0e-5,10549.722131645965,1.0e-5,1.0e-5,15827.025040067598,1.0e-5,1.0e-5,988.8478931890719,Sample 484,4.114157073619915e9,4.615735338083528e9,5.01809868612196e9,1.306304960540476e9,5.0157826446361285e8,8.700621710333966,1.789895086130995e7,8.75341285335014,1.6044672050835777e7,8.647830567317794,4.318196305449556e6,3.6901475040985295e6,628048.801351021
7070.912686639393,1.0e-5,1217.3104843389328,6716.168098854397,20139.277456857748,1.0e-5,10390.310568236,1.0e-5,1.0e-5,15877.536385044674,1.0e-5,1.0e-5,1005.4046441709496,Sample 485,4.1140331673625326e9,4.615705455384943e9,5.017908867175098e9,1.306079111602723e9,5.016722880224103e8,8.630764557844993,1.7777292205228057e7,8.712842221550094,1.6176063733635603e7,8.548686894139887,4.309332717810678e6,3.6727486266461727e6,636584.0911644918
7076.592095755194,1.0e-5,1267.9885963858724,6679.293306649128,20135.409801602036,1.0e-5,10330.728256188479,1.0e-5,1.0e-5,15895.650858070356,1.0e-5,1.0e-5,968.1688937490195,Sample 486,4.1136831821989965e9,4.615678033968948e9,5.01759486545815e9,1.3058285147483554e9,5.0199485176995176e8,8.597986294244915,1.7789869719174273e7,8.65471673572779,1.6194058711391356e7,8.541255852762028,4.31166272023981e6,3.6754205173788113e6,636242.2028609933
7079.252663325882,1.0e-5,1235.446775905333,6702.136591179689,20158.288593404843,1.0e-5,10390.55198876244,1.0e-5,1.0e-5,15872.860129591953,1.0e-5,1.0e-5,989.9113591875579,Sample 487,4.113988051083936e9,4.615677825364889e9,5.017746493665646e9,1.3058271108824663e9,5.0168977428095275e8,8.748586126044946,1.778258241858258e7,8.803372123083388,1.6172267315274902e7,8.693800129006508,4.311771427184608e6,3.6740908664569785e6,637680.5607276175
7082.252290102284,1.0e-5,1258.5508321066852,6685.527090829126,20158.032777865217,1.0e-5,10362.68642643081,1.0e-5,1.0e-5,15880.807302224264,1.0e-5,1.0e-5,972.4345982913306,Sample 488,4.1138245276418095e9,4.615674964568343e9,5.017648992691999e9,1.3057984931738462e9,5.0185043692653346e8,8.809732605356022,1.7813190189804845e7,8.84111582461668,1.6156196018712621e7,8.778349386095359,4.313016144468911e6,3.679071380961937e6,633944.7635069635
7079.360303357265,1.0e-5,1259.6303573795115,6684.026076885625,20152.475688293463,1.0e-5,10353.101451199154,1.0e-5,1.0e-5,15884.936452231723,1.0e-5,1.0e-5,973.9057578108686,Sample 489,4.1138103649337134e9,4.615674679827315e9,5.017640494735742e9,1.305795944710455e9,5.018643148936023e8,8.771085605356026,1.779391629826915e7,8.802468824616678,1.6177118065695722e7,8.739702386095361,4.312244999532288e6,3.676052864166985e6,636192.1353652872
7080.184169350939,1.0e-5,1254.9302995902292,6691.243057268718,20160.711693107092,1.0e-5,10362.649740491443,1.0e-5,1.0e-5,15880.308914657267,1.0e-5,1.0e-5,972.5809394823092,Sample 490,4.113842183023171e9,4.615670443157381e9,5.017632630497138e9,1.305752634813724e9,5.018282601342102e8,8.838228264615328,1.77994844005084e7,8.894958706098205,1.6167941458419401e7,8.781497823132442,4.312939613483795e6,3.6774714035136513e6,635468.2099701397
14489.251475823383,1.0e-5,1.0e-5,1.0e-5,19975.679322123095,1.0e-5,1.0e-5,18642.777787849864,1.0e-5,14337.642382578606,1.0e-5,1.0e-5,1.0e-5,Sample 491,4.2024721111445937e9,4.942660943763037e9,5.702834994621159e9,2.2605369343346863e9,7.401888326184433e8,15.377777777777775,3.468725198575495e7,17.47861111111111,1.363669648411171e7,13.27694444444445,6.560199712273909e6,6.560199695503297e6,0.016770610000000002
9367.284079079946,1.0e-5,1.0e-5,1.0e-5,1.0e-5,1.0e-5,1.0e-5,2201.442252328609,7080.090865168616,18030.912841703725,1.0e-5,1.0e-5,1.0e-5,Sample 492,4.187983667649805e9,4.945949365330026e9,5.827634012671751e9,2.52133499236367e9,7.57965697680221e8,20.667500000000008,2.7547263356560636e7,20.941666666666666,2.6546138540185314e7,20.39333333333333,3.445010044910271e6,3.445010024429977e6,0.020480289999999988
14911.646826486818,1.0e-5,1.0e-5,1.0e-5,12810.013249105881,1.0e-5,1.0e-5,372.5409390520007,1765.6093054544558,17737.329935846385,1.0e-5,1.0e-5,1.0e-5,Sample 493,4.0533983953180614e9,4.735257069376159e9,5.2213105896142845e9,1.6539657145343494e9,6.81858674058097e8,11.245555555555557,2.8233215792254824e7,12.16333333333333,1.996527078113612e7,10.327777777777778,5.504085684203517e6,5.504085663727127e6,0.020476389999999994
12616.792398021249,1.0e-5,1.0e-5,1.0e-5,15771.399929485246,1.0e-5,1.0e-5,10943.835066315534,2309.6899564896103,12896.147446977295,1.0e-5,1.0e-5,7039.133873371244,Sample 494,4.108125963627426e9,4.818464062026272e9,5.584628609432346e9,2.2426671932109942e9,7.103380983988461e8,15.358184065532447,3.221245221221567e7,16.052330333123315,1.5351776536293738e7,14.664037797941624,5.992662614598005e6,5.992662587568254e6,0.027029744999999966
10139.155994495353,1.0e-5,1.0e-5,3471.4035687280825,17734.664884228452,1.0e-5,1.0e-5,10488.311087781398,3319.7504989222125,13577.686485457882,1.0e-5,1.0e-5,1.0e-5,Sample 495,4.1351054662524743e9,4.7063696376514e9,5.273430404296022e9,1.7053857046881723e9,5.712641713989257e8,11.259305555555557,2.343629187016478e7,11.869861111111117,1.4824567110741738e7,10.64875,4.40087192679787e6,4.232397919768173e6,168474.00702968414
8041.183357284974,1.0e-5,1.0e-5,6008.821729430746,17224.567802416834,1.0e-5,1.0e-5,4554.8105147657225,904.3477013490947,16372.307901346876,1.0e-5,1.0e-5,2348.4258362942546,Sample 496,4.045874026218467e9,4.708669062086243e9,5.340358846879027e9,1.9261746054533446e9,6.627950358677753e8,12.610544155996639,2.5762947184119914e7,15.455521597731579,1.857101479199386e7,9.765566714261714,5.240976651387242e6,4.70482122092531e6,536155.4304619298
13072.952919900741,1.0e-5,1.0e-5,3795.3918953309862,24376.60694303447,1.0e-5,1.0e-5,7414.846447950457,707.3334519551386,13508.316693418934,1.0e-5,1.0e-5,60.860130422120044,Sample 497,4.040066702118768e9,4.6693255343385315e9,5.131424979016006e9,1.5534577215747132e9,6.292588322197629e8,10.186917919344674,3.0594374332076684e7,10.7427342352447,1.1897457087799245e7,9.63110160344466,6.286217440448769e6,6.167035538741139e6,119181.90170762746
6696.385910141025,1.0e-5,1.0e-5,6649.909320111864,12980.006920559017,1.0e-5,1.0e-5,3135.342597165181,4039.036136666964,15043.73056274051,1.0e-5,1.0e-5,2540.8635575224266,Sample 498,4.062267614116743e9,4.6657107407898245e9,5.136869918966502e9,1.5457614830264378e9,6.034431266730813e8,11.081262139970598,2.1319472705435906e7,11.19094765771897,2.087658999705783e7,10.971576622222226,4.533532222243423e6,3.7977118503380124e6,735820.3719054039
7763.302975666054,1.0e-5,1.0e-5,7198.141302337057,18673.419557922563,1.0e-5,2252.2605302119678,6752.396817915994,1460.7791876531444,14461.948178405997,1.0e-5,1.0e-5,2068.1220391889515,Sample 499,4.0710200406121135e9,4.641806323699108e9,5.094024503371096e9,1.4752226424309697e9,5.70786283086995e8,10.352881878701956,2.233093715334431e7,11.1418861657635,1.6400516300243722e7,9.563877591640413,5.010759470904472e6,4.374128618899473e6,636630.8520049922
8535.668657845776,1.0e-5,1.0e-5,6918.074416867453,15786.089543634995,1.0e-5,5391.292296081091,1616.687511315463,1.0e-5,17422.63365410675,1.0e-5,1.0e-5,651.8768361444895,Sample 500,4.060262209683098e9,4.660910174709359e9,5.177212062568691e9,1.6332517407449257e9,6.006479650262611e8,10.731443988384795,2.246779691901464e7,13.131184657887,1.858543590583228e7,8.331703318882587,4.802784363200797e6,4.403090654407266e6,399693.7087935224
8406.247441290772,1.0e-5,1.0e-5,7211.5830292875435,17734.049163165397,1.0e-5,4056.297532753495,2394.910336216893,1.0e-5,16241.258798495182,664.5392806038323,1.0e-5,1272.2483908704114,Sample 501,4.0455638098326716e9,4.636576243771508e9,5.071405266122679e9,1.4606704786411777e9,5.910124339388369e8,9.380171009136738,2.301864436215694e7,9.676913240285659,1.7585641764366835e7,9.08342877798782,6.316403818000648e6,5.844763581194697e6,471640.236805947
7085.550543804103,1.0e-5,1.0e-5,7466.228025047909,17097.951345719383,1.0e-5,5609.243477941834,6571.849407502336,1763.0335018527028,14736.928948946867,1.0e-5,1.0e-5,571.018095669587,Sample 502,4.1146329338833523e9,4.642537819944181e9,5.099832778089166e9,1.442494802350797e9,5.27904886060829e8,10.266284139445498,1.9014932530862734e7,10.674696129972697,1.6981066147587206e7,9.857872148918299,4.283328275734686e6,3.6573093597013196e6,626018.9160333578
5562.996590877805,1.0e-5,509.3061362082273,9030.830936919723,22680.565067629253,1.0e-5,4284.0437805106485,8212.67330007364,1.0e-5,13074.516160167259,2709.398196674289,1.0e-5,1.0e-5,Sample 503,4.0988963759134836e9,4.6452448503320465e9,5.08396586935475e9,1.4237905124639702e9,5.463484744185625e8,9.550138888888892,2.1644512243177947e7,9.999444444444446,1.506823561615197e7,9.10083333333334,9.366576535432067e6,8.453728786389638e6,912847.7490424429
7913.875038212145,1.0e-5,1.0e-5,7233.462951073224,21268.95715529773,1.0e-5,6192.892269818805,5167.691108181409,1.0e-5,14876.4786346805,499.2984059671504,1.0e-5,812.5248980368693,Sample 504,4.105859928755477e9,4.629856171384747e9,5.061819596763525e9,1.3879230933868246e9,5.2399624262926984e8,9.368451130476792,2.0377823251735367e7,9.527925378281871,1.4855379343727373e7,9.208976882671706,5.45108450101317e6,4.91479359091357e6,536290.9100996009
3565.4524015624193,1.0e-5,3883.3305265453996,6324.509172347057,16087.730818360522,1.0e-5,3201.595697401794,4061.8074664466953,1759.6980597616177,15941.995846370593,851.5006459585819,1.0e-5,302.8465045274394,Sample 505,4.09623972173865e9,4.631032004646171e9,5.046288997474773e9,1.3653062685647256e9,5.347922829075204e8,9.261922883868936,1.526188832656353e7,9.504365376391519,2.158440346281201e7,9.019480391346358,5.363420414884186e6,4.1721385185049647e6,1.1912818963792315e6
8255.80396959832,1.0e-5,131.800186510911,6542.756924900541,18338.231250268673,1.0e-5,7759.2827661600595,1.0e-5,1.0e-5,17003.46437351954,1.0e-5,1.0e-5,371.61581477810427,Sample 506,4.1002318611075277e9,4.633570825396352e9,5.073026363230961e9,1.412250039958043e9,5.3333896428882444e8,8.981659853539178,1.939040029541815e7,9.736637368115945,1.6920659480224635e7,8.226682338962405,4.330460544621416e6,3.9217902377321627e6,408670.30688923894
6221.495231384938,1.0e-5,3696.4179661528483,4911.519707229779,18446.607652272698,1.0e-5,5823.5441746773895,3431.3273273240784,261.5623100314156,16406.966540244863,136.8462216621211,1.0e-5,375.31388962743335,Sample 507,4.09979800734585e9,4.623685957313292e9,5.038902936471122e9,1.354321908283102e9,5.2388794996744126e8,8.94559660961983,1.802238124206662e7,9.22022776593153,1.7710272399450187e7,8.670965453308128,4.5605095192231145e6,3.8782638524700697e6,682245.6667530419
5170.927126922254,1.0e-5,2463.1917754374454,5684.170964511332,17761.12863096819,1.0e-5,5562.996608139947,1392.5118833313738,1.0e-5,16785.156012422405,1084.2448347383388,1.0e-5,1613.3069324638366,Sample 508,4.097226397055302e9,4.624978706447136e9,5.033669788358267e9,1.3451344732140965e9,5.2775230939183414e8,10.530565568935101,1.6600085119309492e7,10.759937586851503,1.9441542639984556e7,10.301193551018695,5.866608489298593e6,5.033153439101522e6,833455.050197068
5569.379900137326,1.0e-5,1885.608223711835,6398.418247958933,16989.77764729063,1.0e-5,6415.303211041373,1428.9676912373538,1085.805702081944,16363.292950414609,1.0e-5,1.0e-5,1557.7433253897564,Sample 509,4.1036946010392456e9,4.621493577812707e9,5.029455262586234e9,1.3337223463205166e9,5.177989767734613e8,9.483315215879017,1.6518317085859438e7,9.722889803318635,1.8967007469993424e7,9.243740628439408,4.0791981206780756e6,3.283123742875194e6,796074.3778028669
5070.105752632055,1.0e-5,2448.4328119116417,6774.3948747589775,19023.466111554833,1.0e-5,6503.144329087577,2696.9390339460465,1.0e-5,15996.303172116524,820.1164595595092,1.0e-5,1382.5929240783587,Sample 510,4.1016514586508665e9,4.620220131083874e9,5.027522756201255e9,1.3331739226677682e9,5.185686724330076e8,9.157874614114684,1.6557360977979477e7,9.523645847216972,1.865848317656578e7,8.792103381012396,5.581720239059779e6,4.607073415294505e6,974646.8237652725
6230.813351309972,1.0e-5,2198.6604285344947,5732.511359101252,18992.43981952783,1.0e-5,6746.627087052541,1194.3577364253902,1.0e-5,16624.925613176765,107.12021889502968,1.0e-5,1673.125563948509,Sample 511,4.100048040996807e9,4.619437590730803e9,5.025975891317201e9,1.332466150906792e9,5.1938954973399514e8,8.889310272589794,1.722334007632665e7,9.072316527242183,1.806417697176819e7,8.70630401793741,4.489379323560489e6,3.7410580462726927e6,748321.2772877883
5559.162538647837,1.0e-5,2119.827075731395,5983.133123562714,16615.885929377822,1.0e-5,8022.684261691666,1.0e-5,1.0e-5,16903.126973192902,1098.2984642156791,1.0e-5,1167.8624148290678,Sample 512,4.097714569904393e9,4.619672445904707e9,5.020728620660255e9,1.3240702255114093e9,5.21957876000314e8,8.79304057206469,1.6697105637420168e7,9.021027987019533,1.9209410075690057e7,8.565053157109855,5.754974324630593e6,5.036617234148603e6,718357.0904819815
6046.702089981243,1.0e-5,1985.8923460311369,6083.198354032086,18781.67776105392,1.0e-5,8005.731552776025,975.8802818577228,104.7015597382842,16459.210123926427,334.4704639530138,1.0e-5,1100.6550714513576,Sample 513,4.11224434511687e9,4.618328777061113e9,5.026094347705786e9,1.3216155732335882e9,5.060844319442434e8,9.090601540432683,1.6670956233327879e7,9.217112755009456,1.772490319023022e7,8.964090325855912,4.612287169623491e6,3.892320587300801e6,719966.5823226828
4854.190991983913,1.0e-5,3271.2241244881807,5876.470191815917,18167.676767385074,1.0e-5,6938.5076612998055,1082.9709847507393,262.66796002799396,16677.73795848602,494.5506709565101,1.0e-5,987.5734106590129,Sample 514,4.105407683073278e9,4.617233393448701e9,5.018626722028414e9,1.314612367534849e9,5.1182571037542266e8,8.646787501491284,1.5678417538288573e7,8.773987513085489,1.925005557764792e7,8.519587489897082,4.828573481155539e6,3.8894643409293876e6,939109.14022615
5785.085140730372,1.0e-5,2550.910622623248,5782.348509394689,17914.928876451326,1.0e-5,8501.845499437512,1.0e-5,1.0e-5,16964.037120755922,375.9476803434772,1.0e-5,839.8444122327776,Sample 515,4.108352757123623e9,4.616913753568229e9,5.018972855891288e9,1.3126792010907228e9,5.085609964446061e8,8.965986945830707,1.6183554421732109e7,9.282883852636001,1.8573814957976554e7,8.649090039025415,4.61623102985695e6,3.8775071659766324e6,738723.8638803125
6385.507650590548,1.0e-5,1995.702927443215,5878.640124248522,18011.352018848804,1.0e-5,9176.17369393883,1.0e-5,1.0e-5,16656.59292197545,387.21563317090494,1.0e-5,1002.5790042395222,Sample 516,4.108063383681861e9,4.616606662962534e9,5.017974980136325e9,1.3112799136282558e9,5.08543279280673e8,8.799756795211097,1.694978336949122e7,8.907475385465242,1.7797828896337066e7,8.692038204956944,4.701701633314143e6,4.064860980005287e6,636840.6533088402
5390.755082422108,1.0e-5,2808.779690270078,5829.430242059272,18162.150247559275,1.0e-5,8158.988257460759,377.18380734012214,22.687703760795987,16767.01539720012,337.51519831985036,1.0e-5,1401.2589642354671,Sample 517,4.107132035138231e9,4.616460044790914e9,5.016998722176016e9,1.3104053644228868e9,5.093280096526831e8,8.683293690359173,1.5960607309764128e7,8.877113951102713,1.876797210634419e7,8.489473429615632,4.61653345556861e6,3.7868754294263422e6,829658.0261422653
5342.680465050002,1.0e-5,2890.659442048377,5904.661338003539,18521.714658658675,1.0e-5,8087.100141071253,560.7437036885603,1.0e-5,16709.653806013204,454.27894320628036,1.0e-5,941.2829908822288,Sample 518,4.1096378398705864e9,4.6161079782392435e9,5.016964350653646e9,1.3081828831974614e9,5.064701383686572e8,8.710572423881537,1.587526520480327e7,8.884335138542328,1.863145060982191e7,8.536809709220757,4.762097383195557e6,3.9215638811814333e6,840533.5020141196
5726.743016580913,1.0e-5,2739.82460243876,5728.1834065636685,18216.3685468199,1.0e-5,8437.778054117012,29.078910382188635,61.587034230450946,16810.641993471083,257.25948463635046,1.0e-5,1107.7201323470124,Sample 519,4.1075187376462717e9,4.615870591334358e9,5.015032270926396e9,1.3066752128721626e9,5.083518536880868e8,8.77871796677169,1.6239845743663931e7,8.916639484730105,1.845513403754186e7,8.640796448813276,4.489180271690869e6,3.7190080277789957e6,770172.2439118621
5717.604666605781,1.0e-5,2646.5733078476105,5820.594025031315,17978.087257605617,1.0e-5,8729.625393610766,1.0e-5,1.0e-5,16772.054837497075,455.3584729478245,1.0e-5,1016.979640854956,Sample 520,4.106805263897901e9,4.615900179991152e9,5.015033528100741e9,1.3073616123124301e9,5.0909491609325075e8,8.525540746397816,1.6317380672999546e7,8.65965283763915,1.8473995219345205e7,8.391428655156487,4.779518640542267e6,4.026636629172489e6,752882.0113697791
5822.056785397944,1.0e-5,2593.7875203565436,5850.743165193441,18353.372411865083,1.0e-5,8603.370741551418,1.0e-5,1.0e-5,16739.22843832127,393.91665298118164,1.0e-5,935.1610880753484,Sample 521,4.1076235507741046e9,4.615822316526543e9,5.015186366144688e9,1.3069268649887266e9,5.081987657524378e8,8.57623662720017,1.6384593432736225e7,8.700017732031087,1.8295839283630937e7,8.45245552236925,4.702166935408097e6,3.94947505317439e6,752691.8822336973
5519.992626234286,1.0e-5,2775.630992368748,5790.279321950966,18024.06144781409,1.0e-5,8438.307908144048,1.0e-5,72.50059373286757,16792.5737620644,413.5348934093925,1.0e-5,1099.296828726472,Sample 522,4.1070722834988585e9,4.61571685706966e9,5.014360833527264e9,1.3059325264860086e9,5.0864457357080126e8,8.76774009374081,1.6112809665720304e7,8.923614368746062,1.863033889811305e7,8.611865818735565,4.696781151288705e6,3.9127246418610364e6,784056.5094276654
5665.838032164184,1.0e-5,2653.0924019989875,5847.430685635734,18373.60478393334,1.0e-5,8395.668001441805,1.0e-5,34.551412798060326,16736.087061208338,377.73287244198815,1.0e-5,1110.9436328365823,Sample 523,4.1072390903291917e9,4.615717966588947e9,5.014481404620591e9,1.3060057523230445e9,5.084788762597552e8,8.606604220037815,1.6251769207125679e7,8.730476989960097,1.8430944098579835e7,8.482731450115525,4.676547017776653e6,3.89561337706599e6,780933.6407106664
5683.331431301996,1.0e-5,2640.1144768850204,5852.164569423808,18304.337371453494,1.0e-5,8529.487373002548,16.77073809021041,1.0e-5,16745.56128065782,399.8948879832255,1.0e-5,1091.4078704920867,Sample 524,4.1074563530990863e9,4.6157000855783205e9,5.014559288451948e9,1.3059621382264907e9,5.0824373247923416e8,8.640262541839952,1.6197237052941974e7,8.81974490573409,1.8478696833522838e7,8.46078017794581,4.7068607015877785e6,3.92376678670922e6,783093.9148785544
5590.034199729697,1.0e-5,2732.6954535523814,5820.592229693564,18213.196759810726,1.0e-5,8395.954434543568,0.2934782083688461,83.23207150830888,16770.4490654664,342.58125050913213,1.0e-5,1101.0139380109965,Sample 525,4.107437340875878e9,4.615689671950832e9,5.014509899773688e9,1.3058927867206676e9,5.0825233107495433e8,8.71827292094098,1.6179356902935445e7,8.895941722957366,1.8509130027496297e7,8.5406041189246,4.60440162853044e6,3.8231846057545734e6,781217.0227758656
5617.5101648010805,1.0e-5,2728.427496446247,5809.213846765983,18194.054887173148,1.0e-5,8466.231409143293,18.28636042126375,62.28962911409014,16770.49110187871,345.63952131175034,1.0e-5,1102.7539855000914,Sample 526,4.107509726897357e9,4.615675745494072e9,5.0144896365657215e9,1.3057938007400126e9,5.081660185967152e8,8.657946053686205,1.6159056507736465e7,8.813967223902543,1.8525804195843052e7,8.50192488346986,4.6117375115901865e6,3.8280368497893107e6,783700.6618008788
5598.663070582848,1.0e-5,2742.129507970876,5804.704545317786,18175.74084787512,1.0e-5,8448.642993293297,12.519363863900706,69.08443788980871,16775.311425512653,349.14317424225726,1.0e-5,1100.9203305800784,Sample 527,4.1074629290523825e9,4.615673616667326e9,5.014459414044177e9,1.3057822823686461e9,5.082106876149435e8,8.749049875880436,1.6169463131882122e7,8.903137080067212,1.852133502990067e7,8.594962671693663,4.613970162801472e6,3.831280621627304e6,782689.5411741614
5596.703815777444,1.0e-5,2741.117506949456,5808.8873063957335,18162.06385177055,1.0e-5,8477.763514597564,21.7235887238153,54.8098166623264,16774.851214524755,366.6706023217941,1.0e-5,1093.9569527317271,Sample 528,4.107443127038845e9,4.615673093890166e9,5.014446968853167e9,1.3057777167773206e9,5.082299668513212e8,8.59363912146608,1.6217770545137947e7,8.725999941860959,1.847672531095155e7,8.461278301071209,4.640606392447961e6,3.8718418775691986e6,768764.5148787557
5593.518763059993,1.0e-5,2744.303490932748,5808.704593723583,18145.440675273756,1.0e-5,8471.172974342091,18.853129428149145,71.55931513319362,16774.994736200082,351.20574690134066,1.0e-5,1096.8508138790285,Sample 529,4.107485810105887e9,4.615671328381138e9,5.014459572168199e9,1.3057620058493726e9,5.081855182752506e8,8.739302691619477,1.6105293983483942e7,8.918670829139586,1.858821955521856e7,8.559934554099367,4.615162957635921e6,3.8204272427254096e6,794735.7149105092
1.0e-5,1.0e-5,1375.324326452607,17207.13368551838,20819.191460853224,1.0e-5,1.0e-5,7034.23789634286,6516.106532334243,8491.468885872568,1325.1571276219806,1.0e-5,1.0e-5,Sample 530,4.032704549019776e9,4.763836126700867e9,5.482088177795218e9,2.167635679869795e9,7.31131577681091e8,14.188125000000012,1.3814947814552803e7,17.98847222222222,3.41126654514203e7,10.387777777777778,8.240789085497581e6,3.1644241683300813e6,5.076364917167525e6
1.0e-5,1.0e-5,6526.1566946904295,7258.634757835118,15793.521018160262,1.0e-5,1.0e-5,2907.8898956252133,949.9315777665595,16030.632480621916,3472.4636165911875,1.0e-5,1.0e-5,Sample 531,4.038790799706301e9,4.677332817084359e9,5.139047631684301e9,1.5619716465779414e9,6.385420173780583e8,10.486736111111107,1.7525170774341002e7,11.697916666666671,2.6768413061408624e7,9.275555555555558,1.0798896016835231e7,8.818388885214973e6,1.980507131620249e6
1.0e-5,1.0e-5,4234.4684054982645,11413.359585416269,20744.005827545137,1.0e-5,1.0e-5,14881.38182805833,5126.115499504701,9603.483652126839,1.0e-5,1.0e-5,1889.5952690474624,Sample 532,4.1201431558813486e9,4.693619923081429e9,5.230270747214088e9,1.6467784154653978e9,5.734767672000804e8,10.678415804452849,7.727474096679836e6,11.490617880697332,3.0202680740742303e7,9.866213728208365,5.038814735903988e6,888326.2943619177,4.1504884415420657e6
1.0e-5,1.0e-5,5164.198330745,8570.047468252655,17577.960082186815,1.0e-5,181.79269098155999,4010.3742310837956,2967.790612653537,13480.92235797751,2433.272686018056,1.0e-5,1421.6092884148177,Sample 533,4.036316460677299e9,4.645607958872192e9,5.084519916777145e9,1.4871154140047996e9,6.092914981948938e8,9.765250591052302,1.1536184132158972e7,9.775762038227269,3.0293389204477962e7,9.754739143877341,8.910369028732477e6,5.710825587250189e6,3.199543441482314e6
1.0e-5,1.0e-5,4920.1683915417425,8046.993550912546,18038.838124572,1.0e-5,1552.188828279901,8255.434469296373,2983.467361424938,13093.836025889123,2365.746441429198,1.0e-5,1.0e-5,Sample 534,4.1050340777888966e9,4.64767013325364e9,5.109430843372321e9,1.4661574757021039e9,5.426360554647436e8,10.582291666666672,1.1554265602059886e7,10.987083333333336,2.5242767174122624e7,10.177500000000002,7.593913026209665e6,5.168937350993753e6,2.4249756752159214e6
3773.595350204015,1.0e-5,1.0e-5,11583.708830750369,21045.67768492654,1.0e-5,114.91078026974756,8732.0239876223,6727.008180622253,9546.58402327574,1.0e-5,1.0e-5,1.0e-5,Sample 535,4.1093454956520514e9,4.644826490417655e9,5.089698050391462e9,1.4252241147132194e9,5.354809947656039e8,9.729375000000003,1.7488721010317102e7,10.247083333333332,1.8564273848425683e7,9.21166666666667,4.601366512301844e6,2.647201659260702e6,1.9541648530411262e6
674.3025728264937,1.0e-5,4924.366249262529,8445.834983822333,24298.21163111193,1.0e-5,1656.9976855828709,7905.287345959983,2003.2893586683565,11765.259520959304,2707.470530948686,1.0e-5,27.56146705633938,Sample 536,4.092790211132673e9,4.64134569499479e9,5.092191182102159e9,1.4502464580768542e9,5.485554838621175e8,9.880343971140517,1.2285056167873506e7,9.91013563780718,2.4198604678668458e7,9.850552304473851,8.95232883329095e6,6.103864372079037e6,2.8484644612119277e6
1264.4196099200112,1.0e-5,1827.3937619780422,10639.682119330582,18930.172985386627,1.0e-5,5738.835542504977,2802.6253749203183,2450.275532913654,13063.724717481698,2843.140544130099,1.0e-5,12.699523522177975,Sample 537,4.093020408691131e9,4.649035752415958e9,5.127427245400753e9,1.5127983296944153e9,5.560153437248268e8,10.080709042218025,1.3978611689140974e7,11.504667375551362,2.343696427609809e7,8.65675070888469,8.507130527652228e6,6.257773547369219e6,2.2493569802830094e6
622.5431359888277,1.0e-5,5184.296971306769,8244.42596190612,19331.525272059753,1.0e-5,4364.453268547416,5292.687129574185,2135.1678615652804,14256.78899590468,773.9883999827695,1.0e-5,764.702450175976,Sample 538,4.108576575177797e9,4.629099424997686e9,5.057697901864105e9,1.3777198035527265e9,5.2052284981988984e8,9.49006140088217,8.503883395898126e6,9.794398987523635,2.664656495221452e7,9.18572381424071,5.315734193534535e6,2.6235029431868135e6,2.692231250347716e6
1873.4719829498802,1.0e-5,6143.891237626875,5220.397497719796,15504.68109413614,1.0e-5,4238.822841152521,1125.9537668757828,626.6651302451492,17809.382664168686,996.8735375109576,1.0e-5,277.95952980373335,Sample 539,4.09186759704273e9,4.636688017139743e9,5.053898335358954e9,1.379241056535436e9,5.448204200970132e8,9.555513272904854,1.3930134765199905e7,10.46671753005671,2.3653263471803512e7,8.644309015752993,5.524945138204476e6,4.281397239101279e6,1.2435478991031928e6
3199.294389457997,1.0e-5,3908.252476330195,6549.624562558608,15285.53838155535,1.0e-5,3875.8669525482783,4579.564331150375,2147.868311444263,15512.937564628472,886.1806340187997,1.0e-5,385.41668905622646,Sample 540,4.096708184436374e9,4.6294108157769785e9,5.048675553342052e9,1.371232106470753e9,5.3270263134060407e8,9.521560363411048,1.4480449764732383e7,9.616868728250372,2.232727374580057e7,9.42625199857173,5.33749837560957e6,3.987091806131822e6,1.3504065694777477e6
1779.9853359305932,1.0e-5,5366.569452133105,6527.726593447324,19023.252506912515,1.0e-5,4282.863238729176,2359.1462108527685,486.3132697434331,16149.216776472678,1537.3703761621214,1.0e-5,543.0204870106058,Sample 541,4.094240188301327e9,4.624355564298703e9,5.032824391050993e9,1.3470530295019548e9,5.301153759973764e8,9.032702936567949,1.2801741282873958e7,9.165552856752788,2.326082892159255e7,8.899853016383114,6.496581382405616e6,4.74457482927336e6,1.752006553132261e6
871.5686604905912,1.0e-5,4972.001777488942,5949.518463420789,18221.508142529943,1.0e-5,5071.238075509947,4380.003871395307,288.6524521258458,15146.908222193077,2712.3018167462146,1.0e-5,2334.9348499609114,Sample 542,4.104849445324334e9,4.642572309517227e9,5.120163000323081e9,1.492904245804601e9,5.37722864192893e8,11.39718533245117,1.234685213788899e7,11.50193455505146,2.3795023197141316e7,11.292436109850877,8.157765837257873e6,6.247068304273426e6,1.9106975329844626e6
565.7100377205579,1.0e-5,4772.488277059348,6839.396918659076,15324.839204270093,1.0e-5,6864.298662668053,606.2029753521518,1283.5402796809826,16123.665607512956,1913.9430527572126,1.0e-5,1527.3136418800757,Sample 543,4.099727952184144e9,4.628762006198331e9,5.057083809110369e9,1.3856776598382633e9,5.290340540141872e8,10.371486311699227,9.975007885684645e6,10.604803603234613,2.6383757564833585e7,10.138169020163827,6.496994918271931e6,4.449273775465288e6,2.0477211428066452e6
2400.275663079935,1.0e-5,3927.7830879028115,7319.028106773243,17740.433949600516,1.0e-5,5914.2064929699945,4150.552683397309,1025.7346967566039,15068.013662370635,1431.0269206511161,1.0e-5,1305.9732022682313,Sample 544,4.103438726860837e9,4.622626868787348e9,5.03382026517919e9,1.3415749347101963e9,5.191881419265105e8,9.453195445410627,1.3219012657922644e7,9.539776652089898,2.2163137827744488e7,9.36661423873136,6.282300644643074e6,4.588742726007536e6,1.693557918635535e6
1464.719063653732,1.0e-5,5208.420792398601,6936.554285958469,18370.152388877865,1.0e-5,6590.434215391499,1754.9638769212497,112.56339085877329,16276.800124367435,1466.0407024229626,1.0e-5,1203.5404282975946,Sample 545,4.1006041752549186e9,4.623638983475163e9,5.045961622334019e9,1.3676800859379559e9,5.2303480822024494e8,9.05634046494434,1.1606300538098201e7,9.600309754883433,2.3872660883955646e7,8.512371175005253,6.26859307977407e6,4.392690461309576e6,1.8759026184644948e6
1373.7768680169,1.0e-5,5601.470211234259,6458.69021773425,16860.259020051486,1.0e-5,6609.240817691533,1615.7227902489387,911.0789280796441,16308.626841892661,965.5814095190615,1.0e-5,1201.553341129348,Sample 546,4.100975965955091e9,4.618910874000345e9,5.023799553094075e9,1.327712266232713e9,5.179349080452545e8,8.728078387355596,1.0877708423231203e7,8.759493399957996,2.4588285816576295e7,8.696663374753204,5.360238461849413e6,3.4938731989578065e6,1.8663652628915997e6
1186.9018364497008,1.0e-5,4565.082090624211,7172.168488336756,19210.815703946995,1.0e-5,6742.720107704532,536.7787631319353,700.4514784680084,15583.057280457435,1817.811629138301,1.0e-5,1375.8047835781438,Sample 547,4.103418486234723e9,4.619916382608377e9,5.027936752919162e9,1.332538636995222e9,5.164978963736545e8,9.232584995988237,1.0689354065834524e7,9.383334037681164,2.428730565742177e7,9.081835954295322,6.666492581220414e6,4.550890771420967e6,2.1156018097994453e6
2015.6862216837192,1.0e-5,4843.781984389806,6662.099535437829,18399.349631279976,1.0e-5,7033.8746190820675,1737.4902846950163,234.08377462905992,16118.204038857715,1588.352766106932,1.0e-5,721.5558576117062,Sample 548,4.106609526762965e9,4.618183249518099e9,5.022880128637868e9,1.320967480994673e9,5.115737227551333e8,8.999261100987187,1.2307371954439403e7,9.310049324049572,2.2505596682494428e7,8.688472877924807,6.304290994816006e6,4.634971248468156e6,1.6693197463478437e6
1998.453300256013,1.0e-5,5080.467213513201,6565.330487844018,19122.105448823942,1.0e-5,6546.371430366593,1957.1751073596586,475.5075956707918,15964.656394072948,1137.6017816584017,1.0e-5,923.9556467638013,Sample 549,4.1089000281049113e9,4.617310411835943e9,5.021601805063234e9,1.3169931701856143e9,5.084103837310322e8,8.887602565889523,1.1865246082656434e7,8.911901868557027,2.260398817096951e7,8.863303263222017,5.686964159795921e6,3.9282660032551945e6,1.7586981565407282e6
1648.3987233099774,1.0e-5,5562.053610235137,6144.641708540037,17897.531346727694,1.0e-5,7157.486114809171,1.0e-5,209.86286260583498,16802.450766671183,1382.667911449997,1.0e-5,813.8385960938502,Sample 550,4.102021202568682e9,4.617472502569006e9,5.017191118786919e9,1.3148885324361503e9,5.154513000003238e8,8.978940836798994,1.1444338838108722e7,9.150149879017015,2.3750181992404014e7,8.80773179458097,5.947028285358773e6,4.212002728681023e6,1.7350255566777468e6
2483.300058279122,1.0e-5,4564.4427821029185,6625.5896903661,19334.731761052102,1.0e-5,6926.491802226566,688.6442475182411,1.0e-5,16263.300535241058,1419.1985448049752,1.0e-5,1133.3123158711428,Sample 551,4.102667601371484e9,4.617187989775641e9,5.016647849570876e9,1.3134401079946268e9,5.145203884041579e8,8.757428761604704,1.2845255665671032e7,8.89081982125604,2.2067487616356842e7,8.624037701953377,6.225960558124127e6,4.619383891307386e6,1.6065766668167347e6
1421.666689597023,1.0e-5,5928.690027685953,6287.408051675931,18569.47502467325,1.0e-5,7670.242185867094,785.4353129682848,1.0e-5,16511.688497768228,1405.219296921683,1.0e-5,756.5356023118117,Sample 552,4.1061037626923e9,4.616545090369011e9,5.016726773840353e9,1.310804694619396e9,5.104413276767111e8,8.713878792921658,1.0880194028739585e7,8.786772429111533,2.384562872805176e7,8.640985156731784,6.027101450544352e6,4.166952008784566e6,1.8601494417597924e6
1606.5143001778824,1.0e-5,5092.372256451941,6452.784298507649,17551.517365836786,1.0e-5,7708.387153525838,336.80362841866474,568.2787337702147,16305.714071610644,1407.0146892799223,1.0e-5,1127.9150666044995,Sample 553,4.1063433012226844e9,4.616724461340913e9,5.017379148157812e9,1.3116905337520268e9,5.1038116011822873e8,9.082544327074146,1.118466243816927e7,9.25631866124764,2.365790069474636e7,8.908769992900657,5.904234173772394e6,4.1245020309218685e6,1.7797321428505308e6
2529.3558234126567,1.0e-5,4703.874179383683,6251.644092130181,18071.569497946522,1.0e-5,7118.484285201781,654.0323185624508,402.6465232494401,16490.668194253398,1100.0889496484372,1.0e-5,1009.0876427366501,Sample 554,4.106524723614747e9,4.616436028558139e9,5.016045917115272e9,1.309131082057658e9,5.099113049433917e8,8.782788210880069,1.2633697134880086e7,8.885319719764759,2.213365847070145e7,8.68025670199538,5.5554980334581835e6,4.0441201689002207e6,1.5113778645579605e6
1105.5739326978223,1.0e-5,6024.633330745231,6411.181703431422,18814.311413804033,1.0e-5,7660.731679945872,1.0e-5,415.5281763919738,16444.77771654822,1016.2709172777011,1.0e-5,1033.4871509564416,Sample 555,4.107717432866653e9,4.616593694745682e9,5.016778386547632e9,1.3092456454829288e9,5.088762618790292e8,8.790902926254992,9.99365374415997e6,8.902672382650705,2.4564644299143672e7,8.679133469859277,5.430895259523575e6,3.383581413731599e6,2.0473138457919653e6
1604.6190889798552,1.0e-5,5538.613954952908,6259.362894596833,18365.07736529323,1.0e-5,7606.7926238983955,1.0e-5,226.99869005864912,16533.226715711444,1284.8306428508827,1.0e-5,1149.7232213591385,Sample 556,4.1046903625683646e9,4.616030649218728e9,5.014071197896682e9,1.3074213840062714e9,5.1134028665036374e8,8.708256433438356,1.1123259523206213e7,8.80894431703424,2.3689728654696837e7,8.607568549842469,5.835115843185228e6,4.017096105661432e6,1.8180197375237981e6
1683.6537755273077,1.0e-5,5349.792458238227,6513.197118744479,18517.04712807943,1.0e-5,7745.296023308095,122.5331625674494,299.10627215087885,16360.857468174996,1338.3184777987362,1.0e-5,914.0464430406764,Sample 557,4.1057824874650598e9,4.6159425333379e9,5.014360513810587e9,1.306996006818214e9,5.101600458728404e8,8.817017554169293,1.1259444293587903e7,8.926787297920608,2.3462189337689135e7,8.707247810417988,5.908720758600033e6,4.083921115462666e6,1.8247996431373667e6
1462.3007246925217,1.0e-5,5739.069366455591,6175.474457370555,17990.979159212875,1.0e-5,7650.063178485548,241.14212746905062,519.6290868289364,16498.156465460754,1058.4711763421922,1.0e-5,1038.6883056428226,Sample 558,4.107830695766162e9,4.615943789268737e9,5.015491851071876e9,1.307209217108852e9,5.0811309350257486e8,8.830206844423444,1.0653683519284844e7,8.925778727830293,2.3973663948170435e7,8.734634961016596,5.417123425569153e6,3.5660983958093952e6,1.8510250297597477e6
1933.7135470500004,1.0e-5,5345.862106293752,6275.121998289327,18507.46805326525,1.0e-5,7502.089077264057,228.8156282345777,229.77457619000808,16510.833257967693,1197.3426368041671,1.0e-5,1008.3496796982151,Sample 559,4.105658219290113e9,4.615792272162919e9,5.013861231011551e9,1.3062719705700703e9,5.101340528728063e8,8.671991733543374,1.165667530189222e7,8.72665541003991,2.3064421534329858e7,8.617328057046844,5.723624293953722e6,4.003056083301728e6,1.7205682106519956e6
1829.360061226941,1.0e-5,5299.324756840975,6316.163101309748,18220.84944585771,1.0e-5,7722.939526878185,223.5441536820548,221.49041502558367,16458.19512638487,1378.2497124722122,1.0e-5,1008.4730264759829,Sample 560,4.1053418102424765e9,4.615770072405606e9,5.013635014945987e9,1.3061581472438915e9,5.1042826216313016e8,8.808584974900231,1.16173360750075e7,8.905017472673812,2.3163772126306497e7,8.712152477126656,5.958412866591922e6,4.236323562447698e6,1.7220893041442195e6
1763.9073958858958,1.0e-5,5413.564615665692,6318.659177372386,18232.521960229573,1.0e-5,7695.488815096747,93.77283923189817,315.0886256096625,16487.94689411294,1236.0639061408656,1.0e-5,1007.6310691738252,Sample 561,4.105461782471685e9,4.615705187904154e9,5.013503751449136e9,1.3058405325224326e9,5.102434054324692e8,8.828668899789962,1.1404962288833153e7,8.923758824574671,2.3362258851010963e7,8.733578975005255,5.746641031017917e6,3.980085993693439e6,1.766555037324477e6
1825.4946849710132,1.0e-5,5343.733034801553,6341.007273163254,18449.52563967911,1.0e-5,7655.523363735823,90.97866522079273,226.72387332126445,16473.78794536389,1294.5489255283378,1.0e-5,1016.9394494860403,Sample 562,4.105174524222685e9,4.615692456413369e9,5.013356013492892e9,1.30584504634973e9,5.105179321906844e8,8.712748169271164,1.1493284629401099e7,8.832004760722542,2.3264269320038967e7,8.593491577819789,5.857515958652949e6,4.096774834611156e6,1.7607411240417892e6
1874.9415392696096,1.0e-5,5337.967640912753,6329.570063659078,18361.21668143435,1.0e-5,7655.790424166453,171.82240707632863,257.97951369396105,16486.249526920856,1237.1721055562996,1.0e-5,993.9725928975653,Sample 563,4.1055755392487073e9,4.615683421877022e9,5.013542304237653e9,1.3058256473495765e9,5.101078826283143e8,8.781629285171183,1.1539536139619125e7,8.90472435593363,2.3201629095161337e7,8.658534214408741,5.767077798945211e6,4.025913372590209e6,1.7411644263549915e6
1828.2786256112329,1.0e-5,5339.058477280391,6323.185001920679,18333.320699927728,1.0e-5,7675.107087313875,86.15522389693342,248.24569593483048,16483.969085494802,1297.0964704463422,1.0e-5,1014.9147991662653,Sample 564,4.10509853299966e9,4.615678641497411e9,5.013296940332397e9,1.3058167061677237e9,5.105801084977512e8,8.825568451438778,1.1543273946288442e7,8.919477820667932,2.323579747117299e7,8.73165908220962,5.8508289320501825e6,4.1089384350875504e6,1.741890496962625e6
1793.976321626414,1.0e-5,5387.7927540206865,6334.741575172922,18246.67147356808,1.0e-5,7739.326202761888,142.91607967116266,271.72930608703257,16480.1028368065,1274.9431293941645,1.0e-5,984.7476275636213,Sample 565,4.105418452781035e9,4.615683863002357e9,5.01347935148485e9,1.3058563871863072e9,5.102654102213219e8,8.56427167655955,1.1444249315368433e7,8.60878464797312,2.3323902601427466e7,8.519758705145982,5.809486713584309e6,4.049969802458255e6,1.759516911126058e6
1811.61994628429,1.0e-5,5380.015607604216,6329.304117716491,18288.89146693822,1.0e-5,7697.669646215033,118.71425299257241,282.68531049442083,16485.64502745965,1249.7170574303746,1.0e-5,989.5394222592998,Sample 566,4.1054434124485984e9,4.615677321659517e9,5.013468619055656e9,1.305816504003197e9,5.102339092109184e8,8.665095841007098,1.1442630006889237e7,8.711528052076199,2.3317800774401695e7,8.618663629937991,5.7750623841734035e6,4.0145372259021834e6,1.760525158271207e6
1831.2590044276708,1.0e-5,5371.825005761322,6329.276478168208,18324.564744557105,1.0e-5,7684.555420788546,148.96788217870213,271.42807455428834,16485.525098299076,1237.3741978744224,1.0e-5,998.9723772111415,Sample 567,4.1055648496448064e9,4.615670844043316e9,5.013494798099451e9,1.3057539025107794e9,5.1010599439851e8,8.694061450850665,1.1531607827767655e7,8.813267632724216,2.321372449965092e7,8.574855268977108,5.762100431956591e6,4.021919830722576e6,1.7401806012340188e6
1.0e-5,1.0e-5,1.0e-5,11609.53166355545,14265.077006728434,11959.730140473905,8936.1238084837,1.0e-5,13455.32846029814,1.0e-5,1591.1309461170613,1.0e-5,3696.348918848323,Sample 568,4.1111267051500735e9,4.8023942250781975e9,5.735146508103483e9,2.5567720859786944e9,6.912675199281244e8,17.6993355942029,1.7880178448873416e7,17.699335594202907,2.4970940506433938e7,17.699335594202907,7.737361432036809e6,3.1992950740607767e6,4.538066357976063e6
1.0e-5,3160.3610862760393,1.0e-5,10776.559973322937,16034.443072865062,7092.212638419697,2551.005384572053,1.0e-5,16705.444969971853,1.0e-5,311.3753394774451,1.0e-5,234.2588594652154,Sample 569,4.075941351016769e9,4.720452716080206e9,5.367599761982128e9,1.938805456867282e9,6.445113650634375e8,13.133994684226005,1.6105047516814172e7,13.133994684226005,2.6406127247880027e7,13.133994684226005,5.758484638524519e6,613113.6395411952,5.145370998983336e6
1.0e-5,169.75630481091596,1.0e-5,14198.86164511969,15675.914179682357,6831.326432520069,6435.818224400497,1.0e-5,16286.720597390737,1.0e-5,1.0e-5,1.0e-5,864.0775938408588,Sample 570,4.0862187243786526e9,4.661907994653718e9,5.147011973245444e9,1.545897227458517e9,5.756892702750657e8,11.24009580739341,1.380441569732424e7,11.240095807393402,2.468233757024077e7,11.240095807393402,4.990194836843981e6,0.030726269999999993,4.990194806117704e6
1.0e-5,1.0e-5,1.0e-5,11893.901798546392,17036.727192076123,1.0e-5,5586.334251433337,1.0e-5,14784.39412260123,1.0e-5,5625.419631125285,1.0e-5,724.4553352189548,Sample 571,4.0654713645321894e9,4.679467355447985e9,5.12397404394189e9,1.5030093679036064e9,6.139959909157948e8,10.636729399285866,2.9931245878221765e7,9.791075868515023,1.276170208422665e7,11.482382930056719,1.3765144918649208e7,1.106442228906128e7,2.7007226295878952e6
1.0e-5,4120.867423975451,1.0e-5,10191.613136862372,16791.953566730357,2874.0700037958104,7313.245770492179,1.0e-5,15486.611587582976,1.0e-5,1493.964208763393,1.0e-5,1338.6029626071484,Sample 572,4.082607894327354e9,4.642989307745624e9,5.069824600223684e9,1.4140519983743913e9,5.603814134182695e8,9.274704895358118,1.83492492212629e7,9.262482673135898,1.9742855376545448e7,9.286927117580342,7.239427598009796e6,3.0454084939628076e6,4.194019104047006e6
1.0e-5,1.0e-5,1.0e-5,13706.834725582812,14316.6810011502,3095.191995182657,11481.412837230657,1.0e-5,17140.37712123194,1.0e-5,333.16949533123034,1.0e-5,1.0e-5,Sample 573,4.1339374257495975e9,4.660373336590489e9,5.130951675693472e9,1.4675925890468566e9,5.26435910840892e8,10.245347222222229,1.6286314125277847e7,10.212777777777783,1.941219705355388e7,10.27791666666667,4.462498909046619e6,565348.5360383327,3.897150373008291e6
1.0e-5,1.0e-5,1.0e-5,12964.553138963156,18990.632243919354,1.0e-5,8896.3218630858,1.0e-5,15999.099004904852,1.0e-5,1.0e-5,2135.1114073877143,591.0118222987697,Sample 574,4.1138936698299637e9,4.635005771289285e9,5.065694806908109e9,1.3824901726969678e9,5.211121014593212e8,9.830457338164255,1.4511662886088928e7,9.507828128964507,2.080106857580599e7,10.153086547364005,7.22525035938104e6,0.02567733499999999,7.225250333703722e6
1.0e-5,2508.7093871452767,1.0e-5,11616.395421288862,18525.841291885223,1.0e-5,8218.946676130507,1.0e-5,14876.129883041598,2543.252736378709,1.0e-5,1.0e-5,137.73724450818443,Sample 575,4.116815800993526e9,4.629479661005496e9,5.057210612082191e9,1.3681257621653607e9,5.126638600119697e8,9.548113585213194,1.2355291157396555e7,9.548113585213194,2.2454053557914633e7,9.548113585213194,4.0332547640562877e6,0.026293364999999975,4.033254737762915e6
1.0e-5,1.0e-5,1.0e-5,12963.805056120598,16918.47159383075,1.0e-5,10748.885389398016,1.0e-5,14198.736901079594,2727.730625665095,532.6881580806115,1.0e-5,1872.7452939764646,Sample 576,4.1191618259510775e9,4.632634564431791e9,5.0726731091699505e9,1.393549827957032e9,5.1347273848071384e8,10.837640045788705,1.3365604905613903e7,10.837640045788703,2.1463413421721715e7,10.837640045788703,4.655376531804548e6,929996.0170209707,3.725380514783573e6
1.0e-5,1714.82469693424,1.0e-5,11651.628652076866,18858.276464210347,1.0e-5,10465.36824002013,1.0e-5,13098.11512398106,2727.952748270576,1474.6074718773405,1.0e-5,952.7316808495345,Sample 577,4.1162488803725915e9,4.625946023667908e9,5.05582177443331e9,1.3694486448261209e9,5.096971432953161e8,9.358263285738296,1.433986704261237e7,9.358263285738296,2.0070114011327334e7,9.358263285738296,6.158191423135249e6,2.643135410946519e6,3.5150560121887294e6
429.8401393157439,1.0e-5,1.0e-5,14667.696527246097,22652.199734270565,1.0e-5,10126.636467900504,1.0e-5,13360.234210939732,1935.4940015707273,1.0e-5,789.5471016926227,1.0e-5,Sample 578,4.1115910111816373e9,4.626871985029437e9,5.046183432840896e9,1.3539038694707158e9,5.152809738477996e8,8.968611111111112,1.194242340601976e7,8.949583333333338,2.2536056173968904e7,8.987638888888892,5.60875507137497e6,346520.6505398931,5.262234420835069e6
619.7820749344477,1.0e-5,1.0e-5,13058.850540895095,18265.90526285765,1.0e-5,7801.960728387402,1.0e-5,10677.427431807764,6270.923721482437,1.0e-5,986.0046798675196,828.875570110616,Sample 579,4.101505885494833e9,4.621522336478079e9,5.029994816963175e9,1.3369614119534388e9,5.200164509832458e8,8.886886992354546,1.0196746372358685e7,8.886886992354547,2.5209211439612005e7,8.886886992354547,5.483204370898645e6,475959.04366221785,5.007245327236419e6
3346.8795878442293,1.0e-5,1.0e-5,11709.200196309615,22236.97376514428,1.0e-5,10495.944550089642,1.0e-5,12329.998075761396,2959.6228663656902,1.0e-5,159.93318349785167,1082.1678907604842,Sample 580,4.119704601898246e9,4.622534312504711e9,5.032353917979384e9,1.3224689215558105e9,5.028297106064654e8,8.923794121571104,2.052624429168979e7,8.9237301215711,1.3096454149080267e7,8.923858121571103,4.685699557771285e6,2.3110478599924804e6,2.3746516977787954e6
5046.252208127295,1.0e-5,1.0e-5,10290.497786695938,17415.46894458654,1.0e-5,12536.271544959201,1.0e-5,11953.69079682311,4424.352389068672,1.0e-5,18.46094526781487,7.719944395278471,Sample 581,4.113543205450399e9,4.632492767736404e9,5.057194695620953e9,1.3683534180551016e9,5.189495622860052e8,9.185041577777778,2.4737365352008503e7,9.18504157777778,1.0811426776108753e7,9.18504157777778,4.340882587403853e6,3.0766175440803277e6,1.2642650433235178e6
3220.343169976393,1.0e-5,1.0e-5,11469.982016039505,17924.90996912413,1.0e-5,11755.407577300533,1.0e-5,10822.935399719623,5553.453604410201,1.0e-5,1.0e-5,1201.1037065531013,Sample 582,4.114099045820191e9,4.621421483852718e9,5.033186996977433e9,1.3308534642819579e9,5.073224380325272e8,8.924292197773578,1.8968945678380158e7,8.92429219777358,1.5556740763253413e7,8.92429219777358,4.184319338894677e6,2.2162405960354e6,1.968078742859261e6
4391.664551426362,1.0e-5,1.0e-5,10599.288179151674,19969.437972075943,1.0e-5,10110.169174484245,1.0e-5,9947.548627029459,5563.866295413339,1.0e-5,1151.4458247247253,152.61279122632817,Sample 583,4.107498037486581e9,4.621832905044587e9,5.029288832841446e9,1.329246723151724e9,5.143348675580064e8,8.871508143079186,1.991499497604417e7,8.871508143079183,1.4972686688448675e7,8.871508143079183,6.0728957741713105e6,2.5850497087339386e6,3.487846065437373e6
3201.7321446883498,1.0e-5,1.0e-5,10984.397102348432,19001.309986347558,1.0e-5,9385.619374212203,1.0e-5,9058.80305282499,6945.986020130046,1.0e-5,1069.5707699640088,1100.916026770513,Sample 584,4.107472879727561e9,4.6185715791634865e9,5.022270685248024e9,1.3184969116049986e9,5.110986994359255e8,8.614979445284607,1.626521952218457e7,8.614979445284607,1.842772773997686e7,8.614979445284607,5.770319856843103e6,2.0271525623671045e6,3.7431672944759955e6
2114.766951006637,1.0e-5,1.0e-5,12284.438271966992,19388.078075165424,1.0e-5,10330.027118727474,1.0e-5,9449.825358414086,6822.054264393468,1.0e-5,450.5662960401212,807.4999098489039,Sample 585,4.116474396345953e9,4.617500686933249e9,5.023564110830439e9,1.3131531383816748e9,5.010262905872966e8,8.942110763453059,1.379203592575464e7,8.94211076345306,2.0099367633146755e7,8.94211076345306,4.7474833309704615e6,1.4963224955539724e6,3.251160835416474e6
1502.0623742445325,1.0e-5,1.0e-5,12174.252676617456,18991.613099362414,1.0e-5,9511.536412842814,1.0e-5,8443.957003524514,7745.532588786844,1.0e-5,1122.0078909092629,1211.2544614020549,Sample 586,4.1124165093097615e9,4.617071849346623e9,5.021034179525146e9,1.3125800003939056e9,5.046553400368616e8,8.825642136609959,1.0791166822018266e7,8.825642136609959,2.3387167197441988e7,8.825642136609959,5.645665762709658e6,1.051614817305241e6,4.594050945404396e6
2332.1599561368585,1.0e-5,1.0e-5,11902.778195230945,19942.63528370156,1.0e-5,9441.243973789526,1.0e-5,8440.374459762339,7536.583908937087,1.0e-5,967.4054391962619,794.6218293601543,Sample 587,4.112386124030121e9,4.616711346129336e9,5.019879760975348e9,1.31066205179124e9,5.043252220992153e8,8.717118795295109,1.3255566694757666e7,8.717118795295109,2.082433878441459e7,8.717118795295109,5.545796919658418e6,1.573428670161132e6,3.9723682494972856e6
2828.0445830460562,1.0e-5,1.0e-5,11628.969421459964,20615.630079946197,1.0e-5,10707.247732386199,1.0e-5,8758.205554428589,6651.483279592814,1.0e-5,902.5911720632644,1038.4231261834664,Sample 588,4.116160553366784e9,4.616621362589859e9,5.02064740724436e9,1.3085128985320764e9,5.004608092230751e8,8.729210993320732,1.5009483248760253e7,8.729210993320732,1.8672960510448594e7,8.729210993320732,5.552308658327888e6,1.8668107072261153e6,3.6854979511017655e6
2619.9742619767626,1.0e-5,1.0e-5,11455.615937433244,19262.488848740224,1.0e-5,9872.712607214396,1.0e-5,8193.060901905184,7926.803913466514,1.0e-5,862.8556463481192,974.1402294410362,Sample 589,4.1146514348716745e9,4.616121768117801e9,5.019193544037814e9,1.3076138850861526e9,5.0147033324612606e8,8.83784763730309,1.3820098058984214e7,8.83784763730309,2.0135282672437835e7,8.83784763730309,5.322106699990239e6,1.725994196192641e6,3.596112503797592e6
1985.3523138576477,1.0e-5,1.0e-5,12193.989978514332,19819.693535485803,1.0e-5,10273.14624696746,1.0e-5,8168.911352049107,7645.959563323258,1.0e-5,1002.4621624788997,947.6605396815013,Sample 590,4.1146949846565156e9,4.615997347366454e9,5.018667557294104e9,1.3066427825652378e9,5.0130236270993817e8,8.735401667380806,1.1997310100956196e7,8.735401667380803,2.185753927956873e7,8.735401667380803,5.566489470203054e6,1.3653259807064694e6,4.201163489496576e6
2436.549988238844,1.0e-5,1.0e-5,11884.565203175742,19849.33627715544,1.0e-5,9999.78643389952,1.0e-5,8142.035748056939,7854.540763209131,1.0e-5,681.0973539317905,1025.900383887191,Sample 591,4.1147723265478415e9,4.615931067359279e9,5.018783709783353e9,1.3068640256595855e9,5.0115874081143713e8,8.767696799411887,1.334885315115719e7,8.767696799411889,2.0496345358213745e7,8.767696799411889,5.132052718168195e6,1.6627355767491576e6,3.4693171414190168e6
2014.7589035953029,1.0e-5,1.0e-5,12091.189753989105,19309.072901418236,1.0e-5,9915.882274191355,1.0e-5,7903.726452294061,8250.024239445904,1.0e-5,853.6549950860851,943.953858708838,Sample 592,4.114142980993633e9,4.615801635458572e9,5.0181735186368265e9,1.3064024208214476e9,5.016586544649395e8,8.70914513719807,1.1892777115293242e7,8.709145137198071,2.2066013600654162e7,8.709145137198071,5.297404886107832e6,1.3894673700670132e6,3.907937516040814e6
2419.3929281464343,1.0e-5,1.0e-5,11795.16449363274,19768.979782413207,1.0e-5,10098.677973822394,1.0e-5,8038.866843750575,7814.940836678198,1.0e-5,954.650701567612,959.4274370787248,Sample 593,4.1141007459824343e9,4.615775739375078e9,5.018019453122156e9,1.3061624208867996e9,5.016749933926444e8,8.619549422978366,1.3138113329058567e7,8.619549422978366,2.0761838747696184e7,8.619549422978366,5.514680051924796e6,1.618843928298357e6,3.8958361236264445e6
2208.005734503401,1.0e-5,1.0e-5,11970.436673551014,19634.246534480106,1.0e-5,10036.631568617164,1.0e-5,7990.257270811715,8007.6483614559465,1.0e-5,860.1264688316717,958.4806116268927,Sample 594,4.114703956250663e9,4.615715639326562e9,5.018194812300848e9,1.3059700290244706e9,5.010116830758991e8,8.857105661415673,1.2505639692801856e7,8.857105661415671,2.1360564313354626e7,8.857105661415671,5.342963180706725e6,1.505225081199618e6,3.8377380995071013e6
2223.06526585508,1.0e-5,1.0e-5,12053.193749797978,19895.318909025525,1.0e-5,10173.203553489713,1.0e-5,8074.489603950888,7836.660145754262,1.0e-5,809.8500465177677,945.4792498401724,Sample 595,4.1152375521127944e9,4.615708548768101e9,5.018444844559213e9,1.30594358823753e9,5.004709966553065e8,8.708993682167613,1.2657052518125053e7,8.708993682167613,2.113344752558275e7,8.708993682167613,5.29739095094134e6,1.5239130070890342e6,3.7734779438523054e6
2143.5320317095384,1.0e-5,1.0e-5,12068.838786107966,19692.714140949403,1.0e-5,10108.772398121167,1.0e-5,7991.109858528944,7991.289341227929,1.0e-5,832.8862384507985,958.5300671756709,Sample 596,4.1148737442536287e9,4.6156881998953705e9,5.018216924201686e9,1.305871904254374e9,5.008144556417416e8,8.606465547490025,1.2324278949311433e7,8.606465547490028,2.1517912241536908e7,8.606465547490028,5.309026831618528e6,1.4726230706520583e6,3.8364037609664584e6
2375.084016350606,1.0e-5,1.0e-5,11843.41942158159,19620.720106698096,1.0e-5,10062.374388022141,1.0e-5,7999.927373236586,7997.913290966201,1.0e-5,822.3062282056168,964.7860899712101,Sample 597,4.114680234096381e9,4.6156895377818575e9,5.018113257819375e9,1.3058567437605112e9,5.010093036854766e8,8.77093909187146,1.3005185726628006e7,8.770939091871456,2.086585346197571e7,8.770939091871456,5.298711846941928e6,1.605407381980732e6,3.6933044649612e6
2296.632424670172,1.0e-5,1.0e-5,11903.355975005014,19663.819090574216,1.0e-5,10049.435049533542,1.0e-5,7973.534987065757,7993.696397245467,1.0e-5,872.6970378851707,953.9900136792043,Sample 598,4.11452379703903e9,4.615676927912237e9,5.017995008653442e9,1.3057892923556173e9,5.0115313087320673e8,8.7168991810544,1.2767696220909486e7,8.716899181054398,2.1107678552479308e7,8.716899181054398,5.371350175532483e6,1.5556171557437975e6,3.815733019788677e6
2255.6488840829993,1.0e-5,1.0e-5,11948.180787123838,19674.65885257878,1.0e-5,10043.729278518615,1.0e-5,7972.137938084371,8010.650089486278,1.0e-5,850.3567343881772,956.738561530197,Sample 599,4.1146475765670114e9,4.615672294083866e9,5.018040011400319e9,1.3057601521497586e9,5.0102471751685524e8,8.75887770165932,1.2627754268730337e7,8.75887770165932,2.1235628348345477e7,8.75887770165932,5.336941534640477e6,1.5346737498264962e6,3.802267784813972e6
7861.425105649443,1.0e-5,1.0e-5,5353.456135740822,11995.427333960226,9127.041321728899,4766.354749104196,1.0e-5,1.0e-5,15872.540098028277,1.0e-5,1276.9075541825882,1295.143857142509,Sample 600,4.083076139743762e9,4.828867471318242e9,5.643169609716605e9,2.3743956083712063e9,7.457913315744803e8,14.768015696156272,2.8736397403351314e7,22.448394515101874,1.884361856791712e7,7.087636877210672,6.812522527514683e6,4.4346188943630345e6,2.377903633151654e6
7629.370854642566,1.0e-5,1.0e-5,6058.667471252066,11392.606232848517,13536.137251947366,11363.68023506892,1.0e-5,1.0e-5,14302.597604392953,1.0e-5,1.0e-5,1479.7429635102253,Sample 601,4.138624134023143e9,4.757574076377556e9,5.490987809350014e9,2.0857774082993286e9,6.189499423544132e8,13.971390481789541,2.431529074985083e7,17.216250239361493,1.4965143098481406e7,10.7265307242176,4.90012973889124e6,4.260924847275814e6,639204.891615417
8482.103517002173,1.0e-5,1.0e-5,3251.0669034787807,15273.208237420065,4925.096445031296,6624.128540968898,1.0e-5,1.0e-5,13005.259391335107,1.0e-5,4774.199777646023,3126.082895651885,Sample 602,4.054226436440279e9,4.713214270521867e9,5.276852562232274e9,1.7862644175024009e9,6.589878340815881e8,13.211751308947704,1.5579298476279948e7,13.712620282251633,2.8825194807472043e7,12.710882335643777,1.3967063016920108e7,3.2773872359285755e6,1.0689675780991545e7
7523.445831697348,1.0e-5,1.0e-5,7445.515383151075,14659.715705114038,7203.2038464683665,6997.494400911768,1.0e-5,1.0e-5,14854.551800658533,167.68422549356166,1.0e-5,3323.0108616791063,Sample 603,4.056638532771711e9,4.664349374845602e9,5.155445316969417e9,1.5899027263215191e9,6.077108420738916e8,11.686572394160892,2.370361716153023e7,12.86857739378282,1.70437819434734e7,10.504567394538965,5.949355452708036e6,5.075362993873038e6,873992.4588349942
6979.908831873725,1.0e-5,1.0e-5,6033.737633762121,14351.398828450743,6946.106165914079,11577.99192918233,1.0e-5,1.0e-5,13271.345756713441,1156.9235717204358,1868.01628932682,1715.2471646488573,Sample 604,4.103528667418429e9,4.661694943429923e9,5.16028161214321e9,1.5553396134380682e9,5.581662760114942e8,11.212047309241758,1.7431791925130647e7,11.495308086914514,1.9880324866260115e7,10.928786531568997,9.735397719308998e6,5.185235866686287e6,4.550161852622705e6
6935.581375251245,1.0e-5,1.0e-5,6405.743051453101,15897.553408321613,2620.8463216144787,4794.064340901614,1.0e-5,1.0e-5,15148.289795291179,1900.1389588465354,1013.1719270296321,2055.092059936721,Sample 605,4.0381420139368687e9,4.644226667428072e9,5.0783120919524355e9,1.474255502539931e9,6.06084653491203e8,10.255985846964924,2.0816574560799774e7,10.36796642352447,2.0827900165666714e7,10.14400527040538,1.0271986870758045e7,7.277656686308268e6,2.9943301844497593e6
8067.267653033018,1.0e-5,2465.9467149535762,3431.440953800251,13681.254709896248,5108.562352118378,10793.012720194554,1.0e-5,1.0e-5,15655.743445751095,1.0e-5,1.0e-5,2603.473195470162,Sample 606,4.099918144182121e9,4.649002069303405e9,5.138118188469318e9,1.527316163453112e9,5.490839251212844e8,11.599476304599875,2.0545538499685045e7,11.74800573618987,1.6446168079315247e7,11.450946873009869,4.646725488607672e6,4.247864421533226e6,398861.0670744355
4801.864681187147,1.0e-5,3969.1733048752003,6099.837401385712,14930.348995476677,8696.141779549453,10158.996356754938,1.0e-5,1.0e-5,14380.380401603217,563.5321561678319,1.0e-5,1273.7805581049324,Sample 607,4.0948650599266524e9,4.640404104405778e9,5.104805588959762e9,1.4743420135870934e9,5.455390444791257e8,9.787836151018697,1.840273232541006e7,9.821263083385846,1.7897702311033502e7,9.754409218651546,5.877803761571256e6,4.581243691405603e6,1.2965600701656453e6
2215.9732941415496,1.0e-5,3109.0950739506543,8434.25367498493,13955.962076986942,3012.0067843412876,14261.022955698707,1.0e-5,1.0e-5,14389.347861469276,1113.4044631795098,1.0e-5,5109.671717561537,Sample 608,4.087915424577865e9,4.662346298178112e9,5.159652194396459e9,1.56904266603694e9,5.744308736002468e8,10.973788006637262,1.3957683235216247e7,11.600230158118046,2.4851612919166654e7,10.347345855156487,6.945862240442401e6,4.642575925186985e6,2.3032863152554226e6
4282.788763581318,1.0e-5,2799.3904832584726,7199.091214627582,14082.4475348625,3611.022591652193,10028.366174572211,1.0e-5,1.0e-5,15442.543726886,1355.4463700803867,1.0e-5,2326.2238713368724,Sample 609,4.0814902296844254e9,4.631485776786557e9,5.062292124097889e9,1.411608241724797e9,5.499955471021315e8,9.234480943961358,1.727493925634965e7,9.273523780424286,2.0276343225643393e7,9.195438107498427,6.87570068174319e6,5.654676257897144e6,1.2210244238460457e6
7624.972059669323,1.0e-5,1.0e-5,6412.10424223457,13998.769491309426,1288.6649782597356,8287.255039583451,1.0e-5,1.0e-5,17188.328059494834,1183.007125577849,1.0e-5,1.0e-5,Sample 610,4.08865767158614e9,4.659269734569031e9,5.148852974656128e9,1.549778543157086e9,5.706120629828905e8,9.982569444444449,2.061719184374865e7,11.67027777777778,1.8414041185267877e7,8.294861111111114,6.166500615393355e6,5.783322028274346e6,383178.5871190054
7242.042229012332,1.0e-5,89.97136706687155,6190.910371032649,16336.69098087771,1.0e-5,8873.384752871685,1.0e-5,1.0e-5,16592.130976169432,644.4605370146544,474.05955246586876,1517.0523199303561,Sample 611,4.097662736419766e9,4.629811947480144e9,5.067491287862561e9,1.407507891825213e9,5.321492110603779e8,9.11036170136526,1.7394363788344603e7,9.819245984499052,1.9051336800954945e7,8.401477418231467,5.86884583082164e6,4.49457464950649e6,1.3742711813151597e6
5629.759584470757,1.0e-5,1506.9361178325992,6179.363631596919,17588.13879824503,1.0e-5,7855.551720498076,1.0e-5,1.0e-5,16667.818300434854,775.6879312586749,1.0e-5,2267.4427769692443,Sample 612,4.1021630604628916e9,4.623109182729845e9,5.037498710867375e9,1.3497251785420136e9,5.209461222669539e8,9.733644460302457,1.6423065012386251e7,10.150884865616469,1.9074704919329483e7,9.316404054988451,5.3396471484009065e6,4.552334630205579e6,787312.5181953328
7729.449138514517,1.0e-5,71.34959293644539,6113.529177736656,18321.950023839425,1.0e-5,7463.972167918799,1.0e-5,1.0e-5,16019.227843739027,755.9768025125621,713.8704899238805,1164.8123636975201,Sample 613,4.0868074435735726e9,4.622808388827662e9,5.0308815037580185e9,1.3521471751148024e9,5.360009452540895e8,9.27711865763495,1.806496045317456e7,9.572921524553667,1.861077627573699e7,8.981315790716234,6.718981925187169e6,4.86432231815229e6,1.854659607034887e6
3685.061443763084,1.0e-5,2892.809847665241,5839.58004737849,15839.928360873662,1.0e-5,7366.854897411674,1.0e-5,1.0e-5,16649.82033283569,2407.681245876948,1.0e-5,1496.4057958920812,Sample 614,4.0926031974021206e9,4.624483617566961e9,5.032608055610937e9,1.3481292962527926e9,5.318804201648402e8,10.399572368725062,1.5607128792239174e7,10.492571723377445,2.1075901610487465e7,10.30657301407267,7.6361554994916525e6,6.647466815159101e6,988688.6843325436
5294.970320237748,1.0e-5,2143.7145239868682,5701.822670635108,17149.172560971325,1.0e-5,8512.457646651153,1.0e-5,1.0e-5,16251.764465331315,1084.8214191748386,481.00705630641284,1899.3625620011007,Sample 615,4.098390790381238e9,4.618876739550491e9,5.022376416122233e9,1.3274853023127384e9,5.204859491692531e8,9.41463109521109,1.5624596636921888e7,9.494216497332495,2.0015364690958895e7,9.335045693089688,6.506710169446821e6,4.798667426414895e6,1.708042743031935e6
4222.070948207498,1.0e-5,3210.9405974855426,5814.793426618338,17740.060733173777,1.0e-5,6133.668757474947,1.0e-5,1.0e-5,16922.51755785485,1236.007887762408,1.0e-5,1624.282655245548,Sample 616,4.0909969641816797e9,4.620504795859176e9,5.022944854604889e9,1.334387949168923e9,5.2950783167749566e8,9.355602142785136,1.558261254988472e7,9.577202227011131,2.0633557655236695e7,9.134002058559126,6.062855280789616e6,5.013594274001647e6,1.049261006787967e6
4382.6527883196795,1.0e-5,2925.0785637892013,6057.306558717086,18109.214900147064,1.0e-5,8527.272899593758,1.0e-5,1.0e-5,16210.996235915563,621.2722245738862,519.6270695917179,2270.867546114653,Sample 617,4.103055751423986e9,4.617937944547495e9,5.021100037263102e9,1.3212063785547209e9,5.1488219312350863e8,9.210736704578872,1.4177530812988373e7,9.525970400294058,2.085380259157186e7,8.895503008863686,5.864038478982995e6,3.836771534347103e6,2.0272669446359011e6
5888.902786502852,1.0e-5,2000.222236143516,5962.479933698345,17737.818001686835,1.0e-5,8234.378899026935,1.0e-5,1.0e-5,16538.140212104394,612.7104703492124,173.75978469537404,1700.3949264377243,Sample 618,4.0982499458452024e9,4.617766722800636e9,5.019531921419742e9,1.3230471741936455e9,5.1951677695543337e8,8.636625001470284,1.6606443176745364e7,8.741425142617102,1.8905913781285435e7,8.531824860323468,5.401460554542075e6,4.34190642468083e6,1.059554129861249e6
4239.924258663859,1.0e-5,3353.751823544716,5756.142897575294,17339.28194087732,1.0e-5,8283.696759116501,1.0e-5,1.0e-5,16845.187209795014,800.3987212948318,1.0e-5,1892.1152031495956,Sample 619,4.1056316404646525e9,4.616769084121721e9,5.017022279451527e9,1.311643834316678e9,5.1113744365706897e8,8.731709441104815,1.4583738709649313e7,8.924507646628863,2.033244022228981e7,8.538911235580763,5.212885209672397e6,4.175657354535942e6,1.0372278551364465e6
4825.214495233687,1.0e-5,2488.23851246151,6171.63896161156,18608.68523236007,1.0e-5,7893.775120223508,1.0e-5,1.0e-5,16465.6657100369,1067.4246873260797,1.0e-5,1431.226622902525,Sample 620,4.10766755251047e9,4.617226982836954e9,5.019936564068639e9,1.3149785927898533e9,5.095594303264837e8,9.017058112812434,1.5574113140739867e7,9.229472268725056,1.9083690426882382e7,8.804643956899811,5.645860836974055e6,4.71858746610547e6,927273.3708685727
4960.065522629312,1.0e-5,2868.884305972968,5785.602960870483,18341.48106808932,1.0e-5,8555.743129717108,1.0e-5,1.0e-5,16391.88605799683,675.4324951439767,149.36591977995792,1867.6474527194703,Sample 621,4.106944736287686e9,4.616407846493099e9,5.016885038531168e9,1.3104174942815518e9,5.094631102054138e8,8.774394552467967,1.5306925599644912e7,8.842858177777781,1.9358571987325437e7,8.70593092715816,5.345495348940179e6,4.139541641324665e6,1.2059537076155148e6
4558.1241156472015,1.0e-5,2932.702773948059,5929.115909289474,17546.335675158272,1.0e-5,9020.671486318568,1.0e-5,1.0e-5,16472.324254317813,932.5109683285283,162.35725385626242,1659.5117293182175,Sample 622,4.108767037879373e9,4.61628251120669e9,5.016480531754866e9,1.3079115144236689e9,5.07515473327317e8,9.15175487626549,1.487109748888342e7,9.326746663978156,1.9780402495437838e7,8.976763088552824,5.628813310582484e6,4.393684071601046e6,1.2351292389814483e6
4172.848219846188,1.0e-5,3532.5083827701187,5571.800247647371,17817.98634272162,1.0e-5,8427.864807864407,1.0e-5,1.0e-5,16475.445000461325,838.4382589426265,433.7210977704735,1590.1050097650923,Sample 623,4.107090007675266e9,4.61623096690236e9,5.015791568986312e9,1.308262163394999e9,5.091409592270941e8,9.243723067002733,1.395918008462069e7,9.350911945179579,2.0769590760395836e7,9.136534188825877,5.874519273757104e6,4.066710556049808e6,1.8078087177073099e6
4540.3793927015895,1.0e-5,3132.2650742967626,5839.217839163602,18066.599686992504,1.0e-5,8559.44971655361,1.0e-5,1.0e-5,16533.11128898434,711.9715399353752,182.16143759640127,1700.0187810243376,Sample 624,4.108573790276857e9,4.615846699901174e9,5.015418983616581e9,1.3064174770551317e9,5.072729096243163e8,9.135194702646505,1.4661918013684157e7,9.330268149170344,1.9892585248868078e7,8.94012125612266,5.359169456488303e6,4.046919784316611e6,1.3122496721716914e6
4322.172101913432,1.0e-5,3281.723800051775,5820.8625933376325,17928.56297594754,1.0e-5,8914.240515248113,1.0e-5,1.0e-5,16381.512494404664,726.3659905017028,340.29249989729317,1809.0218020135014,Sample 625,4.1087301145059447e9,4.615819225447381e9,5.015472983667662e9,1.306396627381999e9,5.070891109414363e8,8.773854591577406,1.4135080851300074e7,8.854574149212356,2.041281199045405e7,8.693135033942452,5.608343753758909e6,3.9559802579103573e6,1.6523634958485672e6
4701.5462664358065,1.0e-5,3062.2693434365606,5782.740729626203,18047.089991977686,1.0e-5,8707.858652399964,1.0e-5,1.0e-5,16472.781125283014,654.4342769977635,281.75890655368823,1648.7950254894254,Sample 626,4.108502261660093e9,4.615738657493897e9,5.015110268130695e9,1.3059796171074e9,5.0723639583380437e8,9.231061225246801,1.462766030729755e7,9.376631811426167,1.9935675017399363e7,9.085490639067425,5.425270816940798e6,3.9578898607767345e6,1.467380956164065e6
4605.3735532260425,1.0e-5,3095.5470093874305,5841.144443241346,18095.826477203114,1.0e-5,8679.950336145139,1.0e-5,1.0e-5,16483.748390801244,678.6303536446843,218.92630788911188,1706.6612854418643,Sample 627,4.1086998806826663e9,4.615693716804275e9,5.015148556166492e9,1.305903514846045e9,5.06993836121608e8,8.7626887835889,1.465083091153884e7,8.85413124863128,1.9880626584958557e7,8.671246318546523,5.37091870604358e6,3.998299529839066e6,1.3726191762045212e6
4502.135339871897,1.0e-5,3130.398846655516,5851.830727427509,17958.654109167168,1.0e-5,8693.35165892376,1.0e-5,1.0e-5,16476.975130836036,785.5114828064284,219.76101891332976,1660.7376110281027,Sample 628,4.1083405549099216e9,4.615694716781655e9,5.014940487058543e9,1.3058457024255102e9,5.073541618717333e8,9.155029560281454,1.4573707847270682e7,9.341460520982986,2.0008035970777225e7,8.968598599579918,5.5162643949301345e6,4.12580629062472e6,1.390458104305418e6
4517.244446439636,1.0e-5,3177.4224688799623,5812.49564148081,17983.717987731947,1.0e-5,8770.051876978961,1.0e-5,1.0e-5,16482.924618565685,684.2024165332748,248.37537713424294,1719.5094511254763,Sample 629,4.10886227094792e9,4.615687569559219e9,5.015181786347996e9,1.3058137321888518e9,5.068252986113e8,9.211930051648816,1.4472349444527864e7,9.354295164839321,2.0059696414944734e7,9.069564938458306,5.409908478427414e6,3.968840279858862e6,1.4410681985685562e6
4535.900479990334,1.0e-5,3147.3611482200013,5823.454649619555,17993.509731226262,1.0e-5,8699.497615188971,1.0e-5,1.0e-5,16488.793329686487,721.2874393058404,233.5086561686914,1679.591742750388,Sample 630,4.108544345972354e9,4.61567816298011e9,5.015009017558683e9,1.305795526164903e9,5.0713381700775605e8,8.778938117391307,1.455527174119499e7,8.872275452804036,2.000311799793672e7,8.685600781978582,5.444018920743764e6,4.034935801810374e6,1.409083118933403e6
4563.542492378928,1.0e-5,3142.167645644337,5820.418908501949,18060.763940532433,1.0e-5,8690.09019529388,1.0e-5,1.0e-5,16486.146844468672,678.9050914547413,239.07489042965284,1699.5090686205153,Sample 631,4.108706841838661e9,4.615672249803892e9,5.015070126781323e9,1.305761161920093e9,5.069654079652305e8,9.216689804578872,1.456590510977265e7,9.361763815584963,1.9968446295411e7,9.07161579357278,5.394842352077848e6,3.9806806983179674e6,1.4141616537599077e6
1.0e-5,1.0e-5,1.0e-5,10988.81776457401,9874.44959049286,4723.273309640089,11398.083158193193,1.0e-5,18918.068012960382,1.0e-5,1.0e-5,1.0e-5,336.4578417058516,Sample 632,4.1844834597253275e9,4.772897048695049e9,5.533589303899748e9,2.1097980993791184e9,5.884135889697219e8,14.313454280613316,1.985693807327196e7,14.285207613946653,1.8478129387325473e7,14.341700947279993,3.2239697910243226e6,0.024177249999999983,3.2239697668470684e6
1.0e-5,1.0e-5,1.0e-5,11886.192396317914,13949.451432255175,1.0e-5,5732.6097043713835,1.0e-5,19735.53038784712,1.0e-5,1.0e-5,1.0e-5,463.8168127102544,Sample 633,4.1084956102853255e9,4.67870472510817e9,5.264934089725037e9,1.7426678440565786e9,5.702091148228445e8,12.163490391304347,1.996109709097311e7,11.344673872715818,1.902385731532395e7,12.982306909892886,3.709655394221519e6,0.025420384999999966,3.7096553688011286e6
1.0e-5,1.0e-5,1.0e-5,13712.779236098011,13419.54647028105,6613.6541840784585,5585.559282086687,1.0e-5,17698.778914621264,1.0e-5,1.0e-5,1.0e-5,1.0e-5,Sample 634,4.106865105313179e9,4.677620640060698e9,5.190273872785215e9,1.5960620001965535e9,5.707555347475185e8,10.992083333333337,1.596500789005254e7,10.99208333333334,2.245067461914496e7,10.99208333333334,4.493225291104159e6,0.028459844999999998,4.493225262644307e6
1.0e-5,1.0e-5,1.0e-5,13549.593232595947,15200.089601922511,1.0e-5,5362.65336487295,1.0e-5,18407.223567361834,1.0e-5,1.0e-5,1.0e-5,2185.2183617149176,Sample 635,4.069702432914493e9,4.652876895903705e9,5.11715473818997e9,1.5117301475617425e9,5.831744629892112e8,9.898786412728422,1.8116542706364162e7,9.120830833018276,2.216457046762646e7,10.676741992438568,4.54919841048328e6,0.029132559999999984,4.549198381350707e6
1.0e-5,1.0e-5,1.0e-5,11467.925501381686,15428.11605794105,1767.02681859039,9455.23296803787,1.0e-5,14577.85523597777,1.0e-5,4935.539999924922,1.0e-5,1008.875737399141,Sample 636,4.106167207183716e9,4.669367962297195e9,5.119658939890704e9,1.4637827103004975e9,5.632007551134799e8,11.004864717286287,2.7020711585593402e7,10.826721939508513,1.158834216758157e7,11.183007495064066,1.1801313003382735e7,9.351897298518047e6,2.449415704864681e6
1.0e-5,1641.2271948925431,1.0e-5,12377.506232774494,15335.360887299741,1588.5926381225402,9505.688488114216,1.0e-5,17142.45834284218,1.0e-5,342.17255788229704,1.0e-5,816.1370543942809,Sample 637,4.10805273102286e9,4.635354423392784e9,5.062317839564295e9,1.381228524712947e9,5.273016923699244e8,9.463091672274734,1.6725488206041625e7,9.364249321024994,1.9367033773737375e7,9.56193402352447,4.665378085879647e6,632331.000306336,4.0330470855733077e6
3272.5123555546525,1.0e-5,1.0e-5,11145.33491661465,16235.487564158519,1.0e-5,4362.046102847695,1.0e-5,14099.426620153263,2761.104668293405,1937.6082731498614,1.0e-5,1065.8614298935834,Sample 638,4.053244079238979e9,4.648130447539158e9,5.0799936815950165e9,1.458612836411895e9,5.948863683001795e8,9.47211296093258,2.9500615922411636e7,9.471418516488136,1.1626699378538894e7,9.472807405377027,7.993420177895485e6,6.193942546380423e6,1.799477631515064e6
1.0e-5,1.0e-5,1.0e-5,13968.49326475942,20087.410203411815,1.0e-5,8914.299436046787,1.0e-5,12227.087969177273,2971.4775688385503,2518.430944614696,1.0e-5,345.96982446483446,Sample 639,4.0965222354556804e9,4.629587549679977e9,5.039592891470359e9,1.3530759978050601e9,5.3306531422429705e8,9.077354927116152,1.6043638343113743e7,9.077354927116158,2.007333612925113e7,9.077354927116158,8.100491855556603e6,4.628118430935896e6,3.472373424620731e6
923.4230801718304,1.0e-5,1.0e-5,11340.600117620292,16480.728236091967,1.0e-5,11423.638470941545,1.0e-5,11712.150756217856,4100.977277230755,1837.0978711307655,1.0e-5,2762.944313038842,Sample 640,4.1114942784020367e9,4.638336771330017e9,5.102518074853723e9,1.4552050999753907e9,5.268424929279801e8,11.276483036504937,1.776991846296845e7,11.276483036504935,1.7919226939255856e7,11.276483036504935,6.760893615568993e6,4.085145978867321e6,2.6757476367016747e6
2947.5592006939623,1.0e-5,1.0e-5,10549.434741728974,18966.671850854877,1.0e-5,8876.786985005174,1.0e-5,13830.839145510045,2484.7511910284525,425.5578226417353,1.0e-5,2380.0187595148627,Sample 641,4.1124290352216654e9,4.628928036933303e9,5.054006466357602e9,1.3666558605602365e9,5.164990017116372e8,9.628173107876494,2.2455925109911993e7,9.627131441209832,1.2385475750898074e7,9.629214774543163,4.858111241984608e6,2.8032003664310006e6,2.0549108755535996e6
2254.613256151686,1.0e-5,1.0e-5,12068.702662810107,17906.169836332385,1.0e-5,12120.469480399084,1.0e-5,12958.772034195994,3204.0517594116145,1.0e-5,1.0e-5,2056.601956497165,Sample 642,4.111840867895483e9,4.624076285009488e9,5.044223870115911e9,1.3525305873268497e9,5.122354171140053e8,9.314602741272846,1.8891901160373196e7,9.314602741272846,1.5848853005925106e7,9.314602741272846,4.253308994892376e6,1.6845512904326841e6,2.5687577044596747e6
5926.189524232146,1.0e-5,1.0e-5,8998.703684827231,19283.70489210265,1.0e-5,11748.685985832066,1.0e-5,12311.704704811587,2561.8097531363214,1568.875417669662,1.0e-5,281.9255471482361,Sample 643,4.109240841404983e9,4.633371812972665e9,5.049391988187505e9,1.3561713219973617e9,5.241309715676821e8,9.06498681331653,2.911246289309154e7,9.062209035538753,6.56616234734118e6,9.067764591094308,6.918570191257687e6,6.0946869173231805e6,823883.2739345005
2923.671818877428,1.0e-5,1.0e-5,11451.37518956273,20315.338546889077,1.0e-5,11022.356093477081,1.0e-5,12649.028681662598,2949.9075192173623,638.9687812957237,1.0e-5,930.6220534215976,Sample 644,4.1194973613786774e9,4.621816883505799e9,5.04053732888364e9,1.3397604128828032e9,5.023195221271221e8,9.167892572064694,2.1002306369912177e7,9.167892572064689,1.2767245490332704e7,9.167892572064689,5.141013556027811e6,3.1076317027916387e6,2.033381853236172e6
4557.181565330516,1.0e-5,1.0e-5,10643.605635569802,19959.730240594617,1.0e-5,10119.38547259639,1.0e-5,10849.020433478343,5143.388950103565,1.0e-5,1.0e-5,928.5809563751502,Sample 645,4.1078395669438715e9,4.619856649704241e9,5.0298676073832655e9,1.332038998118418e9,5.120170827603697e8,8.675494986095364,2.2143770862866048e7,8.675494986095362,1.249679806731105e7,8.675494986095362,4.399738506174738e6,2.9178349683330106e6,1.4819035378417133e6
732.3375266495887,1.0e-5,1.0e-5,13827.99111232293,20544.348433160732,1.0e-5,10465.274978841047,1.0e-5,9717.284071184715,6439.199919446797,1.0e-5,1.0e-5,1286.5178806715,Sample 646,4.1177520454853067e9,4.620788006974352e9,5.030145271924102e9,1.3217504913885446e9,5.030359614890453e8,8.931659581810548,9.25598439229585e6,8.931659581810546,2.4547602705109265e7,8.931659581810546,4.240807556573674e6,592646.9167636649,3.648160639809996e6
1879.679669971355,1.0e-5,1.0e-5,13246.081675060166,19653.35953786916,1.0e-5,11762.778267348545,1.0e-5,9307.100951194836,6860.353884508204,1.0e-5,1.0e-5,395.5911588993255,Sample 647,4.117123132421793e9,4.619950288914202e9,5.031611109665302e9,1.326148797994609e9,5.0282715649240834e8,8.857157474564172,1.3174930020974636e7,8.857157474564167,2.082248309653029e7,8.857157474564167,4.222764846028946e6,1.4148091629118253e6,2.8079556831171024e6
1805.0402910545977,1.0e-5,1.0e-5,12085.408333238269,18720.816699837374,1.0e-5,10408.202275263346,1.0e-5,9247.684589552355,6554.704399421484,1.0e-5,1471.76985076695,988.670222698388,Sample 648,4.110135193095215e9,4.618101933633317e9,5.021710093551005e9,1.315183060373478e9,5.0796674053810245e8,8.825983716908212,1.2616433286243407e7,8.825983716908215,2.1870061299833298e7,8.825983716908215,6.236837481817145e6,1.2172799061558133e6,5.01955757566133e6
2653.528892603213,1.0e-5,1.0e-5,11569.739558083604,19684.147825170585,1.0e-5,9018.355875650925,1.0e-5,9559.741843398046,6743.449737275506,1.0e-5,701.8638997504692,739.7220241541789,Sample 649,4.1128659528896403e9,4.618020701439732e9,5.023372896622097e9,1.3158591389148207e9,5.051547485500917e8,8.684988092543586,1.5282645595789988e7,8.684988092543584,1.889434290098747e7,8.684988092543584,5.141956105406572e6,1.7800179287067933e6,3.36193817669977e6
1969.219594157463,1.0e-5,1.0e-5,12369.247671530664,19524.310028319163,1.0e-5,10346.371101484254,1.0e-5,8649.092323524372,7636.133936326485,1.0e-5,366.83180643622484,961.9917661416325,Sample 650,4.117927076740083e9,4.616740950348359e9,5.021771511038315e9,1.3088749949881873e9,4.9881387360827565e8,8.925966724889731,1.251294786079228e7,8.92596672488973,2.118935786144625e7,8.92596672488973,4.612279432586016e6,1.4110706478572222e6,3.2012087847287892e6
2920.446784499132,1.0e-5,1.0e-5,11535.920809910662,19672.021782725555,1.0e-5,10232.076573153276,1.0e-5,8667.077580990628,7530.247846469696,1.0e-5,221.2695876285455,1178.9629264553182,Sample 651,4.11670807180184e9,4.616591622891604e9,5.022060496946356e9,1.310821299199268e9,4.998835510897646e8,8.816281161772737,1.5400405312428836e7,8.816281161772737,1.8359781069852237e7,8.816281161772737,4.4768306742173005e6,1.9928847624653454e6,2.483945911751951e6
2244.8493531792474,1.0e-5,1.0e-5,11997.059251658253,19610.745489041175,1.0e-5,10242.165777550572,1.0e-5,8351.515320545723,7577.776916547062,1.0e-5,880.0945904350965,938.9590978882,Sample 652,4.1145934666397166e9,4.616171711023557e9,5.018993453097494e9,1.3072217285317152e9,5.0157824438383985e8,8.629183615038862,1.2998275494424788e7,8.629183615038858,2.0911672973945506e7,8.629183615038858,5.391010638454454e6,1.5288196231445326e6,3.862191015309914e6
2475.686189453139,1.0e-5,1.0e-5,11897.632208192264,19312.262232539313,1.0e-5,10625.27182777916,1.0e-5,8108.816909468121,8026.564732874502,1.0e-5,502.8281120188463,995.417085813041,Sample 653,4.116704415360456e9,4.615983697664004e9,5.019960140752564e9,1.3072321684806695e9,4.9927928230354875e8,8.836856872043686,1.3516881697678654e7,8.836856872043686,2.0260051167749558e7,8.836856872043686,4.823008093449637e6,1.699228186692705e6,3.1237799067569305e6
2406.107342400677,1.0e-5,1.0e-5,11949.460658989447,19689.04832452586,1.0e-5,10287.99003706182,1.0e-5,8180.590818707051,7886.961679124868,1.0e-5,581.7333783928043,956.3748201891178,Sample 654,4.1162452450146675e9,4.615796536265329e9,5.019139840365334e9,1.3062378994506698e9,4.995512912506622e8,8.723012027557239,1.3349697123245394e7,8.723012027557239,2.040227312798121e7,8.723012027557239,4.956002166541986e6,1.6522446439334664e6,3.3037575226085125e6
2441.591635989874,1.0e-5,1.0e-5,11737.11030059249,18990.762699709434,1.0e-5,9962.892830918836,1.0e-5,7996.561266666736,8373.678867909648,1.0e-5,586.9936175424862,940.5790215264743,Sample 655,4.1152853849936857e9,4.615876694015423e9,5.018881359911326e9,1.306600640813545e9,5.005913090217366e8,8.850733701869359,1.3228459827334937e7,8.850733701869363,2.070346035595804e7,8.850733701869363,4.895742774180286e6,1.659067207134126e6,3.236675567046151e6
2363.326634822636,1.0e-5,1.0e-5,11903.890607357003,19403.850343324124,1.0e-5,10191.805189814217,1.0e-5,8040.259869121529,8120.350600495943,1.0e-5,637.1256490616328,932.4158609419363,Sample 656,4.1157787781517997e9,4.615720685116038e9,5.018765743894924e9,1.3060320245220106e9,4.9994190696423876e8,8.895469275152276,1.3087047741140079e7,8.895469275152276,2.0736040216836676e7,8.895469275152276,5.00365341204164e6,1.6158331383420257e6,3.387820273699605e6
2279.263828383041,1.0e-5,1.0e-5,11973.301329359057,19561.23775828526,1.0e-5,10384.536559818935,1.0e-5,8038.9169359283405,8067.581807439016,1.0e-5,573.4936185662818,1028.925527463742,Sample 657,4.1172821979015813e9,4.615736780388055e9,5.019663503223122e9,1.306308028156606e9,4.984545824864739e8,8.85621947641252,1.2824926111398809e7,8.85621947641252,2.0850872045649637e7,8.85621947641252,4.911311452404617e6,1.574031033200029e6,3.3372804192045676e6
2258.6323254229037,1.0e-5,1.0e-5,12021.653362058238,19496.733657996963,1.0e-5,10185.578570563062,1.0e-5,8020.853183513116,8163.814190066919,1.0e-5,567.4492928554456,955.1890777371882,Sample 658,4.11630179670285e9,4.615695682976267e9,5.018953761968878e9,1.3059100442586386e9,4.9939388627341694e8,8.86046633753413,1.2764113155503225e7,8.860466337534133,2.1001528222581074e7,8.860466337534133,4.903220601182289e6,1.5635233531405649e6,3.3396972480417076e6
2366.2859701726384,1.0e-5,1.0e-5,11920.34370993589,19522.84906408986,1.0e-5,10246.278371364486,1.0e-5,8043.934431307946,8090.88805335176,1.0e-5,590.5366370202961,968.0248794126643,Sample 659,4.1163589163987226e9,4.615676851217825e9,5.018918336119759e9,1.3058009046229696e9,4.9931793481910247e8,8.958779832724222,1.3067942007213013e7,8.958779832724222,2.068873727566592e7,8.958779832724222,4.943695728605625e6,1.6235856386539526e6,3.3201100899516507e6
2304.683701006188,1.0e-5,1.0e-5,11958.00134016766,19493.530736344772,1.0e-5,10237.056388748391,1.0e-5,8032.335123366216,8098.531095710882,1.0e-5,625.7226657000334,966.8301928991402,Sample 660,4.116179061114919e9,4.615673334629013e9,5.0188088680456505e9,1.305765340347371e9,4.994942735140934e8,8.800661081957571,1.2890895542931685e7,8.800661081957573,2.088207540712197e7,8.800661081957573,4.989782009712189e6,1.583988854356578e6,3.405793155355602e6
2327.037007572056,1.0e-5,1.0e-5,11938.426167611962,19462.92059078013,1.0e-5,10235.858216308525,1.0e-5,8024.668798307058,8124.687251705212,1.0e-5,607.925588950181,968.2279054800156,Sample 661,4.116218184006946e9,4.615672259749404e9,5.018830018737789e9,1.3057695937192297e9,4.994540757424576e8,8.759565178323879,1.2948637095055304e7,8.75956517832388,2.082595601997204e7,8.75956517832388,4.962206009477225e6,1.598405424416567e6,3.363800585060656e6
2330.846892177683,1.0e-5,1.0e-5,11941.994706888605,19483.5418319271,1.0e-5,10246.22663953422,1.0e-5,8028.310038832288,8114.987277523657,1.0e-5,602.60798217729,967.9700184436587,Sample 662,4.116278385377365e9,4.615672888803745e9,5.018864689755036e9,1.3057781053289623e9,4.9939450342638004e8,8.81290897832388,1.2977107654755682e7,8.812908978323883,2.079013880312586e7,8.812908978323883,4.956477631704181e6,1.6014920238690304e6,3.3549856078351536e6
2342.572582399628,1.0e-5,1.0e-5,11935.69452592092,19472.05947879178,1.0e-5,10228.569058620393,1.0e-5,8024.91826768773,8134.804132680267,1.0e-5,587.0640109999658,964.9167108534843,Sample 663,4.1162670682069097e9,4.615672276242297e9,5.018854122606868e9,1.305768900764528e9,4.994052080353872e8,8.80194357135056,1.3000744196287887e7,8.801943571350558,2.076972684894592e7,8.801943571350558,4.933663680283182e6,1.6098376293536585e6,3.323826050929516e6
2323.3766943596524,1.0e-5,1.0e-5,11946.695310926187,19488.0779090419,1.0e-5,10235.226673879779,1.0e-5,8029.459342132972,8110.109722233032,1.0e-5,611.7665626195944,966.0919640450156,Sample 664,4.1162035254524655e9,4.615671356626041e9,5.018818386982357e9,1.3057618918862076e9,4.99467831173576e8,8.712911375383326,1.2959866115218805e7,8.712911375383326,2.081242459823226e7,8.712911375383326,4.970144252062745e6,1.596288325980506e6,3.373855926082235e6
2159.854062362573,1.0e-5,1.0e-5,7588.0521352505675,10871.614251533403,1.0e-5,6841.178834381948,1.0e-5,18019.939140838458,2454.3180528965663,1.0e-5,1.0e-5,1827.0158664183853,Sample 665,4.1410625079082704e9,4.774928179677086e9,5.630923877337298e9,2.3458570670892406e9,6.338656717688154e8,14.901798035496745,2.7843340220466357e7,14.90179803549675,1.38581401928055e7,14.90179803549675,2.9701683598837066e6,1.342444837015085e6,1.6277235228686135e6
5737.405044680774,1.0e-5,1.0e-5,7760.767639501,15296.00402904616,1.0e-5,1.0e-5,1.0e-5,18662.727550688996,1.0e-5,1.0e-5,1.0e-5,3156.5323482109116,Sample 666,4.038185583946193e9,4.713059895279911e9,5.305119267760719e9,1.8589930562953334e9,6.748743113337176e8,13.338660249863478,3.827461543204503e7,12.473698926864106,8.226576691784269e6,14.203621572862838,5.33920657403516e6,3.74448952322388e6,1.594717050811268e6
3523.9535362822676,1.0e-5,1.0e-5,9232.06084862148,13806.201031745655,1.0e-5,4598.075054560043,1.0e-5,16870.018619568127,2018.7252047139311,1.0e-5,1.0e-5,2418.464101042686,Sample 667,4.081086665126435e9,4.655148993634257e9,5.140756972151541e9,1.545278285542388e9,5.740623285078224e8,11.636566325015757,2.875956533988241e7,11.624830213904648,1.0915219801715657e7,11.648302436126869,4.1587299085949664e6,2.414170031551655e6,1.7445598770432929e6
1.0e-5,1.0e-5,1.0e-5,13277.67100543009,15129.486523395173,1.0e-5,7906.167668361435,1.0e-5,18051.207948730756,1.0e-5,1.0e-5,1.0e-5,2143.6498189767576,Sample 668,4.0890944435315084e9,4.643271239209705e9,5.097268657499273e9,1.462171632257333e9,5.541767956781964e8,10.155194951690822,1.7460266112758357e7,9.354650367569846,2.0781799504536856e7,10.955739535811807,4.2733302629438285e6,0.028144394999999958,4.273330234799419e6
2438.3288144367316,1.0e-5,1.0e-5,10992.348394302348,15411.58387567261,1.0e-5,7535.407312450087,1.0e-5,17651.66754055612,890.40848418378,1.0e-5,1.0e-5,1.0e-5,Sample 669,4.1043294063224754e9,4.640478672955701e9,5.114447804227953e9,1.4840875291777308e9,5.36149266633225e8,10.298263888888885,2.533960111949837e7,10.1125,1.1453935033417314e7,10.484027777777778,3.8857617422594577e6,1.698422831085136e6,2.18733891117432e6
2361.7690128646404,1.0e-5,1.0e-5,11111.672274789664,15275.160721800754,1.0e-5,7622.21516706575,1.0e-5,16403.597689240683,1677.2723627457615,1.0e-5,1.0e-5,1455.1490259324175,Sample 670,4.091560952048878e9,4.627703282901598e9,5.059606833166962e9,1.3999494313834448e9,5.3614233085272026e8,10.720210095736196,2.404529799867122e7,10.692654851291747,1.2873520594321698e7,10.747765340180639,4.0629565563325947e6,1.738725536517587e6,2.324231019814984e6
2162.277610322934,1.0e-5,1.0e-5,11562.391723041483,15440.427348352054,1.0e-5,7556.335639891206,1.0e-5,14520.550901319575,2868.8219374636788,1.0e-5,1.0e-5,3258.7736548050802,Sample 671,4.07020606057078e9,4.6356544777111635e9,5.084980442196895e9,1.4641003461118443e9,5.65448417140384e8,9.585707557908005,2.2134511358071737e7,9.585013113463566,1.6665901443354756e7,9.586402002352454,4.524725674955193e6,1.7402304263655245e6,2.7844952485896507e6
6755.129282765721,1.0e-5,1.0e-5,8023.065218932839,16991.69085938419,1.0e-5,9165.301462742793,1.0e-5,16236.906171625325,626.431753821451,1.0e-5,1.0e-5,754.394573520275,Sample 672,4.095845225199931e9,4.634647660052969e9,5.06762660848037e9,1.4047603317078404e9,5.388024348530374e8,9.343243080613318,3.293431323590343e7,8.986178264776314,4.103975665194614e6,9.70030789645033,4.4516444008034235e6,3.5837656130919172e6,867878.7877114958
4471.329386696926,1.0e-5,1.0e-5,10077.785136599665,16204.409995936367,1.0e-5,7793.725435536956,1.0e-5,14940.987762606906,2805.3794873306256,1.0e-5,1.0e-5,235.65533608473018,Sample 673,4.089509681133458e9,4.625791553967308e9,5.048237917038246e9,1.3811745989757264e9,5.362818728338498e8,9.169497230833862,2.739037823425885e7,9.168802786389417,9.571940104346149e6,9.170191675278307,4.224302571903614e6,2.8531994670245512e6,1.371103104879048e6
2860.476595795226,1.0e-5,1.0e-5,11109.927571685796,16026.412610881202,1.0e-5,13277.092354940169,1.0e-5,15077.510432239023,1505.484118978089,1.0e-5,1.0e-5,1674.7735446073161,Sample 674,4.1183536660900345e9,4.635248715784789e9,5.077245846575663e9,1.400889311276502e9,5.168950496947543e8,9.650062144801517,2.363331488828463e7,9.611450127368206,1.1684986855705189e7,9.68867416223483,4.128868722210876e6,2.0177369515233536e6,2.111131770687507e6
3377.9553317496616,1.0e-5,1.0e-5,10037.344511777706,14649.48387273606,1.0e-5,10229.444759242764,1.0e-5,8646.441951966992,9091.864813582788,1.0e-5,1.0e-5,1746.1921793645881,Sample 675,4.108679116877208e9,4.624743693032608e9,5.047994487374337e9,1.3625661648388572e9,5.160645761554001e8,9.899960203528671,1.6958962825013556e7,9.899960203528677,1.86463325822207e7,9.899960203528677,3.8763223562993184e6,2.2166488273986774e6,1.6596735289006275e6
1117.393552106353,1.0e-5,1.0e-5,12935.146209372335,16703.078814033277,1.0e-5,10593.768507455386,1.0e-5,11968.037884816715,5236.993386515813,1.0e-5,1.0e-5,1289.246194674702,Sample 676,4.108718671053584e9,4.622990033217492e9,5.038343809467633e9,1.34497891466419e9,5.142713621639077e8,8.997247006259196,1.3682943629342671e7,8.997247006259197,2.147492371111511e7,8.997247006259197,4.0469902159032985e6,891022.2135332609,3.155968002370037e6
5047.336105757113,1.0e-5,1.0e-5,8700.57005834421,16031.435832428422,1.0e-5,8290.43053140829,1.0e-5,5751.208795116357,11882.048482429762,1.0e-5,1.0e-5,1604.3732473154378,Sample 677,4.104167873306896e9,4.620695585640125e9,5.026995473821377e9,1.3291274886957319e9,5.165277123332295e8,8.865935035496744,1.754555957515788e7,8.865935035496745,1.8007168290300205e7,8.865935035496745,3.9967895712477593e6,2.923171189505255e6,1.073618381742494e6
2542.566808026095,1.0e-5,1.0e-5,10819.225439670086,15184.119861612902,1.0e-5,8262.30437991855,1.0e-5,4674.436542303485,13720.03550976005,1.0e-5,1.0e-5,961.219360649503,Sample 678,4.1104865769079638e9,4.717121205410518e9,5.404695774259706e9,1.9817837662009304e9,6.066346285025543e8,12.769677248540223,1.5623953197067657e7,17.225310946817896,2.3837982029209718e7,8.31404355026255,3.673079579230321e6,1.7254423097690325e6,1.9476372694612865e6
2636.645686110014,1.0e-5,1.0e-5,10839.739605210763,15575.89638496857,1.0e-5,8617.635237740631,1.0e-5,5371.272153519478,12817.830115906081,1.0e-5,1.0e-5,907.272093042874,Sample 679,4.112216841081423e9,4.638393934961854e9,5.114407784035177e9,1.4782047920270784e9,5.2617709388043094e8,10.282849350787652,1.2658757811297351e7,11.66676182978366,2.3038246332161378e7,8.898936871791642,3.7277605267708534e6,1.7778407661405872e6,1.9499197606302665e6
2538.6863600837796,1.0e-5,1.0e-5,10961.377963139841,15942.602176423601,1.0e-5,8582.985273609433,1.0e-5,5958.947424222308,12123.73055844099,1.0e-5,1.0e-5,933.3890750548197,Sample 680,4.1126571524882884e9,4.622640845670591e9,5.049175166684484e9,1.3630523352100863e9,5.0998369318230337e8,9.92742186084856,1.212356961428365e7,10.326353794791014,2.280255856574581e7,9.528489926906113,3.7571561940172524e6,1.7275171537376253e6,2.0296390402796213e6
2620.776020282512,1.0e-5,1.0e-5,10962.406754790876,16200.840313211958,1.0e-5,8859.632140480517,1.0e-5,6316.771545991737,11621.187669975663,1.0e-5,1.0e-5,889.3120419338172,Sample 681,4.113736658592346e9,4.61825455073784e9,5.029164959853246e9,1.326338710376304e9,5.045178921454939e8,9.35249936269692,1.2348251116469271e7,9.475950974753205,2.2261341422409028e7,9.229047750640625,3.777653342483649e6,1.7742963251649854e6,2.0033570173186553e6
2564.0921712072354,1.0e-5,1.0e-5,11068.574094601789,16606.513235800405,1.0e-5,8926.328437710952,1.0e-5,6812.916973195329,10983.329550225906,1.0e-5,1.0e-5,895.2663204367926,Sample 682,4.1142206112958875e9,4.617762090635281e9,5.029250292362562e9,1.3265178827939575e9,5.0354147933939314e8,9.516560863095988,1.2587026477643851e7,9.516560863095988,2.1881367396165434e7,9.516560863095988,3.8053236503381347e6,1.7473440227360262e6,2.0579796276021013e6
3005.856139836145,1.0e-5,1.0e-5,10912.382427711109,16369.011531389466,1.0e-5,9248.906394130618,1.0e-5,6115.421929015855,11619.96066476234,1.0e-5,1.0e-5,753.7831450759977,Sample 683,4.1121505012800417e9,4.616849772410956e9,5.022340176687799e9,1.3156800796846008e9,5.046992711309145e8,8.744527553686197,1.3323497579848731e7,8.744566791766433,2.132681041756507e7,8.744488315605963,3.8490217604796095e6,1.9982264610764117e6,1.8507952994031955e6
2485.1549222249882,1.0e-5,1.0e-5,11260.199338961846,16799.31634496245,1.0e-5,8680.120578118504,1.0e-5,6385.139677526755,11294.390643445198,1.0e-5,1.0e-5,1197.39481555004,Sample 684,4.1109096130187573e9,4.616639481691347e9,5.020699672262748e9,1.3138502498153923e9,5.057298686725901e8,8.851616623860535,1.2168040774715802e7,8.852498791472385,2.245690109260966e7,8.85073445624869,3.881808960446962e6,1.7282227895387772e6,2.153586170908173e6
3794.4779870207426,1.0e-5,1.0e-5,10044.531367480215,16609.50343194263,1.0e-5,8921.181644321641,1.0e-5,5151.828852454721,12496.686036112213,1.0e-5,1.0e-5,985.3766457999803,Sample 685,4.113140894184197e9,4.616623656937973e9,5.019837774564327e9,1.3099109980064852e9,5.0348276275377584e8,8.82115896643562,1.4412992491461614e7,8.821237442596097,2.0123441504134376e7,8.821080490275156,3.8611845582378465e6,2.3670117950617545e6,1.4941727631760922e6
3683.4268177276103,1.0e-5,1.0e-5,10495.50760979751,16466.24521483735,1.0e-5,9596.6491855301,1.0e-5,4799.014658268989,12668.32152882388,1.0e-5,1.0e-5,974.9607664477418,Sample 686,4.1103474390016594e9,4.6195394405796385e9,5.035842441147192e9,1.3417980027130854e9,5.0919200157797915e8,8.847209361583705,1.4307383505466491e7,9.246141295526153,2.05733937710398e7,8.448277427641255,3.9299200143576944e6,2.3551786481447886e6,1.5747413662128912e6
3348.8067551640747,1.0e-5,1.0e-5,10763.673044922862,16795.945059392638,1.0e-5,9306.864997887476,1.0e-5,5371.131029798964,12118.106170798508,1.0e-5,1.0e-5,937.762006554209,Sample 687,4.111591565604719e9,4.6168089715398e9,5.022276026229917e9,1.3161515153153133e9,5.0521740593508077e8,8.983538653077089,1.3718747787275111e7,9.205531367317791,2.089366554306259e7,8.761545938836381,3.917323031355012e6,2.1889906471204245e6,1.7283323842345765e6
3508.892004024661,1.0e-5,1.0e-5,10674.284610191191,16823.19901616586,1.0e-5,9561.086664949042,1.0e-5,5325.313066359944,12065.956720195449,1.0e-5,1.0e-5,959.9737769481807,Sample 688,4.1115430721059966e9,4.616217530347131e9,5.019350602990515e9,1.3109406035279028e9,5.046744582411342e8,8.67784319231254,1.4080793489878869e7,8.728616112917457,2.050486381452501e7,8.627070271707629,3.938322899345644e6,2.2722126550960955e6,1.6661102442495413e6
3081.4887438518604,1.0e-5,1.0e-5,10966.421715105731,17035.217746943727,1.0e-5,9485.417422139912,1.0e-5,5818.080790967444,11602.38444304096,1.0e-5,1.0e-5,951.7679326850803,Sample 689,4.114028417555516e9,4.615830759610249e9,5.018288430203949e9,1.306717683242135e9,5.018023420547329e8,8.827743482629703,1.3301596246366583e7,8.827821958790171,2.103703781851624e7,8.827665006469228,3.902162975373517e6,2.0471039961014763e6,1.8550589792720366e6
3501.660912281718,1.0e-5,1.0e-5,10731.490395140396,17063.346560572845,1.0e-5,9413.976551463431,1.0e-5,5617.549436035338,11730.248573888246,1.0e-5,1.0e-5,935.3720360431096,Sample 690,4.111281941892088e9,4.616139125636712e9,5.018855267351419e9,1.3102894671740382e9,5.048571837446243e8,8.6336838136736,1.4268379884292807e7,8.633723051753835,2.0299068470011488e7,8.633644575593365,3.959299029293052e6,2.2748815141957183e6,1.6844175150973191e6
3478.396404929795,1.0e-5,1.0e-5,10535.223133578529,16957.508746394746,1.0e-5,9497.33199032018,1.0e-5,5345.630692710694,12023.501840563367,1.0e-5,1.0e-5,1126.6267509744578,Sample 691,4.1135197221084876e9,4.615865055383758e9,5.018359585932589e9,1.3073343943729331e9,5.0234533327527016e8,8.778651319764757,1.3887512485152217e7,8.778729795925232,2.0496355596228566e7,8.77857284360429,3.9144632130277823e6,2.244462714587138e6,1.6700004984406352e6
3387.8813335834416,1.0e-5,1.0e-5,10690.273595591443,17067.15013580658,1.0e-5,9314.9863062348,1.0e-5,5501.752643043953,11920.716258825998,1.0e-5,1.0e-5,940.3129084434901,Sample 692,4.1133161517502375e9,4.615771562115895e9,5.017819960964425e9,1.306552208062717e9,5.0245541036565757e8,8.82238720718337,1.3879432275173236e7,8.873160127788285,2.0512804355246082e7,8.771614286578458,3.9135415163798416e6,2.2008013800236313e6,1.7127401363562034e6
3331.7267795778944,1.0e-5,1.0e-5,10776.213741465544,17079.99494090973,1.0e-5,9483.691279861268,1.0e-5,5587.559582850348,11796.72001887755,1.0e-5,1.0e-5,926.605688494763,Sample 693,4.1136807466870246e9,4.615742676034388e9,5.017882504977567e9,1.3063415872337215e9,5.02061929347363e8,8.690534459693348,1.3723284634420617e7,8.691054019659742,2.06367209251686e7,8.690014899726956,3.916440078748855e6,2.174561192805193e6,1.7418788859436542e6
3260.483914817463,1.0e-5,1.0e-5,10808.543271643122,17118.65649925405,1.0e-5,9390.18395617818,1.0e-5,5630.097777284281,11766.152877149312,1.0e-5,1.0e-5,967.0244312314552,Sample 694,4.1137551207227488e9,4.61569074228139e9,5.017673350598299e9,1.30590083819246e9,5.01935621558641e8,8.700246359504305,1.360582906116028e7,8.725672057887001,2.073564018021583e7,8.674820661121617,3.9130823433275656e6,2.1386730509091746e6,1.774409292418373e6
3397.4369283251717,1.0e-5,1.0e-5,10673.365731549158,17075.464895128076,1.0e-5,9423.584629295836,1.0e-5,5501.877521267516,11893.291867648042,1.0e-5,1.0e-5,956.1570200888434,Sample 695,4.113832861016242e9,4.615693795096961e9,5.017743498862001e9,1.3059603416108007e9,5.018609340807186e8,8.826016740894774,1.3813521941227082e7,8.826095217055247,2.0532145958935868e7,8.825938264734305,3.9111560887038554e6,2.2036136282922323e6,1.7075424604116122e6
3222.007879111146,1.0e-5,1.0e-5,10860.533976248129,17128.54332201717,1.0e-5,9482.097857948378,1.0e-5,5680.216525488675,11694.883060203772,1.0e-5,1.0e-5,962.4598766030981,Sample 696,4.113981684136569e9,4.615685212925443e9,5.017779410478128e9,1.305891923894245e9,5.017035287888738e8,8.747540871917673,1.3569848382449472e7,8.747619348078148,2.0751530407034483e7,8.747462395757205,3.914330495863713e6,2.1201468496777257e6,1.7941836461859785e6
3236.334396778766,1.0e-5,1.0e-5,10847.243566694202,17113.937418199206,1.0e-5,9514.011557877706,1.0e-5,5651.396135383734,11724.385416533114,1.0e-5,1.0e-5,949.4984887698918,Sample 697,4.11413594505091e9,4.615675492815e9,5.017801451027254e9,1.3057914641885977e9,5.0153954776408947e8,8.784896576895614,1.3565590034757797e7,8.810322275278308,2.0746935522927735e7,8.759470878512921,3.911699148727731e6,2.1260649429039527e6,1.7856342058237772e6
3298.256584520324,1.0e-5,1.0e-5,10788.334433350203,17101.027409774626,1.0e-5,9504.184882581394,1.0e-5,5594.23876364115,11781.538378977535,1.0e-5,1.0e-5,951.2157873644892,Sample 698,4.1140280094642286e9,4.615672706146e9,5.017734038945802e9,1.3057673622813754e9,5.016446966817711e8,8.829760482041591,1.3691760920966703e7,8.829838958202062,2.0632021388170905e7,8.829682005881121,3.912971448092198e6,2.1566174523773193e6,1.7563539957148691e6
3282.7944746279663,1.0e-5,1.0e-5,10802.441912792672,17109.71561267181,1.0e-5,9485.134750597404,1.0e-5,5609.171322257001,11768.92791458363,1.0e-5,1.0e-5,953.0097113879265,Sample 699,4.113984513992239e9,4.615670974180657e9,5.017704782389162e9,1.3057540766054268e9,5.016864601884186e8,8.592417719050623,1.3649655262130946e7,8.592496195211094,2.0675705291729134e7,8.592339242890153,3.913357693778801e6,2.1493181639926867e6,1.7640395297861018e6
1.0e-5,1.0e-5,1.0e-5,12710.089986848261,10391.136581101222,11280.86864982414,1.0e-5,1.0e-5,17006.0744974949,1.0e-5,1.0e-5,1.0e-5,4737.247738586264,Sample 700,4.064911640815059e9,4.850221915533123e9,5.756458043556426e9,2.597782530764669e9,7.85310274718064e8,18.4383976189876,1.8064291063069183e7,18.438397618987608,3.285421156225526e7,18.438397618987608,6.06628448631019e6,0.03636234499999997,6.066284449947833e6
1.0e-5,1.0e-5,1.0e-5,12470.760929790516,13378.0116209782,1.0e-5,1.0e-5,1.0e-5,20967.230601707655,1.0e-5,1.0e-5,1.0e-5,1.0e-5,Sample 701,4.0741917822779565e9,4.725462807408672e9,5.341469533416747e9,1.8832844771468666e9,6.512710251307158e8,12.797777777777782,2.211770043349519e7,12.000277777777779,2.276686025474163e7,13.595277777777778,4.370820768747796e6,0.027250919999999988,4.370820741496867e6
1.0e-5,1.0e-5,1.0e-5,12014.244037185746,13908.043912182127,1.0e-5,3478.1256872584554,1.0e-5,19281.711171665327,1.0e-5,1.0e-5,1.0e-5,3000.5736212331512,Sample 702,4.072177138217726e9,4.690439540804932e9,5.289260368368275e9,1.815904057713893e9,6.182624025872052e8,13.184470565007354,2.0283200533297595e7,12.38201238605336,2.2038092585656878e7,13.986928743961357,4.356579741732488e6,0.02885497999999999,4.356579712877498e6
1.0e-5,1.0e-5,1.0e-5,13338.185038193142,15632.077612054321,1.0e-5,980.9503108180255,1.0e-5,15570.667301115713,3836.0224057390656,1.0e-5,1.0e-5,1306.3414349045509,Sample 703,4.0404688071337705e9,4.669198427464567e9,5.183476558635792e9,1.6572858826732442e9,6.287296203307972e8,11.719225255618575,1.4441031730247099e7,11.719225255618577,2.879574173904097e7,11.719225255618577,4.7328940648831865e6,0.03136026499999999,4.732894033522921e6
1.0e-5,1.0e-5,1.0e-5,14200.285674281982,17417.89665328779,1.0e-5,4616.988114379632,1.0e-5,17413.495040354635,606.3772477181998,1.0e-5,1.0e-5,1103.8562118155592,Sample 704,4.0533219777086835e9,4.636790637908238e9,5.085725243524015e9,1.4813378714311082e9,5.834686601995546e8,9.78627938794371,1.6131597022240272e7,9.445821026254995,2.3852349942859035e7,10.126737749632431,4.736079174387348e6,0.029963129999999994,4.736079144424212e6
1.0e-5,1.0e-5,1.0e-5,12512.044474841628,14395.69574699234,1.0e-5,6680.343291920962,1.0e-5,16727.489856369375,2280.7265254597814,1.0e-5,1.0e-5,1227.0385984875736,Sample 705,4.0954772653013787e9,4.646068022850258e9,5.139610750784974e9,1.5376762134183128e9,5.505907575488793e8,10.915082852551986,1.5957219685362455e7,10.908207852551984,2.181199137908277e7,10.921957852551982,3.8263344949767664e6,0.027668199999999983,3.826334467308562e6
1.0e-5,4628.835869976139,1.0e-5,9570.0132523164,15732.271019952934,1.0e-5,3688.6091508150084,1.0e-5,14371.91376053514,3770.0463686446165,1.0e-5,1.0e-5,1976.3649330544104,Sample 706,4.0576660279982576e9,4.64570674443191e9,5.082539477483169e9,1.4617061825361717e9,5.880407164336517e8,9.691469467716866,1.303961540393747e7,9.691469467716868,2.7610661212885898e7,9.691469467716868,4.724747583845456e6,0.028561109999999966,4.72474755528434e6
1.0e-5,1.0e-5,1.0e-5,14108.25331268877,16467.783437285536,125.58768996750852,8078.042598599469,1.0e-5,15955.864802978305,2104.8170635469546,1.0e-5,1.0e-5,1.0e-5,Sample 707,4.089433848225802e9,4.62900653105047e9,5.066884931146996e9,1.4153294830177195e9,5.395726828246688e8,9.710972222222223,1.4132561084359681e7,9.70180555555556,2.286004792357654e7,9.720138888888888,4.1486744743613177e6,0.027897764999999977,4.148674446463543e6
1.0e-5,1048.7370315585547,1.0e-5,12695.874549915074,15752.90701236999,1.0e-5,10519.112058924877,1.0e-5,16123.791010903358,1269.2131212280117,1.0e-5,1.0e-5,1560.615243427819,Sample 708,4.1046174816976404e9,4.629293469505896e9,5.057658307041193e9,1.3814056628788507e9,5.246759878082549e8,9.751683940306663,1.47339724349728e7,9.69203733245117,2.1254095410407066e7,9.811330548162154,4.0791373851561705e6,0.027723019999999956,4.0791373574331403e6
1.0e-5,1.0e-5,1.0e-5,14855.328186424153,17284.56015513262,1.0e-5,9275.295548615126,1.0e-5,14485.002034125733,2703.7091952013257,1.0e-5,1.0e-5,882.244100221919,Sample 709,4.0849894594462066e9,4.626885356268932e9,5.054407775280144e9,1.3969407348451486e9,5.418958968227254e8,9.314113722327244,1.2250304769846162e7,9.31411372232725,2.4789049077882804e7,9.31411372232725,4.391779736791063e6,0.02957702999999996,4.391779707214023e6
1.0e-5,770.8902553953966,1.0e-5,11775.924777846252,19355.07373249096,1.0e-5,6856.878460965266,1.0e-5,15526.18309273141,1.0e-5,1.0e-5,3155.553986251955,900.1745723899984,Sample 710,4.100472831289025e9,4.64099163940621e9,5.062504224353132e9,1.3835439780110283e9,5.405188081171856e8,10.134215342070997,1.4515005946380349e7,9.854252302793526,2.2218794891018942e7,10.414178381348458,9.092503314072715e6,0.025750499999999992,9.092503288322227e6
1.0e-5,2257.8111639809076,1.0e-5,11634.301059861538,19824.028650938333,1.0e-5,7375.89847664949,1.0e-5,14088.541753684898,2848.704037031121,1.0e-5,212.83825300683012,895.2705747266001,Sample 711,4.113061051932675e9,4.628567374423344e9,5.0519262255274315e9,1.3622240246988444e9,5.155063224906683e8,9.735895487544635,1.1277799142600974e7,9.735895487544637,2.3511617357751656e7,9.735895487544637,4.4817607145237485e6,0.02704481999999999,4.4817606874789195e6
1.0e-5,3816.6157976450954,1.0e-5,10027.96829320016,17324.02334928483,1.0e-5,9562.778023882394,1.0e-5,13895.76111550593,2388.8680083710456,1.0e-5,1478.8439636486164,456.0982260643234,Sample 712,4.1076975558110347e9,4.629111149296248e9,5.043475175077447e9,1.350141645047611e9,5.214135934852142e8,8.9282270184415,1.236306353849044e7,8.926421462885944,2.33407908774037e7,8.930032573997057,6.329926821849013e6,0.025629159999999995,6.329926796219856e6
1.0e-5,1392.6751849418781,1.0e-5,11900.272688679832,16832.89829346611,1.0e-5,8355.252715267705,1.0e-5,8176.579426989194,9202.034655976133,1.0e-5,858.6708679423731,948.331175333449,Sample 713,4.109703869800289e9,4.628335591818452e9,5.067053812368388e9,1.396068163118034e9,5.18631722018163e8,9.304454370426383,5.711268901356068e6,9.877130515143879,2.9568138193420008e7,8.731778225708887,5.0581376331165815e6,0.02813186999999999,5.058137604984708e6
1.0e-5,2861.8078404050266,1.0e-5,11164.819905637738,18559.7358830649,1.0e-5,10092.804442997545,1.0e-5,11035.444304302768,5575.002454879184,1.0e-5,1.0e-5,1614.9805845848502,Sample 714,4.1168307859637513e9,4.622224037779437e9,5.040706758016002e9,1.3423586922888143e9,5.053932518156859e8,9.40110582978366,7.992085775141553e6,9.401105829783658,2.6208122525245838e7,9.401105829783658,4.102367242385343e6,0.027258519999999994,4.1023672151268134e6
1.0e-5,736.6428819124038,1.0e-5,13308.61247223244,19350.159370292786,1.0e-5,8156.552447927131,1.0e-5,8587.908448921971,8426.849596434584,1.0e-5,453.6487284552062,446.7356151085504,Sample 715,4.1097120209512005e9,4.620868410089399e9,5.035318742231639e9,1.340057053422678e9,5.1115638913819885e8,9.325964894896032,5.41571286665546e6,9.637842672673811,2.9184864116170127e7,9.014087117118253,4.694257455425207e6,0.028812584999999977,4.694257426612615e6
1.0e-5,1580.6624828795275,1.0e-5,12358.631235002516,18920.674450846553,1.0e-5,8457.494103159757,1.0e-5,8735.685429703528,7959.825634414304,1.0e-5,772.1725432473147,789.2399684704702,Sample 716,4.1077515016925774e9,4.618090044174827e9,5.02426902594361e9,1.3226965060198154e9,5.103385424822493e8,8.867728840663728,5.6950193655653065e6,8.914597702247429,2.8940821827066436e7,8.820859979080023,5.177210564321236e6,0.02815630999999999,5.177210536164915e6
1599.8913422068288,442.56247276552733,1.0e-5,12075.701244150028,18248.974215001075,1.0e-5,8125.681885821361,1.0e-5,8307.066832148976,9146.185227987657,1.0e-5,1.0e-5,701.3004669879765,Sample 717,4.109562550658751e9,4.618085053405718e9,5.025241327418506e9,1.3228350507725434e9,5.085225027469667e8,8.792044231379968,1.0661935178754382e7,8.792044231379968,2.396052061168015e7,8.792044231379968,4.0125276309841448e6,1.1314648919818902e6,2.8810627390022515e6
1.0e-5,1887.2776067452473,1.0e-5,12041.94359015083,18552.774831391627,1.0e-5,10090.679517267256,1.0e-5,8925.252177814398,7197.066780891935,1.0e-5,1041.5746654473114,1219.0944448763582,Sample 718,4.1104101471293573e9,4.618329309147957e9,5.023482922133987e9,1.3182263879906607e9,5.0791916201859933e8,8.668236960848562,6.123361956888155e6,8.668236960848564,2.8353686187761813e7,8.668236960848564,5.609561542714193e6,0.02793247999999996,5.609561514781708e6
1138.3520888997177,1.0e-5,1.0e-5,12754.830506113765,18275.421042993203,1.0e-5,9677.072775758592,1.0e-5,7741.648883715747,9184.415220432367,1.0e-5,373.49124100240823,1010.2483235199371,Sample 719,4.1155166534034863e9,4.617110329731989e9,5.022117392471221e9,1.3116078018069663e9,5.015936763285024e8,8.874886792942661,8.960282340425717e6,8.874886792942664,2.511146520500878e7,8.874886792942664,4.475684202155504e6,855311.1568234067,3.6203730453320914e6
1978.1094868991981,192.3934118931636,1.0e-5,11709.327099415885,17704.33970193987,1.0e-5,8980.262231540824,1.0e-5,6850.913336228442,10301.722424826341,1.0e-5,383.7744375470399,1010.5712237569244,Sample 720,4.1125675714262123e9,4.6164418371228895e9,5.018271680487581e9,1.3075339524260607e9,5.038742656966768e8,8.573114750598616,1.0701771287939802e7,8.57487908582231,2.3663929082630254e7,8.571350415374924,4.48212559658459e6,1.3546108145136319e6,3.1275147820709473e6
1608.931868298069,1.0e-5,1.0e-5,12161.678227358738,18394.201456044895,1.0e-5,9247.364778978052,1.0e-5,6903.5868844931965,9840.020111170737,1.0e-5,611.6784564740486,1266.508794241039,Sample 721,4.1134073951469793e9,4.616279920381666e9,5.019224579139959e9,1.308761842751273e9,5.028725252346873e8,8.762189847258984,9.80506671946053e6,8.813766459315273,2.4342933429428987e7,8.71061323520269,4.847405272028166e6,1.1514655332525035e6,3.6959397387756547e6
1713.104249238493,1.0e-5,1.0e-5,12282.088969082924,18317.395860768975,1.0e-5,9394.383365937045,1.0e-5,7024.931815447821,9868.766135670417,1.0e-5,443.013056588481,914.3632971604229,Sample 722,4.114102157634028e9,4.6159361871952915e9,5.018419712790968e9,1.3068010807526178e9,5.0183402956126344e8,8.717430250073512,1.0218627747277826e7,8.719194585297208,2.3899187477088384e7,8.715665914849824,4.594019561853842e6,1.22949065940429e6,3.3645289024495445e6
1904.9050679289223,1.0e-5,1.0e-5,11926.38005596384,18182.522749418087,1.0e-5,9022.131331234435,1.0e-5,6855.072366279224,10060.112952213465,1.0e-5,560.3109953943722,1035.9455449619152,Sample 723,4.1127687513734674e9,4.615861803420059e9,5.017641108841457e9,1.3066516628893898e9,5.0309305204659176e8,8.899688966225586,1.0610509047647702e7,8.90057113383743,2.3617658086404175e7,8.898806798613737,4.75258191199434e6,1.3352558087995125e6,3.417326103194818e6
1763.380647820626,1.0e-5,1.0e-5,12285.608157008397,18478.30881925204,1.0e-5,9516.23268576842,1.0e-5,6896.9686625622435,10001.456802604593,1.0e-5,221.58443457331703,1137.4653440529307,Sample 724,4.115190184522538e9,4.615939806431038e9,5.0191434172621975e9,1.307156843570817e9,5.007496219085001e8,8.811564445536652,1.0336677507022088e7,8.812446613148497,2.3658825532376118e7,8.810682277924805,4.30363068888981e6,1.284363733422615e6,3.019266955467185e6
1842.0892148219007,1.0e-5,1.0e-5,12150.950894908514,18356.747346038217,1.0e-5,9290.031495600986,1.0e-5,6867.7041800308625,10040.02295665662,1.0e-5,387.98815646208385,1006.9765700383482,Sample 725,4.1139378316270857e9,4.615734269868806e9,5.017855576320494e9,1.3060390511450958e9,5.0179643824172056e8,8.579111374669191,1.0497155907277502e7,8.58043462608696,2.3610566591971714e7,8.577788123251423,4.525848014964347e6,1.316084086725773e6,3.209763928238569e6
1852.6018304591148,1.0e-5,1.0e-5,12161.588797809605,18203.06028407497,1.0e-5,9454.059066661403,1.0e-5,6864.361424143421,10094.19542788319,1.0e-5,329.2998062497676,983.1817135668172,Sample 726,4.1144381220203075e9,4.61571855215475e9,5.018101421338891e9,1.306046168502725e9,5.012804301344423e8,8.738623699979,1.0546036810707169e7,8.790200312035289,2.354672168618451e7,8.687047087922709,4.4298092892139945e6,1.3254552825914861e6,3.1043540066224937e6
1766.2848711608378,1.0e-5,1.0e-5,12253.85175624547,18418.250826740143,1.0e-5,9445.936716339622,1.0e-5,6929.016793667393,9943.757956189478,1.0e-5,370.0572822429358,998.3383902886369,Sample 727,4.1145119609869237e9,4.61569732012492e9,5.018076714925374e9,1.3059441487389054e9,5.011853591379967e8,8.760219880865362,1.0329161846147325e7,8.76110204847721,2.372186819885016e7,8.759337713253517,4.50250214545906e6,1.2704637973230213e6,3.232038348136031e6
1802.74368204284,1.0e-5,1.0e-5,12176.52816329213,18351.38008028987,1.0e-5,9358.503419108107,1.0e-5,6909.72489287233,9961.15655257468,1.0e-5,441.07781350947494,983.2355148536507,Sample 728,4.1139951476850367e9,4.615684463846951e9,5.017756616119325e9,1.3058336207066624e9,5.016893161619139e8,8.847226831421974,1.0391338413636748e7,8.873456221256038,2.3709743079171948e7,8.820997441587904,4.59763034260928e6,1.2858685886189544e6,3.3117617539903224e6
1827.5279712110273,1.0e-5,1.0e-5,12171.466106535372,18348.462209459874,1.0e-5,9360.536896001126,1.0e-5,6894.973772869907,10001.464993504762,1.0e-5,396.42374217501305,982.4633971824984,Sample 729,4.1141468720138707e9,4.615674044697574e9,5.017796999293903e9,1.3057730818763626e9,5.015271726837027e8,8.865811768788069,1.0462583143994177e7,8.866693936399916,2.3627805967414632e7,8.864929601176227,4.534701637213736e6,1.3053112638020588e6,3.229390373411659e6
1821.2812441006763,1.0e-5,1.0e-5,12171.738425367854,18334.145258044755,1.0e-5,9374.681378919207,1.0e-5,6900.2756309288825,9988.944511479278,1.0e-5,410.8248167821568,982.0815890994531,Sample 730,4.114105717887942e9,4.615672688138758e9,5.017773908341101e9,1.3057694106555028e9,5.015669702508163e8,8.626328966729677,1.0474310361283882e7,8.62765221814745,2.362088479837924e7,8.625005715311913,4.554179499791519e6,1.299956860241212e6,3.2542226395503064e6
1809.5810090338744,1.0e-5,1.0e-5,12179.420255817036,18359.555234559393,1.0e-5,9366.811773606785,1.0e-5,6908.074894846025,9967.176101554285,1.0e-5,424.84731101677653,984.0005084308535,Sample 731,4.114067794386959e9,4.615670949367525e9,5.017747938136655e9,1.3057571325188255e9,5.0160315498056585e8,8.767913728922498,1.04109113306052e7,8.76879589653434,2.3682885692781374e7,8.76703156131065,4.575660725326583e6,1.2917311461729787e6,3.283929579153595e6
11446.446324741923,1.0e-5,1.0e-5,1.0e-5,2274.6022164297583,1.0e-5,1.0e-5,1.0e-5,5443.146379640757,18631.46976533944,1.0e-5,1.0e-5,1.0e-5,Sample 732,4.1365220297541075e9,4.844310766639544e9,5.466150973977362e9,1.9514691515610707e9,7.077887368854365e8,13.85833333333333,2.6916432886317037e7,14.40277777777778,2.480102352375752e7,13.313888888888886,4.208710150522773e6,4.208710129393165e6,0.021129599999999985
14264.942600697885,1.0e-5,1.0e-5,1.0e-5,13612.097352578056,1.0e-5,1.0e-5,1.0e-5,1.0e-5,18297.520367130568,1.0e-5,1.0e-5,3789.8335447143695,Sample 733,4.0239078886244535e9,4.767744298734898e9,5.2811949134826975e9,1.7707376396060424e9,7.438364101104443e8,13.233629415668979,3.1766617811557498e7,15.262701249317372,2.038552287898372e7,11.204557582020586,6.473485122493984e6,6.473485102524398e6,0.019969570000000002
13339.823517143332,1.0e-5,2702.2716362290453,1.0e-5,15966.63521454672,1.0e-5,1.0e-5,1.0e-5,2495.1952824117234,15919.534559411171,1.0e-5,1.0e-5,1.0e-5,Sample 734,4.0319062798121457e9,4.704660555267347e9,5.166628928210126e9,1.5966910213407595e9,6.72754275455202e8,10.596944444444444,2.977037077281256e7,10.633888888888887,1.7388165236395072e7,10.56,5.77587739448142e6,5.77587736989691e6,0.02458450000000001
3392.0104660220486,1.0e-5,11045.84137692607,1.0e-5,13838.807416781565,1.0e-5,1.0e-5,1.0e-5,2118.6668661522554,16651.990822827447,1.0e-5,1.0e-5,4561.404596733055,Sample 735,4.0284918021756973e9,4.703835809427889e9,5.198968368550024e9,1.665609125496462e9,6.753440072521912e8,10.795130093908844,2.82440743383752e7,11.038477100777158,1.8833926686781738e7,10.551783087040548,5.506436803649736e6,5.506436771845425e6,0.031804305000000005
1151.3385685308338,1.0e-5,14113.971013840519,1.0e-5,25416.94265619698,1.0e-5,1.0e-5,206.50500571301328,1.0e-5,16182.479830070763,1.0e-5,1.0e-5,1861.601381272345,Sample 736,4.0279631040755825e9,4.699502712553391e9,5.2358497352409935e9,1.744233653853013e9,6.715396084778091e8,11.92382670913674,3.1131975064118452e7,12.274253980004202,1.3626343034481676e7,11.573399438269277,6.22872735946097e6,6.2287273292414555e6,0.030219514999999995
5531.4335127819595,1.0e-5,8408.101698898192,1.0e-5,17890.117788809108,1.0e-5,1.0e-5,5030.715864229387,919.430484738534,16550.612156337178,1.0e-5,1.0e-5,1756.6372385387917,Sample 737,4.070351826765335e9,4.666104866443579e9,5.110593311329737e9,1.4847299294505596e9,5.957530396782433e8,11.35720515984037,2.471905345333857e7,12.531364740642719,1.5974749091385787e7,10.183045579038021,5.015773254750241e6,5.015773233566806e6,0.021183430000000003
3363.728480273491,1.0e-5,11170.669556919067,1.0e-5,18367.73273101659,1.0e-5,1.0e-5,3964.3208792608934,2503.9106925432857,15158.462191255046,1.0e-5,165.14439856726432,1025.7340065385383,Sample 738,4.06584802560834e9,4.643848618440426e9,5.069420466169843e9,1.4291442882909205e9,5.780005928320861e8,9.272882800861165,2.3897028476656064e7,9.535850907750474,1.5660358264409333e7,9.009914693971856,5.054905019747942e6,4.744421703296723e6,310483.3164512174
3023.0062067104222,1.0e-5,7790.352877616758,1.0e-5,13777.401049668495,1.0e-5,4043.426842014671,959.6772243910237,2122.4689601614514,13898.376413706821,1.0e-5,5974.498837724081,190.78350137274467,Sample 739,4.0788465046899385e9,4.700201430078854e9,5.137691415883377e9,1.496334896997962e9,6.213549253889152e8,10.651195032598192,1.1929238479465319e7,11.3665050462928,3.1711684734194364e7,9.935885018903589,1.357483679758979e7,2.3062308207458546e6,1.1268605976843948e7
6682.6402085498075,1.0e-5,7202.319727145769,1.0e-5,16385.611814413347,1.0e-5,3772.0603298029123,1989.320361337767,3630.120211795723,14785.06675374203,1.0e-5,1.0e-5,1.0e-5,Sample 740,4.1112158171146955e9,4.649275437197117e9,5.095339357382298e9,1.4301874604527843e9,5.380596200824217e8,9.789166666666665,2.1306144120109074e7,9.789166666666668,1.5716012141767383e7,9.789166666666668,4.0426453260338227e6,4.042645303053134e6,0.022980684999999987
6719.898701365883,1.0e-5,6684.731082305584,1.0e-5,19631.47988249318,1.0e-5,4772.957790404304,2538.011990117173,1.0e-5,15323.760201390349,1.0e-5,2070.747449405995,1661.1126084464518,Sample 741,4.094644880602671e9,4.641097524420433e9,5.052750562068819e9,1.3697587191145349e9,5.464526438177621e8,10.019127436651964,1.7695435649444856e7,10.432493002352444,1.939633928954623e7,9.605761870951484,7.686716388003687e6,3.8271360661094515e6,3.8595803218942517e6
4332.3659307437865,1.0e-5,9251.322005062893,1.0e-5,16317.442214795361,1.0e-5,6386.966966604274,1.0e-5,6.376921668023537,18167.64881431496,1.0e-5,1.0e-5,1213.1641948149054,Sample 742,4.100770495100937e9,4.632373028878304e9,5.036792697933234e9,1.3404418718872287e9,5.3160253377736706e8,9.573220344024369,1.9284465898394138e7,10.336663086914516,1.722134699916242e7,8.80977760113422,4.1004172805741457e6,4.100417259846437e6,0.020727704999999996
5610.575674013746,1.0e-5,9059.094030077107,1.0e-5,20314.414746345043,1.0e-5,4953.833606907998,2637.611110894487,253.16424993030995,16340.343407754539,1.0e-5,1.0e-5,707.501997820828,Sample 743,4.105018408122148e9,4.626917853289958e9,5.03957962668387e9,1.3472229919556358e9,5.218994451678101e8,9.009040873051882,2.1148211082685668e7,9.243738333963456,1.4162391800974047e7,8.774343412140308,4.4253337060643155e6,4.425333683064399e6,0.02299991
1383.7326563661488,1.0e-5,11644.169319527364,1.0e-5,16129.857434159789,1.0e-5,6158.744277537605,1.0e-5,1270.7066075697023,16137.374162535898,1.0e-5,2131.3177823352253,261.66518663744404,Sample 744,4.0953327589556546e9,4.631750994067991e9,5.033447947664785e9,1.3398121423059251e9,5.3641823511233664e8,8.99334468888889,1.568311371870315e7,9.240045006595256,2.1319452147248812e7,8.746644371182528,6.926363383640628e6,3.233092772283897e6,3.6932706113567404e6
3388.30205162592,1.0e-5,10064.52388169179,1.0e-5,17098.755227860267,1.0e-5,6680.921464601673,1.0e-5,685.4610089764644,16773.521936900088,1.0e-5,659.3985482431447,1474.6382412217458,Sample 745,4.1007612035872917e9,4.62227163377066e9,5.022158759084797e9,1.3212846808116412e9,5.215104301833682e8,8.894759967863893,1.8237495759737037e7,9.083231000042009,1.748733566538347e7,8.706288935685784,4.967089568043657e6,3.806988238312968e6,1.160101329730693e6
5288.169947979147,1.0e-5,9219.358629371376,1.0e-5,18343.609272618123,1.0e-5,7310.647672162943,1.0e-5,639.4083787481061,15755.976866938949,1.0e-5,1259.3222031209507,586.719152727542,Sample 746,4.091080119669173e9,4.622769405132327e9,5.025389327233805e9,1.3369291296661096e9,5.3168928546315426e8,8.744953244969546,1.838083202837521e7,8.81577538672548,1.8017757060423918e7,8.674131103213616,6.255104329779803e6,3.854994996197676e6,2.400109333582144e6
2139.958555985404,1.0e-5,12066.534466692685,1.0e-5,18658.775984124877,1.0e-5,6948.5586879957245,1.0e-5,785.8410493072834,16742.305954204116,1.0e-5,1.0e-5,844.2530518815869,Sample 747,4.1047457361134214e9,4.620370750558827e9,5.024740407727957e9,1.3243643287836652e9,5.156250144454056e8,8.80659911285444,1.990290577719773e7,8.892240660743548,1.518603963213628e7,8.720957564965346,4.1135532997515495e6,4.1135532745198174e6,0.025231724999999972
4002.0623520281565,1.0e-5,5237.932610563695,4666.631429574591,19961.01616324127,1.0e-5,6772.191810642727,1.0e-5,30.53344644736571,16604.01062596848,1.0e-5,414.8697813354332,1691.6551179880476,Sample 748,4.1024962696187506e9,4.618776092542821e9,5.0200521035736885e9,1.3188318449858062e9,5.1627982292407006e8,8.824268356437726,1.4306382911720086e7,9.004369479227055,2.0624133245429214e7,8.644167233648394,4.868680050010339e6,2.999686476664102e6,1.8689935733462358e6
4131.905362849053,1.0e-5,1708.3961204848677,7929.943702485315,18292.81847635017,1.0e-5,6383.646064105188,1.0e-5,727.4865508437836,16501.36606731354,1.0e-5,651.9547198974835,1080.8721716339742,Sample 749,4.099912690825669e9,4.790780902856269e9,5.70057481329053e9,2.5104560328991218e9,6.908682120305998e8,16.339278187817687,2.1497292268955708e7,24.442072654652385,2.1516841819550067e7,8.236483720982989,4.964838166478791e6,2.732807014884095e6,2.232031151594686e6
4233.410300351755,1.0e-5,5759.983108256072,3985.8677617019025,18124.48005483487,1.0e-5,7162.802061204132,1.0e-5,487.47546278646354,16917.31388789317,1.0e-5,78.52561461038476,1203.1586786900834,Sample 750,4.1046848817133045e9,4.617035263605441e9,5.016892760893684e9,1.3120653764686234e9,5.123503818921366e8,8.542475604872923,1.5016255354659261e7,8.686122841839953,1.9944205369545158e7,8.39882836790591,4.1858735621132273e6,3.0691900857193167e6,1.1166834763938913e6
3420.0829303364044,1.0e-5,3231.589337746077,6843.009766574772,17777.090492201052,1.0e-5,6625.193234753418,1.0e-5,803.7376842599865,16560.164397335077,1.0e-5,794.6834225771323,1001.2886534323292,Sample 751,4.102153673319726e9,4.661502419929845e9,5.210218218256395e9,1.65678034326322e9,5.593487466101191e8,10.41637319432893,1.4527249848927604e7,12.663695314387734,2.259988992854465e7,8.169051074270111,5.076137083380432e6,2.5218756980015184e6,2.554261385378905e6
3276.4632564365597,1.0e-5,4070.8383663394047,6187.682403335128,18150.228947153617,1.0e-5,6697.738176512156,1.0e-5,708.8269545042639,16662.144230484948,1.0e-5,542.4686148706974,1183.0014563094403,Sample 752,4.104437814276698e9,4.624132701136444e9,5.057524755436394e9,1.3864789954596465e9,5.196948868597455e8,9.361507712434367,1.3016315512415132e7,10.119512128208365,2.221777275756388e7,8.603503296660366,4.752192791473561e6,2.56327950697158e6,2.1889132845019884e6
3256.930501849507,1.0e-5,4537.8814930307535,5678.132123145597,17991.854628530473,1.0e-5,6795.440825257295,1.0e-5,761.4638313697816,16509.755393266038,1.0e-5,765.0262171522756,1109.0772650491292,Sample 753,4.1035178983193626e9,4.6178346521098585e9,5.023672803809897e9,1.3259930571905727e9,5.1431675379049623e8,9.437546263327038,1.2462246864869911e7,9.794057181558498,2.26015834170651e7,9.081035345095568,5.059485294677102e6,2.5120979231205885e6,2.5473873715565065e6
3338.2464879155286,1.0e-5,5617.250851725392,4577.665190778164,17619.619947735744,1.0e-5,7062.525883716854,1.0e-5,746.9809715787865,16681.299580042483,1.0e-5,597.5380468648998,1047.9865815288508,Sample 754,4.104737234593311e9,4.616328098183199e9,5.015919770811327e9,1.310774208846144e9,5.1159086358988816e8,9.032055344990548,1.287541991876165e7,9.17398033732409,2.2093367629263885e7,8.890130352657009,4.787759086728258e6,2.623905428010605e6,2.163853658717637e6
3130.203141360973,1.0e-5,6243.566825019424,4186.294440328524,18752.622403701927,1.0e-5,7042.814669856551,1.0e-5,344.525192984257,16627.3639843871,1.0e-5,759.5834069809192,1198.3144936628296,Sample 755,4.104883247888084e9,4.616285112386821e9,5.015543857647367e9,1.3099193550198295e9,5.1140186449873674e8,8.823194978533923,1.2733766822559398e7,8.998879040789753,2.203452184125779e7,8.647510916278094,5.110466018472751e6,2.6376649926215247e6,2.4728010258512334e6
3821.1390530258764,1.0e-5,4423.900762383309,5640.091692673317,18331.062986178204,1.0e-5,6972.361995666118,1.0e-5,558.8537613535152,16681.59067671692,1.0e-5,572.3218448403532,767.1094826826496,Sample 756,4.1042327921703043e9,4.616681862179898e9,5.017390590850546e9,1.3138665273508883e9,5.1244907000959367e8,8.82900270850662,1.349623553070645e7,9.04775081033396,2.1461424692123216e7,8.610254606679275,4.836649088121125e6,2.7416444044392775e6,2.0950046836818417e6
3534.5106795822126,1.0e-5,4836.2350398590925,5388.855332141424,18187.636659735068,1.0e-5,6991.672095596547,1.0e-5,694.5647044211072,16529.17575314494,1.0e-5,677.0660050290228,859.4605884971111,Sample 757,4.1041145986882606e9,4.616231091020353e9,5.015558131980295e9,1.3107705742519755e9,5.121164923320928e8,8.751716116677171,1.2947153513488771e7,8.875130595841215,2.2003137790403835e7,8.628301637513133,4.966677001312054e6,2.6355936607477134e6,2.3310833405643436e6
3782.886980454507,1.0e-5,4365.825551428755,5521.066682567636,18159.244971089713,1.0e-5,7087.298247252736,1.0e-5,598.1527424998425,16607.46325058823,1.0e-5,559.0387488105221,1181.1497902262226,Sample 758,4.104893296638733e9,4.616054086939945e9,5.014598232523506e9,1.3082490814683352e9,5.111607903012122e8,8.784037522642302,1.3391242852680512e7,8.96170208477211,2.1474388015004765e7,8.606372960512498,4.809718606424856e6,2.718669830864122e6,2.0910487755607304e6
3467.266650065728,1.0e-5,4837.398341176445,5325.753055104186,18032.8378263158,1.0e-5,7105.770825149174,1.0e-5,603.5183102735552,16661.488972340754,1.0e-5,564.5636795877255,1173.6656539736398,Sample 759,4.1048132939763765e9,4.615837820052524e9,5.013875878604853e9,1.307100643180805e9,5.1102452607614696e8,8.637684337408112,1.2948018953058278e7,8.778499083721908,2.1920688050390597e7,8.496869591094312,4.793882618185601e6,2.637292842899335e6,2.1565897752862577e6
3535.112021828298,1.0e-5,4491.182663695015,5461.972796372134,17719.63438105573,1.0e-5,7134.399534808569,1.0e-5,821.2686317981987,16481.97804357197,1.0e-5,593.4004996617492,1345.7537965425465,Sample 760,4.104893611902068e9,4.615931195213354e9,5.014110411220507e9,1.3073960153255892e9,5.1103758331128645e8,9.045860373261924,1.2869796801156998e7,9.136953948078137,2.2038264512223985e7,8.954766798445704,4.816654629674692e6,2.5995176800813624e6,2.2171369495933256e6
3526.5900785016165,1.0e-5,4695.982285191953,5341.426246209674,17951.839074451316,1.0e-5,7176.745176246587,1.0e-5,589.5204518979856,16669.11829306256,1.0e-5,535.6839094286925,1329.1724780948464,Sample 761,4.1050547314268355e9,4.6157710450195055e9,5.013722411814696e9,1.3066190471830525e9,5.1071631359267e8,8.694383945326615,1.3081160405905632e7,8.835263134509558,2.1765838507385604e7,8.553504756143667,4.751465880827907e6,2.6647879542927346e6,2.0866779265351587e6
3490.0831267364233,1.0e-5,4695.113067287046,5343.284836711712,17886.006671604435,1.0e-5,7168.976104605167,1.0e-5,663.3600074467464,16595.298487143187,1.0e-5,608.1896466122196,1266.4501582660741,Sample 762,4.1051904104668703e9,4.615731907165287e9,5.013628831962424e9,1.3063353462926915e9,5.105414966984165e8,8.850020064566268,1.2798162656958772e7,8.97841989535812,2.2051331290770467e7,8.72162023377442,4.838360553513804e6,2.6038197134347004e6,2.234540840079114e6
3556.3936468724805,1.0e-5,4664.6468609944895,5410.790029243125,18222.56786495698,1.0e-5,7144.430306027351,1.0e-5,568.1244578665486,16646.331991207695,1.0e-5,501.006730789826,1280.5988931425538,Sample 763,4.1057381512627835e9,4.615717283844731e9,5.013775839715993e9,1.3060962443244708e9,5.099791325819482e8,8.841450547006932,1.3129027252519036e7,8.970451713967654,2.163132376772683e7,8.712449380046206,4.719971113906133e6,2.67283730030012e6,2.047133813605997e6
3485.5059919167593,1.0e-5,4716.183411528117,5380.327419699625,18171.221102343683,1.0e-5,7149.884839898156,1.0e-5,582.9198041069603,16570.340339001395,1.0e-5,626.1175700305137,1286.1627877244455,Sample 764,4.1049841724976854e9,4.615692210654219e9,5.013276307378601e9,1.3058762316052997e9,5.10708038156533e8,8.758435186305402,1.291325054538213e7,8.911350868473013,2.1907176518759333e7,8.605519504137789,4.896761664764372e6,2.6305078579570134e6,2.2662538068073574e6
3455.5056163955496,1.0e-5,4754.675619128962,5370.068497157642,18080.858096345382,1.0e-5,7158.371378984651,1.0e-5,601.0677034585761,16603.799827889954,1.0e-5,590.1300350753828,1283.3020912910133,Sample 765,4.10510025262794e9,4.615680248673362e9,5.013299565740336e9,1.3058186301793702e9,5.105799960454217e8,8.798997839949593,1.2982594592445811e7,8.927191299894977,2.1840789255531054e7,8.670804380004201,4.83546306323332e6,2.6362704831087193e6,2.199192580124598e6
3494.3273772114085,1.0e-5,4721.834912033454,5378.126630278342,18114.5942674109,1.0e-5,7161.53269165633,1.0e-5,590.3572518421398,16608.066303758438,1.0e-5,585.2018678912166,1264.8527295516337,Sample 766,4.105241369456787e9,4.615673452537373e9,5.01334301911184e9,1.3057712162295208e9,5.104320830805855e8,8.834871308590634,1.2936958330344897e7,8.964230726317998,2.1872885409489714e7,8.705511890863265,4.830142599584427e6,2.636912554772543e6,2.1932300448118886e6
3507.831483399605,1.0e-5,4714.80054481562,5392.287856567621,18196.437711247596,1.0e-5,7154.443607926,1.0e-5,571.3808708821872,16612.407282385546,1.0e-5,566.5850776138573,1268.772066625843,Sample 767,4.1053589936200814e9,4.615671678235325e9,5.013394284084344e9,1.3057578963132815e9,5.103126846152434e8,8.588626340978792,1.2981001186928913e7,8.719930203150602,2.1808413317396645e7,8.457322478806976,4.811776584605072e6,2.6453488287569047e6,2.1664277558481772e6
1.0e-5,14622.784629573047,1.0e-5,1.0e-5,17074.03055608514,1.0e-5,1.0e-5,1.0e-5,18272.989511262662,1.0e-5,1.0e-5,1.0e-5,1.0e-5,Sample 768,4.0749477058439093e9,4.778643875936338e9,5.416522468943691e9,1.979453356107136e9,7.036961700924292e8,13.270000000000005,1.9182495932989802e7,12.657500000000004,2.901421441110224e7,13.882500000000002,5.713340517356639e6,0.02386306000000002,5.713340493493574e6
1.0e-5,8641.201941708812,1.0e-5,4307.325562694669,15268.096936324542,2372.391212799251,6935.593981547718,1.0e-5,16435.71580257556,1.0e-5,1.0e-5,1858.0575696010055,1.0e-5,Sample 769,4.1199584898851876e9,4.690425299001101e9,5.219493496481028e9,1.6286032040757675e9,5.704668091159127e8,11.287916666666671,1.6544560144168252e7,11.282500000000008,2.2163951723799895e7,11.293333333333344,7.206069826563753e6,0.022871549999999994,7.206069803692213e6
1.0e-5,493.40881220281756,1.0e-5,13428.36190114639,13915.352046613052,249.911687311226,1302.8678416334506,1.0e-5,20087.53301157285,1.0e-5,1.0e-5,1.0e-5,1.0e-5,Sample 770,4.0683675064748282e9,4.68337919350435e9,5.155508717849512e9,1.5592707357198458e9,6.150116870295217e8,10.755069444444446,2.0179481956907045e7,10.192222222222227,2.275759415143318e7,11.317916666666669,4.580785955990211e6,0.02831697499999999,4.580785927673228e6
1.0e-5,9441.71110983831,1.0e-5,7081.894306374945,21625.563281908268,1.0e-5,5409.756523035031,1.0e-5,14984.136865257338,1.0e-5,1.0e-5,1005.3380286342132,1.0e-5,Sample 771,4.0441728616606154e9,4.658920201521563e9,5.105850831883476e9,1.5086086005847745e9,6.147473398609473e8,9.910000000000002,1.3351964258316794e7,9.533333333333335,2.8623967692028254e7,10.286666666666665,7.689765411354085e6,0.02648165999999999,7.689765384872428e6
1.0e-5,3496.8337474940145,1.0e-5,11729.383421727134,16352.629532516597,4889.079328122939,6439.219286734128,1.0e-5,16488.419951677308,1.0e-5,1.0e-5,1.0e-5,1.0e-5,Sample 772,4.089080806817225e9,4.650687922973372e9,5.102103124859474e9,1.4644375199283512e9,5.616071161561475e8,9.91138888888889,1.4308630021638807e7,9.911388888888892,2.3652613337246977e7,9.911388888888892,4.878729174676479e6,0.02781075999999999,4.878729146865715e6
1.0e-5,2939.1893544598274,1.0e-5,11357.418381000394,15414.615274760376,1.0e-5,10375.083084104277,1.0e-5,17777.123243853333,1.0e-5,1.0e-5,1.0e-5,1.0e-5,Sample 773,4.1207037219105473e9,4.649135772680624e9,5.09808937139412e9,1.42633924819707e9,5.28432050770077e8,9.966111111111111,1.6642703625464937e7,9.320555555555558,1.9877110611474406e7,10.611666666666668,4.0758738510934603e6,0.024879299999999986,4.0758738262141533e6
1.0e-5,121.25476257010061,1.0e-5,13519.971046842382,16627.360047231803,1.0e-5,7893.825427310416,1.0e-5,15880.012708192286,1.0e-5,1.0e-5,3335.4303108854847,1.0e-5,Sample 774,4.076343272547537e9,4.641826795279499e9,5.060776695810051e9,1.4033833237930663e9,5.654835227319623e8,9.439861111111112,1.5718205265453871e7,9.25027777777778,2.3351844319218807e7,9.629444444444447,9.635849891732018e6,0.026508244999999975,9.635849865223784e6
1.0e-5,8353.069575612313,1.0e-5,8636.580796755987,20552.12313636652,3561.611146775012,14028.565662596882,1.0e-5,13194.556893495255,1.0e-5,1.0e-5,272.6994133357863,1.0e-5,Sample 775,4.1077609828213835e9,4.658608479332396e9,5.110092304352744e9,1.4538151465517097e9,5.50847496511012e8,9.60368055555556,1.0518834019664854e7,9.599166666666672,2.6399403442911625e7,9.60819444444445,5.8223488920330275e6,0.025989979999999982,5.822348866043042e6
1.0e-5,5658.325760396492,1.0e-5,8041.312866177437,15852.095829177626,1.0e-5,8437.475469970452,1.0e-5,15736.955667490067,1582.6853736326134,1.0e-5,178.3415960863236,1561.8171517249295,Sample 776,4.1020632741976967e9,4.63800826281444e9,5.075086761719477e9,1.4101019864268177e9,5.3594498861674285e8,10.758900973745018,1.4756115854503747e7,10.742909716656168,2.2075864176739346e7,10.774892230833865,4.469903503931285e6,0.025569369999999987,4.469903478361908e6
1.0e-5,2882.951421421641,1.0e-5,11494.745820746934,16927.067055624448,1.0e-5,8456.672939652964,1.0e-5,13139.326636660771,3466.184444841948,1.0e-5,1533.7154560103945,9.09761059952215,Sample 777,4.090088566527049e9,4.627542850231247e9,5.040567260491112e9,1.363503104223928e9,5.374542837041974e8,9.07032416513338,1.1479075476096686e7,9.070324165133377,2.54987986207143e7,9.070324165133377,6.5794844191039335e6,0.026965344999999984,6.579484392138591e6
1.0e-5,2521.541644655966,1.0e-5,11243.277948872616,21683.27305586599,1.0e-5,10136.244591530087,1.0e-5,14923.279143365713,1.0e-5,1.0e-5,1616.2985395886794,810.8116066601518,Sample 778,4.121895779612867e9,4.633398761159801e9,5.076609870526114e9,1.3979252002795618e9,5.115029815469335e8,9.548735150346568,1.2632232857208963e7,9.180975180802356,2.1563668831610058e7,9.916495119890781,6.82836985930067e6,0.025456550000000005,6.828369833844121e6
1.0e-5,2182.295737722147,1.0e-5,11965.895846243387,20150.495069895536,1.0e-5,10355.220583743632,1.0e-5,13788.386034520827,2481.321284937096,1.0e-5,291.7601450351982,541.8446798432064,Sample 779,4.127053149489304e9,4.62644616726253e9,5.055615816016933e9,1.3577323152820327e9,4.993930177732261e8,9.262361479269064,1.0941446923037972e7,9.262361479269064,2.259158466482339e7,9.262361479269064,4.4763911412952235e6,0.02618696999999999,4.476391115108245e6
1.0e-5,4132.582861296903,1.0e-5,11016.770289086535,22159.863944020428,1.0e-5,13314.761593099704,1.0e-5,12274.271118147399,1438.6216607756442,1.0e-5,944.0854585650175,2070.3063573461686,Sample 780,4.1115146240660563e9,4.628356847990829e9,5.045157884265204e9,1.3504442964735248e9,5.168422239247732e8,9.091951034572563,9.757192916950673e6,9.04545757479521,2.4753931564037006e7,9.13844449434992,6.259642400399461e6,0.027294554999999988,6.25964237310491e6
1.0e-5,1215.0565874720762,1.0e-5,13319.643277754169,23544.205043404338,1.0e-5,10918.19063339985,1.0e-5,10928.646255487376,2693.403990451334,1.0e-5,2334.5853653026707,864.1631263960037,Sample 781,4.104860196125412e9,4.623360373911772e9,5.031147374560243e9,1.334074179083302e9,5.1850017778636e8,8.86498759672338,8.242914712111226e6,8.863887374501159,2.63458599449849e7,8.866087818945603,8.137487051238047e6,0.02787363,8.137487023364423e6
1.0e-5,2029.4492006970684,1.0e-5,11885.344312414498,18975.33468533959,1.0e-5,12819.826614757816,1.0e-5,9757.258490593578,5047.536895333289,1.0e-5,2022.4110974597695,994.6699968039061,Sample 782,4.1148169716295757e9,4.625440287746783e9,5.0425304206244755e9,1.3448035818725908e9,5.1062331611720777e8,9.267158642764128,7.410929844618071e6,9.267158642764128,2.7161457829956725e7,9.267158642764128,7.19066055185071e6,0.027039394999999963,7.190660524811326e6
1.0e-5,3918.2387904487177,1.0e-5,10561.346361320593,20416.93315235936,1.0e-5,10441.855328795953,1.0e-5,8887.20981055122,6454.880737347706,1.0e-5,1097.113106887383,767.7480743897585,Sample 783,4.114150078795581e9,4.620006177070912e9,5.028002685051068e9,1.3218491142356427e9,5.058560982753319e8,8.909744082377657,6.017312756908892e6,8.909744082377655,2.8107984560451444e7,8.909744082377655,5.90199846644859e6,0.026616244999999997,5.90199843983234e6
1.0e-5,1527.6409993763386,1.0e-5,11835.914813622272,17992.600926608717,1.0e-5,9619.86570081115,1.0e-5,9569.096566713424,6651.986809540326,1.0e-5,1376.2842021002516,1494.596962676867,Sample 784,4.1100327344229975e9,4.620440390845772e9,5.027065518381227e9,1.3236579114936855e9,5.104076564227739e8,8.892969745641672,6.938143646529233e6,8.892969745641674,2.776413435689492e7,8.892969745641674,6.020698951688607e6,0.027806529999999975,6.0206989238820765e6
1.0e-5,2728.475240974383,1.0e-5,11530.253694331182,19474.381943620207,1.0e-5,8914.440564337903,1.0e-5,7727.63249818557,8539.72319016417,1.0e-5,806.1390532853593,828.792995224327,Sample 785,4.110012355304251e9,4.629164455226381e9,5.07644446333222e9,1.4137121161338086e9,5.1915209992212987e8,9.045690151018691,5.302880450984608e6,9.717990849401387,2.9579762819096815e7,8.373389452636001,5.322246053897236e6,0.027778129999999995,5.3222460261191e6
392.14817414750365,1981.5793601392745,1.0e-5,12075.104569223613,19393.777564730997,1.0e-5,10499.523796012107,1.0e-5,7856.813722281327,7952.021143213663,1.0e-5,1007.3642254071332,797.1668205596743,Sample 786,4.1112415913759828e9,4.618840489679943e9,5.02983826600064e9,1.329594450945355e9,5.0759889830396014e8,8.97752996187776,6.51177312895002e6,9.225673589792061,2.78262005039187e7,8.72938633396346,5.643244811698883e6,282685.4747662131,5.360559336932664e6
179.28722854312866,1565.1082439475194,1.0e-5,12482.929362192972,20284.258693731434,1.0e-5,9892.767429080113,1.0e-5,8143.740490035573,7679.785731533057,1.0e-5,933.2727087881489,899.1394012467191,Sample 787,4.114160173096056e9,4.616944527702268e9,5.021773791843671e9,1.3124428828890183e9,5.0278435460621125e8,8.815527652131909,5.8279513367865225e6,8.867104264188198,2.8059516204547048e7,8.763951040075618,5.504371329545696e6,137194.52628585117,5.3671768032598365e6
803.2811956333136,1631.3173046791546,1.0e-5,12013.204369485766,19531.66862742188,1.0e-5,9879.812668447337,1.0e-5,8000.258311327848,8094.4293491720355,1.0e-5,716.5983915437985,814.9948171576704,Sample 788,4.1114626543294697e9,4.616586151835771e9,5.020613005981726e9,1.313177205798211e9,5.05123497506301e8,8.68304514559967,7.499585274405955e6,8.68348622940559,2.669095701742702e7,8.682604061793747,5.202974165943939e6,509715.8040745902,4.693258361869346e6
416.5050726886764,1413.3898674992583,1.0e-5,12396.030608647556,20809.590488138587,1.0e-5,11048.82545688264,1.0e-5,7792.746276004024,7295.7449555645435,1.0e-5,1362.4099327477545,1058.951170543319,Sample 789,4.115287532949398e9,4.61671286614248e9,5.021279586200725e9,1.31055877330957e9,5.0142533319308203e8,9.09575106973325,6.470300442847876e6,9.096633237345097,2.722612836543266e7,9.094868902121403,6.201890640712768e6,300508.8337730192,5.901381806939749e6
750.7038874463753,1803.0348535996434,1.0e-5,11538.489174727709,20368.213082905157,1.0e-5,9965.099832197298,1.0e-5,7653.5754965005435,7893.979940858846,1.0e-5,1152.4469201800757,1104.2978509785075,Sample 790,4.114138394589671e9,4.616476001758754e9,5.020395270942258e9,1.3101761455360909e9,5.023376071690827e8,8.837441432472168,7.1568675489226645e6,8.838323600084017,2.6685518664724655e7,8.836559264860325,5.860844456021244e6,478348.63414450083,5.382495821876736e6
759.1269129574112,1362.1502020563066,1.0e-5,12223.41425589808,20263.252025816662,1.0e-5,10612.538603426246,1.0e-5,7612.748714401688,8000.051369917555,1.0e-5,985.6462305394689,848.0075745318837,Sample 791,4.1158159873336167e9,4.616127752157675e9,5.020276470052648e9,1.3086092006140049e9,5.0031176482405806e8,8.91044770279353,7.136744916565963e6,8.911329870405378,2.6585434704246867e7,8.909565535181686,5.583074852290417e6,491637.11294247815,5.091437739347929e6
851.249436329115,1579.0842121094101,1.0e-5,11771.01328842433,19955.050201674178,1.0e-5,10684.600900989126,1.0e-5,7379.482856437767,8121.959831668459,1.0e-5,1159.3805114267095,1072.7074209854868,Sample 792,4.1142635934468904e9,4.616188600103564e9,5.019917426696279e9,1.3093826598421025e9,5.0192500665667415e8,8.960130277735772,7.217999195825805e6,9.108968350094518,2.664894487280059e7,8.811292205377024,5.857530461082181e6,533916.9569991191,5.323613504083056e6
907.2082768484231,1519.9873268726508,1.0e-5,11880.7578090522,20211.634450399168,1.0e-5,10404.464246351807,1.0e-5,7396.936734581054,8209.149152659016,1.0e-5,1002.2015890941824,973.5513012514631,Sample 793,4.114732891289051e9,4.615883340986261e9,5.018891948038494e9,1.3071676638016756e9,5.011504496972102e8,8.66603011951271,7.306300123922472e6,8.717606731569001,2.648564099952657e7,8.614453507456421,5.631590086076435e6,565165.671082107,5.066424414994311e6
972.3592713613,1172.8727996149241,1.0e-5,11950.197222884819,19633.458052261853,1.0e-5,10346.912884850008,1.0e-5,7467.300913746026,8295.598102729542,1.0e-5,1107.7529212536544,1019.183998697819,Sample 794,4.114058890831686e9,4.615866323581243e9,5.018490715577437e9,1.307056216741947e9,5.0180743274955636e8,8.775982070447386,7.697612443090335e6,8.776864238059233,2.621485238726742e7,8.775099902835542,5.718570600642442e6,617182.278637545,5.101388322004896e6
1046.6392499329002,1316.9120886917976,1.0e-5,11854.488299279174,19954.792588899738,1.0e-5,10205.641945308076,1.0e-5,7382.26092006034,8343.257642156133,1.0e-5,1047.425389839845,936.3518344435942,Sample 795,4.1141418916015005e9,4.615723924008501e9,5.018011887525408e9,1.3061579594408145e9,5.015820324070004e8,8.706962018483516,7.727714348003853e6,8.707844186095361,2.613885730409582e7,8.706079850871669,5.662731324964654e6,644311.7136703131,5.018419611294341e6
1043.730937752335,1738.1089694121258,1.0e-5,11610.816474888781,20014.37908079698,1.0e-5,10372.49425572295,1.0e-5,7364.743533195734,8415.895370660899,1.0e-5,779.5125229452462,957.6566773059296,Sample 796,4.1154040888269773e9,4.61582340411989e9,5.018874415389515e9,1.3065213378321636e9,5.004193152929128e8,8.721872356605754,7.484541423019556e6,8.722754524217603,2.6292612718529295e7,8.720990188993909,5.29954233325592e6,622077.2599785263,4.6774650732773915e6
946.0612062353522,1273.0707224990279,1.0e-5,12045.911347391797,20055.6128932206,1.0e-5,10277.79542778765,1.0e-5,7452.537717509165,8303.644601392107,1.0e-5,937.2546861059946,951.5200712933746,Sample 797,4.1149813909229174e9,4.615724009051763e9,5.018409679137647e9,1.3061139583006127e9,5.0074261812884563e8,8.728621955933626,7.515746353490047e6,8.729504123545473,2.6270084095410332e7,8.72773978832178,5.501226169939162e6,602476.2674562018,4.898749902482947e6
1057.5027934138348,1422.824740555134,1.0e-5,11740.313969298379,19747.031569440824,1.0e-5,10193.959533985893,1.0e-5,7368.211621448972,8496.247393902206,1.0e-5,917.7545909440307,947.6192739138011,Sample 798,4.114780837661664e9,4.615719203632533e9,5.018302098389571e9,1.3061041554849446e9,5.0093836597086895e8,8.836394000210044,7.679864737908197e6,8.862623390044112,2.6169115709915362e7,8.810164610375976,5.452540154546273e6,650969.0161266795,4.801571138419578e6
1039.473947220747,1379.410078871518,1.0e-5,11839.265383482065,19982.072615929177,1.0e-5,10258.16655988539,1.0e-5,7359.709540259888,8392.764685677812,1.0e-5,965.2012844419228,935.8214121506044,Sample 799,4.1147998853025537e9,4.615692273312505e9,5.018219408262933e9,1.305946657910807e9,5.008923880099507e8,8.776862901155223,7.647334203263434e6,8.803092290989287,2.616530565819538e7,8.750633511321148,5.5424405480455095e6,643658.1620671266,4.8987823859783765e6
1082.585099656017,1366.7697118839774,1.0e-5,11766.009192037454,19858.181026360096,1.0e-5,10229.245372471249,1.0e-5,7353.097025150522,8423.484028581666,1.0e-5,995.3339872662549,944.7967539482435,Sample 800,4.114558533320528e9,4.615696332307302e9,5.018122450107648e9,1.305990034587465e9,5.0113779898677415e8,8.801239655786604,7.738961932817048e6,8.80212182339845,2.6108999150293287e7,8.800357488174757,5.57665007132198e6,662736.2693668521,4.913913801955107e6
1033.3674264651431,1233.5381657745552,1.0e-5,11975.928789870939,19922.84983275212,1.0e-5,10276.545079873422,1.0e-5,7392.668639679642,8383.804542696822,1.0e-5,976.2875513950422,923.9845180413791,Sample 801,4.114748601449477e9,4.615685312174528e9,5.018138408322948e9,1.3058429030218906e9,5.009367107250512e8,8.807413278848985,7.729140111230533e6,8.808295446460834,2.6093677909479573e7,8.80653111123714,5.546659588297416e6,649136.6816543113,4.897522906643087e6
1073.030991682477,1334.1358916826175,1.0e-5,11885.020857865951,20016.000765903962,1.0e-5,10361.48356133006,1.0e-5,7340.034734655383,8363.687496232882,1.0e-5,989.258859008597,914.4319530456089,Sample 802,4.1147270161496315e9,4.6156824592773075e9,5.018128617001208e9,1.3058477585754783e9,5.0095544312767625e8,8.788383043856332,7.732452671341096e6,8.8146124336904,2.6081851352865264e7,8.762153654022262,5.585334976612998e6,664133.3550494899,4.921201621563509e6
1065.2997095590947,1333.3692744563914,1.0e-5,11879.413996825897,20007.91977497785,1.0e-5,10311.852337079314,1.0e-5,7347.241542338541,8373.804827244538,1.0e-5,983.9235485698828,924.5656971513083,Sample 803,4.1146853424283385e9,4.615672942615761e9,5.018065474096239e9,1.3057726631483784e9,5.009876001874224e8,8.710218523965555,7.714467618902926e6,8.7111006915774,2.610273017103144e7,8.709336356353706,5.57525624748851e6,658384.1053282565,4.9168721421602545e6
1056.5659509032057,1337.5859227360445,1.0e-5,11888.064426746838,20009.876677693464,1.0e-5,10297.110216291132,1.0e-5,7356.733806321608,8379.98171605616,1.0e-5,963.6595979315034,926.1630185947845,Sample 804,4.114762981281754e9,4.615672600257451e9,5.018104210976653e9,1.3057728404141014e9,5.00909618975697e8,8.805974342281033,7.695137120192567e6,8.80685650989288,2.6115896809073042e7,8.805092174669186,5.544779502155236e6,655408.9638182255,4.889370538337008e6
1061.7789131990187,1326.5976214398406,1.0e-5,11881.280012960948,19965.408221179114,1.0e-5,10283.798833615863,1.0e-5,7355.80285725324,8396.144845311686,1.0e-5,967.6684661357223,927.6879820235156,Sample 805,4.1146959118471894e9,4.615671317761008e9,5.018063993682947e9,1.3057607577576954e9,5.009754059138185e8,8.782999506448231,7.712694129199465e6,8.8092288962823,2.6109266576090414e7,8.756770116614161,5.546217855517481e6,657191.0875317953,4.889026767985677e6
1.0e-5,13125.736602439149,10726.077716298834,1.0e-5,38219.787013505156,1.0e-5,16000.908701853643,1.0e-5,6371.626068137056,1.0e-5,1.0e-5,1.0e-5,1.0e-5,Sample 806,3.9833006806333046e9,4.74750881708082e9,5.240475929436524e9,1.7501423611589234e9,7.642081364475151e8,10.90388888888889,6.136251949870014e6,10.044722222222221,4.5405785286956124e7,11.763055555555557,9.48072138003002e6,558813.8080665277,8.921907571963495e6
1.0e-5,1444.9859542730794,19380.424993386965,1.0e-5,25758.227635125917,4516.658554168918,17699.157625574113,1.0e-5,9457.343071828547,1.0e-5,1129.846623569132,1.0e-5,1.0e-5,Sample 807,4.063375783274711e9,4.839548121011622e9,5.803821942371815e9,2.7047199804572973e9,7.761723377369114e8,23.244791666666668,3.546027331363186e7,9.967361111111112,1.4108108427595856e7,36.52222222222223,9.052841599773856e6,7.667799112163767e6,1.3850424876100929e6
1.0e-5,4738.981064679499,15249.370449880429,1.0e-5,25610.506208765506,5689.442973201387,11085.440653476515,1.0e-5,11135.618713278469,1.0e-5,1.0e-5,1.0e-5,1.0e-5,Sample 808,4.0400010522764482e9,4.683642014276617e9,5.14272747495442e9,1.561811883355773e9,6.43640962000169e8,9.951944444444447,2.1597099035979334e7,9.951944444444447,2.128626710641945e7,9.951944444444447,7.115197397932152e6,2.9649859058968825e6,4.1502114920352614e6
1.0e-5,11706.994142306878,5687.475418897741,1.0e-5,18735.54658653655,1609.2548855281661,16874.124631289145,1.0e-5,13240.117730787248,1.0e-5,1.0e-5,1.0e-5,1387.1098695175947,Sample 809,4.136213952719739e9,4.705178492641661e9,5.153758242924509e9,1.46612404048762e9,5.689645399219214e8,9.802082365490447,1.2188458539876599e7,9.674060265490448,2.659287351842479e7,9.930104465490443,5.615581201318591e6,221862.12182660805,5.393719079491987e6
1.0e-5,7483.779487755024,7186.770604913003,1.0e-5,29042.0949235888,2017.4004525105938,17613.18867480857,1.0e-5,7683.543728999749,1.0e-5,4931.887857201997,1.0e-5,1.0e-5,Sample 810,4.087456668645907e9,4.737644369201899e9,5.373499003830532e9,1.92189696981326e9,6.501877005559921e8,13.53402777777778,2.325780421735771e7,13.329166666666667,1.8454469028391067e7,13.738888888888884,1.4534623097028144e7,1.111302313296182e7,3.42159996406635e6
1.0e-5,7769.995030647991,6591.13022052565,1.0e-5,23614.689558196667,941.3231031066463,11422.685443300832,1.0e-5,12236.009724621363,1.0e-5,3101.1880144873435,1.0e-5,1.0e-5,Sample 811,4.094826299213349e9,4.664894389928029e9,5.166631943610481e9,1.5735431980795832e9,5.7006809071468e8,10.752777777777782,2.060855675191137e7,10.357916666666668,1.72693412234134e7,11.147638888888892,1.0241985237927828e7,6.7670435833641635e6,3.474941654563656e6
1.0e-5,2466.180978543756,13377.909773823985,1.0e-5,21691.079402415373,1.0e-5,14585.844649499013,1.0e-5,13674.183154842378,43.97343333439485,1409.3533783064765,1.0e-5,1.0e-5,Sample 812,4.11256734290705e9,4.717709175202284e9,5.43209975370608e9,2.033922989302826e9,6.051418322952338e8,16.62805555555557,2.650908438380461e7,9.098750000000003,1.337814356868325e7,24.157361111111115,7.013486732072945e6,5.1239640113765355e6,1.8895227206963962e6
1.0e-5,5010.713124301476,10225.713217042938,1.0e-5,22891.226278889782,1.0e-5,14634.713635522745,1.0e-5,11897.650200092527,1023.2997138887175,1322.4960707822581,1.0e-5,1588.5683955585835,Sample 813,4.112494349692215e9,4.640795499873774e9,5.085709600213521e9,1.4181293508610537e9,5.2830115018155855e8,9.53467289867675,1.9535908929438557e7,9.379605392060496,1.5630764565929381e7,9.689740405293009,7.048643892519002e6,4.00137763314974e6,3.0472662593692625e6
1.0e-5,4713.947477349541,9034.182111748612,1.0e-5,14191.353861577569,1.0e-5,4634.462276536877,1.0e-5,18955.6816350996,222.32444886705562,1.0e-5,1.0e-5,171.6576887698701,Sample 814,4.1085580652360964e9,4.671949173594503e9,5.128841301895558e9,1.4771753649605172e9,5.633911083584067e8,10.269413876328505,2.435367453005607e7,9.85672808762865,1.4864085744032875e7,10.682099665028359,4.1451237052016347e6,1.1980683682992514e6,2.9470553369023623e6
1.0e-5,7891.930454555577,7508.426272211539,1.0e-5,18953.21700744755,1.0e-5,9909.819898613994,1.0e-5,11890.548173935824,3976.7410415852673,361.6645548570512,1.0e-5,1.0e-5,Sample 815,4.0993332752807574e9,4.640103167913519e9,5.074792848285715e9,1.410149253377153e9,5.407698926327617e8,9.275833333333333,1.2836124393097982e7,9.275833333333333,2.4052811371749543e7,9.275833333333333,5.232248201458143e6,1.2475087251734312e6,3.9847394762847126e6
1.0e-5,376.26789115517784,12531.077811121946,1.0e-5,18458.61043525479,1.0e-5,8701.021377038265,1.0e-5,12473.343593322628,2464.8074672945886,3649.125776509488,1.0e-5,728.1165432255997,Sample 816,4.0977215859681206e9,4.672095918079245e9,5.198378793428752e9,1.6269400828101392e9,5.743743321111237e8,11.8747634357488,3.454334749000974e7,9.148815630665831,4.267294379338677e6,14.600711240831766,9.91998638162716e6,9.67126375844489e6,248722.62318228654
1.0e-5,1933.6832525137127,12823.624372912287,1.0e-5,20502.866036594263,1.0e-5,10425.408091399133,1.0e-5,13196.009598029534,2486.7871464031487,546.1107918992711,1.0e-5,690.0020382392611,Sample 817,4.1158194527748084e9,4.630645185509147e9,5.049160021542868e9,1.3518554048017805e9,5.148257327343385e8,9.029522654484357,2.6198122213488802e7,9.029522654484357,8.472046734197877e6,9.029522654484357,5.186431420675147e6,3.748503644336316e6,1.4379277763388183e6
1.0e-5,6962.992116597815,6374.0098450163705,1.0e-5,20848.53269151202,1.0e-5,8437.00393101362,1.0e-5,11063.097208178888,4476.212076584187,1.0e-5,1.0e-5,3454.143390061613,Sample 818,4.1147899919761257e9,4.669401722257971e9,5.211145299141193e9,1.6380988840482903e9,5.546117302818452e8,11.855017437219074,1.2034592541427206e7,11.85501743721907,2.4618137774772916e7,11.85501743721907,4.6568865441436e6,781616.8840645582,3.8752696600790396e6
1.0e-5,3589.3569905907666,10015.991599201547,1.0e-5,17205.033637051303,1.0e-5,14077.38680029839,1.0e-5,9954.605164659644,5324.4915642908645,1.0e-5,1.0e-5,4190.2992386007745,Sample 819,4.1080957669820013e9,4.650515997369448e9,5.144335288894209e9,1.5300588134369702e9,5.424202303874459e8,11.757546218441508,1.92662264315381e7,11.757546218441508,1.7223268532654967e7,11.757546218441508,4.593269473940754e6,2.0418272171290657e6,2.551442256811667e6
1.0e-5,3913.590570337202,10032.802781645503,1.0e-5,21865.33671067271,1.0e-5,12561.02147819138,1.0e-5,7120.535534970247,6679.3597805261,1.0e-5,1159.528630473288,3058.6262054441886,Sample 820,4.110862689710063e9,4.632772312772571e9,5.081536501991212e9,1.41943800149979e9,5.2190962306250733e8,9.805233756563752,1.231820458943955e7,9.804453978785968,2.227375311996897e7,9.806013534341522,6.506747300942692e6,1.7227730820533538e6,4.783974218889346e6
1.0e-5,6457.330292817208,8941.412087709212,1.0e-5,19407.43755901799,1.0e-5,12508.705093546545,1.0e-5,3148.9585066456134,11975.740138540157,1.0e-5,1.0e-5,1885.061877025332,Sample 821,4.1038704939614806e9,4.627128732212464e9,5.047454645660582e9,1.363910065147218e9,5.232582382509835e8,8.916924212686409,5.591854613133403e6,8.918313101575299,2.9838143490649857e7,8.91553532379752,4.663150159150167e6,932639.9879172997,3.7305101712328563e6
1.0e-5,4168.811215512758,11384.032239513339,1.0e-5,23795.679455620655,1.0e-5,12208.73902707599,1.0e-5,2449.9238070139304,11770.40317799654,1.0e-5,1.0e-5,1724.2830859905712,Sample 822,4.115850566218352e9,4.622072292944966e9,5.036222397216853e9,1.3345219352703884e9,5.0622172672661483e8,8.86100866658265,9.614816914015554e6,8.859213999915983,2.3980647595704727e7,8.862803333249314,4.741187946792267e6,1.8948704104117258e6,2.846317536380528e6
1.0e-5,3593.118189335931,10863.006345900423,1.0e-5,20476.420861616894,1.0e-5,11782.832946331324,1.0e-5,2561.596556161197,11898.170537035054,1.0e-5,1839.312332269885,1086.4016889943116,Sample 823,4.110505265398725e9,4.621220535339579e9,5.026366090763213e9,1.321006380788122e9,5.1071526994085324e8,8.862528033270323,8.196270638404233e6,8.86322247771477,2.626197912937496e7,8.861833588825878,7.1779398604377e6,1.5555026534186788e6,5.622437207019019e6
1.0e-5,3828.295445820659,11433.685186161167,1.0e-5,21767.72209779079,1.0e-5,11396.657812389583,1.0e-5,1149.0559831714054,13865.8340855673,1.0e-5,486.1058210183842,855.9496263226218,Sample 824,4.1163741154657154e9,4.618259933730413e9,5.023529047245779e9,1.3124240452954292e9,5.018858182646983e8,8.660778424973747,8.502247322928734e6,8.687150503591687,2.5167639915008686e7,8.634406346355812,5.152655253457353e6,1.7823166409255217e6,3.3703386125318226e6
1.0e-5,2583.041244515104,11825.892687827985,1.0e-5,21225.62544997407,1.0e-5,11297.666282081102,1.0e-5,1923.596888097109,13106.010543134431,1.0e-5,1054.3326309185882,1086.069439047195,Sample 825,4.118878759678457e9,4.617810572294854e9,5.026827099431307e9,1.3169648668893025e9,4.989318126163975e8,9.132312932115102,1.0708683322217338e7,9.132943376559549,2.273390665199558e7,9.131682487670657,5.794389320347811e6,2.1613170732416217e6,3.6330722471061847e6
1.0e-5,3567.6922297540796,10479.33427022807,1.0e-5,19167.046775431863,1.0e-5,9211.62394346806,1.0e-5,2375.0585094332246,13781.048359227427,1.0e-5,888.4436277454668,1053.734786057587,Sample 826,4.1122031944505935e9,4.618792548746203e9,5.022819740601604e9,1.314643738006412e9,5.0658935429560953e8,8.855818815647973,8.210300239932037e6,8.865554760092413,2.6139777774022177e7,8.846082871203532,5.435354245271045e6,1.6085538185152865e6,3.826800426755752e6
1.0e-5,3043.9919642372565,11505.83486160366,1.0e-5,19894.2331863294,1.0e-5,10945.42462462854,1.0e-5,1517.968537177485,14281.01091925161,1.0e-5,402.45670081781583,1264.024926308401,Sample 827,4.116770382851096e9,4.61686777351414e9,5.022303590913484e9,1.3109690254617314e9,5.000973906630438e8,8.817099555975638,9.814321766085837e6,8.830639934173496,2.3916231029225614e7,8.803559177777785,4.797100832733041e6,2.0226100624322179e6,2.774490770300821e6
1.0e-5,3006.0365971109886,11647.850106076663,1.0e-5,21482.340696618543,1.0e-5,10386.976011453986,1.0e-5,1017.97353349613,14312.621043056739,1.0e-5,732.8515611561322,937.9231230727727,Sample 828,4.1165559769484434e9,4.616582280110814e9,5.021248459747037e9,1.309358662434816e9,5.000263031623708e8,8.94069670873766,9.757906186341863e6,8.967091409157742,2.3789143725485638e7,8.914302008317584,5.3717110318970755e6,2.0542912787635054e6,3.3174197531335703e6
1.0e-5,2874.6356878041393,11795.728593197586,1.0e-5,20978.36154042483,1.0e-5,11130.979817038293,1.0e-5,813.4591521466083,14479.342715508368,1.0e-5,738.7843706923577,1016.1127198852032,Sample 829,4.116947781973412e9,4.616185025155262e9,5.020780464955071e9,1.3084281227814696e9,4.9923724318184966e8,8.803850797269481,1.000298452309559e7,8.83408039726948,2.3537695454453956e7,8.773621197269481,5.352393085118205e6,2.1103931483643386e6,3.2419999367538607e6
1.0e-5,2482.003828741329,11946.467500489422,1.0e-5,20513.22607333016,1.0e-5,10318.206220944077,1.0e-5,942.0198093516701,14463.102930495716,1.0e-5,1130.7898338209832,981.6167436901609,Sample 830,4.111939612148907e9,4.616426502251316e9,5.019034599489283e9,1.3097030845783427e9,5.044868901024087e8,8.606649409787865,1.0460670506514912e7,8.635511454232308,2.3532094613209993e7,8.577787365343418,5.905419246335657e6,2.2038149293914135e6,3.7016043169442345e6
1.0e-5,3316.191627272705,9364.77947649539,1905.557340262852,21167.912772980377,1.0e-5,10767.306044593684,1.0e-5,1409.8753615206983,13683.518752703998,1.0e-5,991.0331743398667,1130.409871995612,Sample 831,4.114676617433082e9,4.616148085239485e9,5.019249460644685e9,1.3076742186168025e9,5.01471467806403e8,8.722844332451169,5.861012463638448e6,8.73950842218022,2.782733454683967e7,8.70618024272212,5.779288808990647e6,1.1970899588279966e6,4.582198850162651e6
1.0e-5,2366.7635604827183,11880.1469151629,292.55976527863817,20778.967300936743,1.0e-5,10439.644153326048,1.0e-5,1071.5695841105673,14570.163166152202,1.0e-5,621.8376536869861,1034.0409347274574,Sample 832,4.116558407683316e9,4.616113314522215e9,5.019897548297925e9,1.3071233743903198e9,4.995549068388982e8,8.767757243709307,1.053367345998434e7,8.785139654820417,2.305632971367997e7,8.750374832598194,5.130524120781284e6,2.208406676237649e6,2.922117444543624e6
1.0e-5,2749.5634923714215,11129.656902686113,762.9883328334594,20940.03732983591,1.0e-5,10515.812733759734,1.0e-5,956.7609527351595,14529.441484756067,1.0e-5,726.6155937367913,927.6277104803783,Sample 833,4.1156332405840783e9,4.615846671018923e9,5.019056044665196e9,1.3066321777273915e9,5.00213430434844e8,8.597073328586434,8.620342182743408e6,8.622766484562067,2.501564473412625e7,8.571380172610798,5.316795630421684e6,1.816748071879154e6,3.500047558542534e6
1.0e-5,2957.500976415971,10434.774341526734,1293.202833626558,21104.112855017742,1.0e-5,10531.397501123825,1.0e-5,1170.625809620631,14336.691620142698,1.0e-5,566.9613400690735,992.4094062676427,Sample 834,4.116917566735687e9,4.61577737491446e9,5.019491940748295e9,1.3062889398464434e9,4.9885980817877305e8,8.698434512140306,7.361091615791305e6,8.717898968115945,2.6152170830143135e7,8.678970056164673,5.097087109818306e6,1.5427506541991774e6,3.554336455619134e6
1.0e-5,2847.4581125670147,10482.543641873766,1107.768207982856,20696.687517529957,1.0e-5,10717.8831565813,1.0e-5,1222.1719699714833,14183.196432654664,1.0e-5,876.9290414786107,1082.9218329656205,Sample 835,4.1165197338246274e9,4.615780302884478e9,5.019208122039134e9,1.3061162073691633e9,4.9926056905985004e8,8.767978981705527,7.526222761143503e6,8.78707314921235,2.605529997814312e7,8.748884814198707,5.505153190626463e6,1.5692094438566682e6,3.9359437467697873e6
1.0e-5,3003.9885328683577,10382.808416648868,1153.43696032302,20942.62294297436,1.0e-5,10644.127055000647,1.0e-5,1052.4598204393697,14307.196977504454,1.0e-5,845.6637524374103,1010.9533982445205,Sample 836,4.1161730323177805e9,4.61572003647003e9,5.018893337756057e9,1.305893606724303e9,4.9954700415224946e8,8.688998950010502,7.30284313250627e6,8.718858772652808,2.6279415364819285e7,8.659139127368206,5.489703888420121e6,1.5359854928742694e6,3.9537183955458463e6
1.0e-5,2933.4961189524256,10410.997730298566,1230.4318331975032,21041.393057598936,1.0e-5,10566.20776046263,1.0e-5,1139.6548164719222,14288.61641906485,1.0e-5,736.0941018692583,995.5460666815469,Sample 837,4.1168360214820976e9,4.615700568199394e9,5.019217615483822e9,1.3058986412861526e9,4.988645467172962e8,8.821881187544637,7.389906282167093e6,8.844470643520271,2.6129705474399075e7,8.799291731569001,5.3266587692267215e6,1.5483805130382134e6,3.778278256188501e6
1.0e-5,2894.814841234383,10526.08869218197,1134.4339472386023,21006.01370582123,1.0e-5,10574.198442146151,1.0e-5,1082.6929011973884,14320.884392416043,1.0e-5,797.5165961558093,984.3964316837095,Sample 838,4.1164465168537054e9,4.615683652132537e9,5.0189758498261595e9,1.3058215306660764e9,4.992371352788315e8,8.777509042533085,7.54131316287626e6,8.802862076286496,2.6010762767458353e7,8.752156008779675,5.414355116744927e6,1.584138199785707e6,3.830216916959213e6
1.0e-5,2771.406954724624,10723.358120722503,1031.5735905174517,20895.370464673386,1.0e-5,10641.355721778165,1.0e-5,1104.9758880240852,14336.40706277503,1.0e-5,776.5562543946729,1017.964432280963,Sample 839,4.1167790083013678e9,4.615685672091065e9,5.019121470997189e9,1.305778261601943e9,4.98906663789698e8,8.684180940117622,8.013775802718703e6,8.705367307204371,2.5521915419453125e7,8.662994573030877,5.368587889207913e6,1.6782818467432884e6,3.690306042464625e6
1.0e-5,2862.3150720351823,10602.042354035264,1079.3085350228869,20787.16746821785,1.0e-5,10579.92926504864,1.0e-5,1111.8207510219183,14367.980089877059,1.0e-5,786.3777281318594,966.9918671791268,Sample 840,4.116204800367127e9,4.615680702956678e9,5.018837930302966e9,1.3057903572821267e9,4.994759025895516e8,8.788871544570469,7.642623224427589e6,8.814224578323884,2.5957601278468978e7,8.763518510817057,5.380086904738368e6,1.6044738525530766e6,3.775613052185292e6
1.0e-5,2829.330958810091,10657.200251492432,1067.5837561833562,20950.640521543668,1.0e-5,10581.885496505716,1.0e-5,1075.2045953401405,14362.34678563926,1.0e-5,775.4845263352966,985.2458164016859,Sample 841,4.1165092429003596e9,4.615672991569013e9,5.018970781585663e9,1.3057593287019532e9,4.991637486686526e8,8.778533282377655,7.90382276868683e6,8.8028375494644,2.5648956563430328e7,8.754229015290909,5.375008490984552e6,1.6610726011925905e6,3.713935889791963e6
2463.4760512692783,1.0e-5,1.0e-5,10465.90850573872,18976.5454727297,3694.9945511992673,1.0e-5,13249.372176786139,7734.143195528224,7468.930259640272,1.0e-5,1.0e-5,1311.2528006746895,Sample 842,4.152187010180446e9,4.728530028041755e9,5.454501039908202e9,2.0282850415942044e9,5.763430178613086e8,13.05378073854233,1.580340073992094e7,13.816078155051466,2.0701736768934406e7,12.291483322033189,4.294776656448711e6,1.783120810684082e6,2.5116558457646114e6
3198.983540042927,1.0e-5,1.0e-5,10234.41147051275,15342.700599854335,6922.81654644055,1.0e-5,5379.493193749911,9236.938643977368,7496.0644533322375,1.0e-5,1.0e-5,748.8094604809605,Sample 843,4.101073410252745e9,4.703561732502411e9,5.344764435417972e9,1.8848937280807874e9,6.024883222496653e8,12.884192008401604,1.9079258545140825e7,12.884192008401604,2.0501053866636068e7,12.884192008401604,4.781541772616573e6,2.392539439383773e6,2.389002333232779e6
452.821706068099,1.0e-5,1.0e-5,12820.808092535735,19273.493319987974,1692.6444297107462,1.0e-5,9375.922359719725,10669.308605985567,4559.378704308527,1.0e-5,1606.5763450676857,1396.552527491008,Sample 844,4.0981121272432485e9,4.653416747309216e9,5.13573817196006e9,1.519947469367656e9,5.553046200659668e8,11.036302795631173,1.0115227083722694e7,11.036302795631173,2.6951772290815964e7,11.036302795631173,7.0687291647604415e6,360075.2970083521,6.708653867752095e6
5114.573549838506,1.0e-5,1.0e-5,9149.140649665027,18263.7214890601,1.0e-5,1.0e-5,8858.817053994853,4527.389472796031,11612.959521210332,1.0e-5,1347.3233279890367,253.78280373096965,Sample 845,4.094335275290534e9,4.690695066661125e9,5.290273557620959e9,1.7955167732902591e9,5.963597913705912e8,11.799105637639155,1.933541950444357e7,14.482173850073517,2.0234978342109133e7,9.116037425204789,6.52616624339611e6,2.903465497393248e6,3.622700746002851e6
3422.52058497486,1.0e-5,1.0e-5,11564.257512277869,19609.277052238303,1.0e-5,1.0e-5,9197.458757598291,7069.507235620434,9269.520491416368,1.0e-5,228.68771332688917,291.1390685612788,Sample 846,4.0906450773845034e9,4.638249498886833e9,5.100774978690802e9,1.4726553811102684e9,5.476044215023295e8,9.977710422222223,1.685023831076218e7,10.618429283805925,2.0117756384736646e7,9.336991560638525,4.95484185173785e6,2.448985689490926e6,2.5058561622469183e6
1859.6114753071358,1.0e-5,1.0e-5,13211.090300003749,20637.412752818076,1.0e-5,1.0e-5,7497.375282858903,9481.527306361852,6529.434664490745,1.0e-5,776.1469866043356,214.51519208667872,Sample 847,4.0664523183632193e9,4.63129004891868e9,5.069379209583977e9,1.4410160518860557e9,5.648377305554609e8,9.602791049443395,1.4128923991321253e7,9.602791049443399,2.409235788659568e7,9.602791049443399,6.114691433857214e6,1.4893444861044672e6,4.625346947752735e6
3236.159119269291,1.0e-5,1.0e-5,9858.64392570022,14661.059770747659,1.0e-5,4270.222871167604,5074.802530734419,5056.41830575469,11922.6405310664,1.0e-5,797.8959783548413,3163.454944957683,Sample 848,4.0907863955951676e9,4.654431755543295e9,5.155683485994801e9,1.566148820851139e9,5.636453599481275e8,11.811850518063435,1.4557515082417257e7,12.902847695652188,2.3975356921695776e7,10.720853340474692,5.566911114012951e6,2.1655495882146205e6,3.4013615257983054e6
524.6633683124803,1.0e-5,1.0e-5,12111.073162151177,16301.430816655451,1.0e-5,7670.502442189822,4838.80720130018,7437.174750180638,8328.782734247563,1.0e-5,2422.7018662639225,989.0894931720844,Sample 849,4.115329145628922e9,4.655652668816382e9,5.146049690399873e9,1.5211175663544412e9,5.403235231874604e8,10.863703126612059,8.053811647464913e6,12.29074904658685,2.8493495282672323e7,9.436657206637257,7.494240242888017e6,358772.7172247592,7.135467525663248e6
3356.4727919868715,1.0e-5,1.0e-5,10424.851125658628,17061.665661010567,1.0e-5,6202.717308207189,6411.396935599786,5032.448425658159,11144.836006826175,1.0e-5,415.9741786128483,1781.8052333732087,Sample 850,4.111334515655897e9,4.63395420885334e9,5.088715169958751e9,1.4321416154082646e9,5.2261969319744265e8,10.144490804284818,1.4179409186943492e7,10.370291949002315,2.126572500021702e7,9.918689659567324,4.828558401218172e6,2.2304509598376635e6,2.5981074413805027e6
306.3271859065932,1.0e-5,1.0e-5,12553.780457484732,15476.641821940877,1.0e-5,8228.823403749855,2732.795643427335,8846.875820826781,7622.9108936419025,1.0e-5,1211.9056260196971,2789.424774069772,Sample 851,4.093579698870767e9,4.630446297511353e9,5.063017665695898e9,1.402009335009675e9,5.3686659864058536e8,9.589671232892252,7.965947549668449e6,9.589671232892256,2.8826664146086868e7,9.589671232892256,6.032207608259843e6,245497.8551730875,5.786709753086743e6
4418.916472742448,1.0e-5,1.0e-5,8372.485771442334,15563.178864219013,1.0e-5,6905.986500075816,2764.932323063338,4876.158992645816,11247.632066835784,1.0e-5,2411.8082921488044,1240.3466853041666,Sample 852,4.094173523988578e9,4.630395835091831e9,5.052310822707655e9,1.3800522863349028e9,5.362223111032531e8,10.684224061583699,1.3843010421735846e7,10.684224061583699,2.3158433352978386e7,10.684224061583699,7.846421063476558e6,2.204560710622538e6,5.641860352854027e6
3414.6860521167273,1.0e-5,1.0e-5,10171.593753051044,14850.116032004606,1.0e-5,7961.017211688833,2074.072367858435,5318.21814832791,11892.494614868367,1.0e-5,1019.5552434320567,906.3425769385972,Sample 853,4.0982160029244485e9,4.6276708333471365e9,5.060211192362964e9,1.3945355484543421e9,5.2945483042268836e8,9.244237415269904,1.3779208634690763e7,9.79108601587902,2.2741771323682368e7,8.697388814660787,5.498247137544485e6,2.0982489554325105e6,3.399998182111979e6
3485.9906162618713,1.0e-5,1.0e-5,10210.577212829961,17391.175426295453,1.0e-5,7458.699664331577,3880.6471921768207,5274.07240967465,10419.162357018853,1.0e-5,1655.495505388703,1096.3598597150733,Sample 854,4.1010441073444557e9,4.623563575198174e9,5.044913139345063e9,1.3652185961474974e9,5.225194678537186e8,9.481874055093467,1.3445751625310974e7,9.555950102667508,2.222011445825356e7,9.40779800751943,6.713313378944124e6,2.0715774365115643e6,4.64173594243257e6
2149.741638056641,1.0e-5,1.0e-5,11071.273413682637,15519.43353186166,1.0e-5,7679.666924740041,832.2230177813384,6736.001610631329,10464.31830493455,1.0e-5,1290.9070473746337,1391.9607780383933,Sample 855,4.0969819572175393e9,4.621228759447188e9,5.028415928282831e9,1.3386211399009342e9,5.2424680222964936e8,8.787407772715818,1.1430201284096222e7,8.790534597437519,2.471106012611626e7,8.784280947994123,5.855472725527186e6,1.4169678092227222e6,4.438504916304446e6
1613.3869572605752,1.0e-5,1.0e-5,11774.9661341591,17358.274418137687,1.0e-5,8913.218908854418,1524.0547224087843,8185.657295000302,8463.948390619578,1.0e-5,1110.0864572248668,723.6342948921862,Sample 856,4.114712923855537e9,4.622118952678021e9,5.043069570032237e9,1.3493072635309165e9,5.074060288224845e8,9.495223146649867,1.097948393677311e7,9.495223146649868,2.35702156248635e7,9.495223146649868,5.457601107094871e6,1.1005415292813387e6,4.357059577813525e6
3974.003504286376,1.0e-5,1.0e-5,9679.473877761247,16769.744182132523,1.0e-5,7253.13495843087,1245.1753761721975,5105.989261778452,12109.756244390195,1.0e-5,803.2068545752668,711.369993648043,Sample 857,4.1067897723815446e9,4.619525859747509e9,5.025264686541535e9,1.3242137409540172e9,5.12736087365964e8,9.19467085950431,1.4205662249456154e7,9.24113787536232,2.098458310894443e7,9.148203843646293,5.105446401660522e6,2.32310500202915e6,2.782341399631373e6
2587.378818162815,1.0e-5,1.0e-5,11053.87890174046,18607.410373810366,1.0e-5,7454.79493177464,1937.1228912675354,6374.697213336457,9804.373226194044,1.0e-5,1344.672623884519,915.5383319386459,Sample 858,4.109438287398926e9,4.618918657586661e9,5.026451101002677e9,1.3245452570197675e9,5.0948037018773514e8,9.253359174333125,1.2003917252079178e7,9.253359174333125,2.26026819261181e7,9.253359174333125,6.01206884672982e6,1.6451070284951369e6,4.366961818234663e6
2526.9365908888776,1.0e-5,1.0e-5,11077.389426646401,17047.357475615816,1.0e-5,8698.169309594947,314.5190196967959,7095.407203055608,9774.99938884095,1.0e-5,1274.5530177112462,491.67015431789184,Sample 859,4.106515052038459e9,4.618191388640647e9,5.023640698346817e9,1.322574956014529e9,5.116763366021882e8,8.872158519680742,1.2386592793197399e7,8.872158519680742,2.2667266329990964e7,8.872158519680742,5.750860253015709e6,1.59739700019065e6,4.153463252825062e6
1451.7274180711213,1.0e-5,1.0e-5,12021.463185411554,17009.837533644655,1.0e-5,8248.952073916604,66.23679398700222,7200.894073352587,10307.337664887986,1.0e-5,532.7333329344717,1046.34824356474,Sample 860,4.109847175017279e9,4.61937022595401e9,5.028400067518234e9,1.3275827340651805e9,5.095230509367307e8,9.110647134572572,9.592969432108987e6,9.334325707876497,2.522824042191638e7,8.886968561268644,4.613360902544509e6,1.0475282408395988e6,3.565832661704896e6
2430.9808483612383,1.0e-5,1.0e-5,10900.551370421601,17068.977244430724,1.0e-5,7776.005809868658,1.0e-5,6535.0560733261045,10680.32996204833,1.0e-5,1022.168035487734,1051.943971960763,Sample 861,4.1050846250571218e9,4.617246045474346e9,5.018170897246479e9,1.3140111239614897e9,5.121614204172247e8,8.883073123503468,1.1683942944450062e7,8.934208651753838,2.338710605710641e7,8.831937595253104,5.372009294754703e6,1.5736076509870163e6,3.798401643767678e6
2478.2717401554096,1.0e-5,1.0e-5,11064.717615930178,16482.142226814303,1.0e-5,8990.956545762841,1.0e-5,6591.158215938405,10813.470047330857,1.0e-5,557.8834510647779,1057.1386486278366,Sample 862,4.1105099942572675e9,4.6169305992889805e9,5.019657584863574e9,1.3118745761808999e9,5.064206050317133e8,8.879664967737874,1.2089610999823457e7,8.880106051543798,2.264650069451701e7,8.879223883931953,4.64314528807034e6,1.6447244074879251e6,2.9984208805824164e6
3013.129354721176,1.0e-5,1.0e-5,10545.931038405468,17211.954683867007,1.0e-5,8776.719842265009,1.0e-5,5945.911154709388,10715.604602217072,1.0e-5,1385.6168777838207,916.650473916396,Sample 863,4.1050123986647887e9,4.616625810529583e9,5.016019919583794e9,1.3104016299732158e9,5.116134118647943e8,8.568095443583283,1.2540040745446075e7,8.569016849275368,2.2500747978161234e7,8.567174037891204,5.982420863904596e6,1.8213435862916522e6,4.1610772776129255e6
2507.218115705542,1.0e-5,1.0e-5,11066.159071817778,17125.565229501033,1.0e-5,9267.436706519022,1.0e-5,6198.965318554941,10629.207618804821,1.0e-5,1062.6177250236371,1006.323273529789,Sample 864,4.1095568955138507e9,4.616380619048358e9,5.017939755113303e9,1.3099419956643987e9,5.068237235345074e8,9.129471434530565,1.1629656887396704e7,9.278270268809074,2.304144204807645e7,8.980672600252051,5.435655238336532e6,1.6077252420120917e6,3.8279299963244405e6
2990.2422942329467,1.0e-5,1.0e-5,10584.565102387043,17109.318300236417,1.0e-5,8773.999124680908,1.0e-5,5819.280898205139,11182.068346135464,1.0e-5,902.2264840209876,1048.5570026422552,Sample 865,4.1089113553569827e9,4.616105571426566e9,5.01656810566065e9,1.3081192845377512e9,5.0719421606958365e8,8.81885039416089,1.2570937246229941e7,8.869623314765805,2.214450720120735e7,8.768077473555975,5.212593057700944e6,1.866879027582178e6,3.345714030118761e6
2566.3443678533645,1.0e-5,1.0e-5,11109.069822682697,17633.991382453238,1.0e-5,8783.167396003926,1.0e-5,6459.184483734893,10346.597622973759,1.0e-5,1087.8369944364888,778.5297459806557,Sample 866,4.108719423259522e9,4.616135078459143e9,5.016763189876041e9,1.308671878033419e9,5.074156551996203e8,8.676998006280197,1.1948351618603257e7,8.67703724436043,2.2712963256236993e7,8.676958768199958,5.501455534268617e6,1.6400382192176022e6,3.8614173150509987e6
2700.15928419598,1.0e-5,1.0e-5,10805.560310053364,17428.570853636058,1.0e-5,8957.37635318907,1.0e-5,6176.533421215369,10524.820316818013,1.0e-5,1204.285665614011,1034.7629527816653,Sample 867,4.1085500556438785e9,4.615866557811695e9,5.015683514852278e9,1.306950416248981e9,5.0731650216781634e8,8.818400957992019,1.1976906285787486e7,8.818479434152492,2.26961025159503e7,8.818322481831549,5.670583733557243e6,1.6884317012897616e6,3.982152032267467e6
2661.560869051093,1.0e-5,1.0e-5,11007.941928617975,17300.591270547746,1.0e-5,9022.637226175491,1.0e-5,6232.944380200902,10702.025696833987,1.0e-5,863.4206731080736,1006.3978200319784,Sample 868,4.1097137609244957e9,4.615786836874408e9,5.015951734564061e9,1.3064028713292203e9,5.060730759499118e8,8.575748845032555,1.211248267914933e7,8.577072096450328,2.2489884890909936e7,8.574425593614789,5.164570497551313e6,1.7146412405461606e6,3.449929257005155e6
2838.16403082553,1.0e-5,1.0e-5,10840.566148108941,17176.110960402697,1.0e-5,9214.727754045207,1.0e-5,6079.424949860993,10825.884809108244,1.0e-5,897.1808191936642,961.1387262887572,Sample 869,4.109950601429702e9,4.615764977474316e9,5.015984037037388e9,1.3062524951707582e9,5.0581437604461414e8,8.698981756059654,1.2401336128500814e7,8.699060232220122,2.220823293744448e7,8.698903279899183,5.2072637333077155e6,1.796989026166658e6,3.4102747071410655e6
2573.4598792034453,1.0e-5,1.0e-5,11073.652212669822,17314.788493278847,1.0e-5,9236.716699347695,1.0e-5,6286.033778011861,10551.583633434011,1.0e-5,957.9138678813572,989.2183215643917,Sample 870,4.1100660223951583e9,4.615730340652101e9,5.016010866766525e9,1.3062253704857914e9,5.0566431825694215e8,8.747956485780298,1.1895125308472056e7,8.774185875614371,2.2673496106277045e7,8.721727095946237,5.296023541234977e6,1.6569599278227347e6,3.639063613412238e6
2725.4591735816557,1.0e-5,1.0e-5,10923.876830722647,17341.665002486745,1.0e-5,9054.631802543683,1.0e-5,6160.94943710114,10700.512432822698,1.0e-5,954.1503668587621,982.3820299605868,Sample 871,4.1095639431099253e9,4.615702560543106e9,5.015618422823614e9,1.3059703419941957e9,5.061386174331813e8,8.831278709346778,1.2218036160428975e7,8.856704407729474,2.238711892981892e7,8.80585301096409,5.2993927346652225e6,1.7347379151354313e6,3.5646548195297834e6
2703.8704670380694,1.0e-5,1.0e-5,10964.197816598098,17280.737872227848,1.0e-5,9172.141097849382,1.0e-5,6210.212093303003,10682.975749991881,1.0e-5,888.7220068859841,995.105913805052,Sample 872,4.1101265397568655e9,4.615706756594955e9,5.015966328746848e9,1.3060993611418743e9,5.0558021683809e8,8.769163995442135,1.2241235551455121e7,8.769203233522372,2.2329192089658238e7,8.769124757361901,5.197037515873196e6,1.732034792456909e6,3.465002723416297e6
2645.3769377116646,1.0e-5,1.0e-5,11013.027327735552,17390.127766017595,1.0e-5,9080.276411526715,1.0e-5,6258.8464678710925,10595.67992170392,1.0e-5,943.0873734356828,980.0357538293971,Sample 873,4.1097925879019327e9,4.615692855977928e9,5.015713388109449e9,1.305941332339036e9,5.059002680759956e8,8.854675879731152,1.2098462768310644e7,8.855116963537078,2.247965060595111e7,8.854234795925231,5.283023236567604e6,1.6960806809789145e6,3.586942555588675e6
2779.403706887165,1.0e-5,1.0e-5,10858.960822751078,17353.669303780778,1.0e-5,9117.96128253609,1.0e-5,6114.007279564073,10670.43497692519,1.0e-5,1036.8726569954317,984.124146325603,Sample 874,4.109200101340451e9,4.615700314616324e9,5.015414073114757e9,1.3059277302727373e9,5.065002132758741e8,8.548047945683683,1.2258127037687236e7,8.548126421844154,2.2373585028739158e7,8.547969469523212,5.428568445789114e6,1.7516508179545393e6,3.6769176278345673e6
2699.647448280392,1.0e-5,1.0e-5,10967.455496037268,17340.603468978916,1.0e-5,9141.67427943941,1.0e-5,6193.4500760119145,10655.84277797365,1.0e-5,943.9205999052176,979.3798709668796,Sample 875,4.109790862289421e9,4.615680686324729e9,5.015654804535388e9,1.3058380604566252e9,5.058898240353079e8,8.656758988657847,1.2178254644575061e7,8.656837464818322,2.2408346155662064e7,8.656680512497381,5.2844389677898735e6,1.7238002450970046e6,3.560638722692867e6
2718.5135503763695,1.0e-5,1.0e-5,10931.031086418745,17359.017764488213,1.0e-5,9097.808480423737,1.0e-5,6165.470639279022,10668.040461508404,1.0e-5,970.447483802685,993.0611155045654,Sample 876,4.1095879363847528e9,4.615673378691879e9,5.015522377412414e9,1.305783439748196e9,5.0608544230712694e8,8.755535901659313,1.2141146821484357e7,8.755614377819787,2.245680498335939e7,8.755457425498847,5.325977956887457e6,1.729720809674398e6,3.596257147213051e6
2706.9145051500986,1.0e-5,1.0e-5,10946.370324300879,17360.51529821767,1.0e-5,9104.63745009806,1.0e-5,6177.762227679628,10660.28311092084,1.0e-5,962.9895411278998,989.3198451170227,Sample 877,4.1096624505450287e9,4.615671956708778e9,5.015550919547856e9,1.3057674318419063e9,5.0600950616374946e8,8.842231277882794,1.2139957734333778e7,8.84230975404327,2.2452100069182727e7,8.842152801722332,5.31408442983113e6,1.7248014765388381e6,3.5892829532922925e6
2692.178236122557,1.0e-5,1.0e-5,10964.1653488914,17362.431896058537,1.0e-5,9108.689146320512,1.0e-5,6190.410053760434,10651.843158200576,1.0e-5,955.3246171693887,989.7711433585512,Sample 878,4.109711437283319e9,4.615670678879464e9,5.015567553397064e9,1.3057529906313467e9,5.059592415961449e8,8.567646567485827,1.2119702838645106e7,8.56852873509767,2.246796712858345e7,8.566764399873977,5.302441220586117e6,1.718433736956901e6,3.584007483629204e6
1.0e-5,441.5585970510531,18386.30047405781,1.0e-5,21576.917988007604,1.0e-5,7297.852629653119,1.0e-5,13933.982249954568,436.65749658119864,1.0e-5,1504.8970814830318,1.0e-5,Sample 879,4.032472699642565e9,4.775666449878574e9,5.626467258264164e9,2.444795367007188e9,7.431937502360096e8,21.155000000000012,3.675987388802189e7,10.298472222222221,1.220745324616258e7,32.01152777777777,8.736357150487041e6,4.92241803392755e6,3.8139391165595097e6
1.0e-5,3008.3650644105874,14430.046653126661,1.0e-5,22347.034411479268,1.0e-5,3450.2344889686005,1.0e-5,15991.410279372296,1.0e-5,1.0e-5,1.0e-5,1.0e-5,Sample 880,4.0208044521214614e9,4.688228858180469e9,5.244963759614313e9,1.780894208926697e9,6.674244060590069e8,12.49305555555556,2.980990893769012e7,9.756250000000005,1.5347715740695642e7,15.22986111111111,6.184924655103722e6,3.390925614793867e6,2.7939990403098376e6
1.0e-5,1.0e-5,17373.831562091043,1.0e-5,22922.16854095699,1.0e-5,4485.413022068637,1.0e-5,12540.794642033801,2594.2864749961873,1.0e-5,1005.8095272421687,1.0e-5,Sample 881,4.007754214505821e9,4.660795252741181e9,5.12710092924243e9,1.5856523912378573e9,6.530410382353598e8,10.466111111111115,3.9879502432689875e7,10.170277777777777,4.307554047767833e6,10.761944444444445,7.854083572008878e6,5.713348933482773e6,2.140734638526133e6
1.0e-5,1.0e-5,10389.355993266063,1.0e-5,12738.693076744452,1.0e-5,4919.448381797398,1.0e-5,18660.3208933643,1.0e-5,1.0e-5,3103.143975353505,1.0e-5,Sample 882,4.120354390744231e9,4.708989640080551e9,5.290884476015045e9,1.752424921205308e9,5.886352493363204e8,12.925416666666669,3.2628188096553598e7,12.121111111111109,7.821299023178993e6,13.729722222222223,7.83899524678557e6,2.4634481424888703e6,5.375547104296697e6
1.0e-5,1722.2462996487018,11289.481576476303,1.0e-5,19371.68929111237,1.0e-5,3585.744228560801,1.0e-5,15982.15983564003,1.0e-5,1.0e-5,3108.2144887591435,1.0e-5,Sample 883,4.05451859624562e9,4.659462866538912e9,5.148076272031689e9,1.5821710812788467e9,6.049442702932918e8,10.930347222222222,2.696362706741322e7,10.662222222222224,1.4221631155516872e7,11.198472222222223,9.890506582462417e6,2.444243287821553e6,7.446263294640868e6
1.0e-5,4440.669418404055,12096.884944040034,1.0e-5,18737.07121730447,1.0e-5,7384.672514867409,1.0e-5,15998.346005301222,583.1705528664867,1.0e-5,1.0e-5,1.0e-5,Sample 884,4.07686910843226e9,4.647518362821112e9,5.087707221402223e9,1.4510269715510726e9,5.70649254388852e8,9.42180555555556,2.262676991581976e7,9.135972222222223,1.6432129195854433e7,9.707638888888892,4.982269539692643e6,1.7614921579944668e6,3.2207773816981637e6
1.0e-5,515.3211982008582,13576.297585093207,1.0e-5,18547.63442074797,1.0e-5,5903.402697410497,1.0e-5,14028.80468648046,2525.8343537391825,1.0e-5,1786.321030779847,1.0e-5,Sample 885,4.0669350343635635e9,4.634516675237089e9,5.066944013284373e9,1.4324363169680943e9,5.675816408735253e8,9.67,3.0891691197598968e7,9.670000000000002,7.876031905764496e6,9.670000000000002,7.314171430347102e6,3.5083725367782996e6,3.8057988935688115e6
1.0e-5,1.0e-5,15053.622690704171,1.0e-5,20608.838216494925,1.0e-5,12974.336565782502,1.0e-5,12585.643587165343,192.38919150138068,1.0e-5,4129.502389341682,1.0e-5,Sample 886,4.082424446117039e9,4.653601843210685e9,5.081423792548021e9,1.4268212957683184e9,5.711773970936456e8,9.65708333333334,2.7839439279425636e7,9.49555555555556,1.1077604460939832e7,9.818611111111114,1.1758893201316122e7,3.407225716712781e6,8.351667484603374e6
1.0e-5,1.0e-5,15343.087745657745,1.0e-5,17386.65900316875,1.0e-5,11605.16888558043,1.0e-5,12648.282649417883,4135.612361150511,1.0e-5,1.0e-5,265.07727990883166,Sample 887,4.107786102570012e9,4.643523463833798e9,5.069440503990399e9,1.3875714415769882e9,5.3573736126378626e8,9.236470546523844,3.422025735809061e7,9.23647054652384,2.4362047337012035e6,9.23647054652384,4.413270727267073e6,4.413270696542805e6,0.030724259999999986
1.0e-5,1499.2633483326563,13178.56493506965,1.0e-5,23157.961902554398,1.0e-5,11499.114705507536,1.0e-5,13781.095021501598,541.3868582988353,1.0e-5,1342.9507716080595,423.7393623166555,Sample 888,4.122794009388967e9,4.641583375730283e9,5.098042375026285e9,1.4317073649333217e9,5.187893663413154e8,10.208439917118255,2.5171771942920905e7,9.275554121907165,9.296397251234695e6,11.141325712329344,6.572553108401955e6,2.9318894812175953e6,3.6406636271843603e6
1.0e-5,1660.1497977653246,10712.979731962063,1.0e-5,19037.860604147823,1.0e-5,8215.710587809615,1.0e-5,15097.855199456584,754.3014704456568,1.0e-5,1486.1736533607009,2713.5942963111556,Sample 889,4.1088156502453947e9,4.652473803411218e9,5.153937283294806e9,1.5465851129329996e9,5.436581531658231e8,11.771716028061338,2.6540943392760992e7,11.655401703339642,9.79245088959352e6,11.888030352783037,6.550383475489547e6,2.524981356815792e6,4.0254021186737446e6
1.0e-5,3235.164909329142,11084.896920557383,1.0e-5,22012.21899696948,1.0e-5,10704.116973088747,1.0e-5,14406.860084004991,912.1616723511725,1.0e-5,1.0e-5,1483.251833791891,Sample 890,4.1182706507284374e9,4.634600232794058e9,5.099587976407542e9,1.44630506929259e9,5.163295820656209e8,9.580724914975846,2.2179330101123974e7,9.378783137198072,1.2072145937665852e7,9.782666692753626,4.495261694350149e6,2.1818799096700936e6,2.313381784680046e6
1.0e-5,1.0e-5,13010.536305550138,1.0e-5,20520.279809442498,1.0e-5,10451.768498046624,1.0e-5,11023.755608820933,4183.888883049944,1.0e-5,1741.6401251192315,1455.3225421407335,Sample 891,4.1156459584479713e9,4.63122770937713e9,5.076829350900818e9,1.4067850339765334e9,5.1558175092915833e8,9.42156134761605,2.746139609030247e7,9.42156134761605,6.954713111257543e6,9.42156134761605,6.656595245461907e6,3.5646032237261073e6,3.0919920217358186e6
1.0e-5,6128.157279568176,8959.800328172762,1.0e-5,21167.821289488278,1.0e-5,10597.309201142623,1.0e-5,11356.176989605503,2508.7078646567847,1.0e-5,2370.647664767264,225.28070133600872,Sample 892,4.094447029662058e9,4.638441621216666e9,5.057598449691277e9,1.3823082485038297e9,5.43994591554608e8,9.261163754127287,1.267174819418821e7,9.261163754127285,2.4188436176619533e7,9.261163754127285,8.684984024490623e6,782337.0118276477,7.902647012662979e6
1.0e-5,2017.2082361143557,12609.074303414269,1.0e-5,22271.6949624202,1.0e-5,8617.238284395191,1.0e-5,6045.428462647122,8760.689465673782,1.0e-5,1518.3220810037808,1112.134531037682,Sample 893,4.094871523134145e9,4.624278373014307e9,5.036705570358079e9,1.3542612445677078e9,5.29406849880162e8,8.879249629909687,1.5614574648183012e7,8.879249629909687,1.9883515912889972e7,8.879249629909687,6.971733687262248e6,2.629506344485483e6,4.342227342776764e6
1.0e-5,1578.2099318134196,13148.84610325883,1.0e-5,19897.655692446617,1.0e-5,10109.903669072164,1.0e-5,4916.507592016544,11534.019426017237,1.0e-5,297.48537681639135,1.0e-5,Sample 894,4.117400417946448e9,4.623529092898136e9,5.041101781570602e9,1.341274052296621e9,5.0612867495168793e8,8.897222222222224,1.6203999533215832e7,8.897222222222224,1.798642671010337e7,8.897222222222224,4.572555479993861e6,2.873545326653561e6,1.6990101533402903e6
1.0e-5,2655.3325300289093,11370.238813305677,1.0e-5,18109.70717076442,1.0e-5,11299.691829907728,1.0e-5,5448.7644769421795,10353.178956828438,1.0e-5,1237.2469367999793,1051.8026207481378,Sample 895,4.1139804075760994e9,4.623499978316661e9,5.0332591330683155e9,1.3290378802438705e9,5.095195707405617e8,9.291432894265919,1.2013625684265623e7,9.291432894265915,2.265154873275387e7,9.291432894265915,5.949160366903984e6,1.950311877184792e6,3.9988484897191804e6
1.0e-5,1592.1594052312703,12355.80293289687,1.0e-5,18756.11826309686,1.0e-5,9456.765407998097,1.0e-5,3434.594014192465,13138.17735543604,1.0e-5,700.4811307134199,863.0806986837553,Sample 896,4.114354656706872e9,4.619218163413604e9,5.025649670455215e9,1.3177265207899554e9,5.048635067067319e8,9.000509154505357,1.3874226263864681e7,9.000509154505357,2.037336072059525e7,9.000509154505357,5.026461496050407e6,2.6415311838426967e6,2.3849303122076974e6
1.0e-5,1069.8993724886795,13630.511167702272,1.0e-5,20347.081990156003,1.0e-5,12023.158030626893,1.0e-5,1313.846296407451,13853.463450271642,1.0e-5,1174.2749422280667,732.1725033441136,Sample 897,4.113211232663106e9,4.619057931781905e9,5.026042840454101e9,1.3198165164631908e9,5.058466991187994e8,8.801607385213194,1.5072017726231527e7,8.80191194076875,1.9021057707316138e7,8.80130282965764,5.9681087956865085e6,3.069731534814015e6,2.8983772608724977e6
1.0e-5,1881.5615420639344,12439.790073784987,1.0e-5,20946.55014875754,1.0e-5,9689.1871228283,1.0e-5,1322.5051443384043,13943.946855563592,1.0e-5,1680.8682216857621,430.2636236851711,Sample 898,4.1101768400104527e9,4.618673445443014e9,5.02265145945599e9,1.316452633458514e9,5.0849660543256134e8,8.85420628160051,1.15756380821682e7,8.867755048267172,2.2689033520718426e7,8.840657514933838,6.68981210320025e6,2.394743654257021e6,4.295068448943243e6
1.0e-5,1764.6187744845308,12569.065287173802,1.0e-5,20801.01769850477,1.0e-5,10813.109065946082,1.0e-5,1770.0550425698225,13487.140487884597,1.0e-5,1141.1543074932874,1094.4654883164146,Sample 899,4.1149988018175273e9,4.617147096206927e9,5.021468628206903e9,1.3107913583893518e9,5.021482943893997e8,8.762876011804249,1.2778478648825698e7,8.762876011804245,2.0970860988298222e7,8.762876011804245,5.897290666856956e6,2.594263784291119e6,3.3030268825658495e6
1.0e-5,496.8263161802567,13922.00273547973,1.0e-5,20746.117781043347,1.0e-5,9659.178943174058,1.0e-5,93.8118878958233,16108.892945201567,1.0e-5,406.84669988395007,838.3591085884727,Sample 900,4.115615827146491e9,4.618673699474385e9,5.024139712487447e9,1.3139898983540177e9,5.030578723278941e8,8.764759380634318,1.7558225617358264e7,8.838199916740184,1.6280422211830702e7,8.691318844528462,4.752972243501224e6,3.660400681384938e6,1.0925715621162907e6
1.0e-5,1244.9523849440575,12833.604782807735,1.0e-5,20104.109858868287,1.0e-5,9897.541984623225,1.0e-5,719.2352152867627,15134.15221781155,1.0e-5,1091.1675087739734,897.308624002934,Sample 901,4.1139990556653028e9,4.616495213767115e9,5.019247520211626e9,1.3080007709908345e9,5.0249615810181165e8,8.730196481600505,1.3703575734013068e7,8.763304449317374,2.018846640665434e7,8.697088513883639,5.673773387047352e6,2.857917879441053e6,2.815855507606286e6
1.0e-5,2063.255731273701,12255.292329467678,1.0e-5,20716.925759709997,1.0e-5,9627.508318498582,1.0e-5,1247.5592854250426,14753.15961962682,1.0e-5,439.97996232530323,1148.9432282590524,Sample 902,4.117209877990215e9,4.617207288582841e9,5.022747725633011e9,1.3110782846929662e9,4.9999741059262586e8,8.913587055156485,1.2345834105208572e7,8.923323477378705,2.1265204973880004e7,8.903850632934262,4.8216283283003755e6,2.5599132734908187e6,2.261715054809561e6
1.0e-5,1719.5603786156116,12770.942107457364,1.0e-5,20481.161893756896,1.0e-5,10650.610180470887,1.0e-5,827.2158095111242,15034.432286698118,1.0e-5,519.4713676932267,894.6850412183679,Sample 903,4.118492726282434e9,4.616385210156268e9,5.021501365049349e9,1.3081247936599958e9,4.978924838738341e8,8.914244278155849,1.3151014210850898e7,8.92783244961143,2.035093923434793e7,8.900656106700277,4.900676241241429e6,2.742857403176873e6,2.1578188380645514e6
119.22996059478422,1729.2965641739752,12302.615701155835,1.0e-5,19890.98425640793,1.0e-5,10065.22000701491,1.0e-5,1042.3670576915663,14898.734646503803,1.0e-5,868.0359442460449,989.321889776965,Sample 904,4.11529931275327e9,4.616008304571962e9,5.019160535440895e9,1.307013453556558e9,5.007089918186918e8,8.845990935517746,1.2572294884311197e7,8.863712180382278,2.121968521131818e7,8.82826969065323,5.357121176642593e6,2.614468724722902e6,2.742652451919672e6
306.64493810486874,1196.5178188763946,12695.631057622248,1.0e-5,20396.570304422698,1.0e-5,10352.470580070094,1.0e-5,752.6276979857352,14872.111746096647,1.0e-5,1078.8153536374982,947.7731844675216,Sample 905,4.1151224838541827e9,4.615850556921347e9,5.018515137746246e9,1.306057234716962e9,5.0072807306716394e8,8.829678023692505,1.4119731534398077e7,8.844153580298258,1.960276839540057e7,8.815202467086754,5.698838427019436e6,2.9391330533387945e6,2.759705373680626e6
253.05384252034608,1275.3578827251479,12728.21323167551,1.0e-5,20075.801596409023,1.0e-5,10284.841933382731,1.0e-5,704.3339878735638,15194.939360722763,1.0e-5,796.8197832796874,978.7725401308455,Sample 906,4.1155165181340833e9,4.615826900883514e9,5.018892798133278e9,1.3064421772489588e9,5.0031038274943066e8,8.733329884730098,1.4159013541244527e7,8.753435916530142,1.957473622534056e7,8.713223852930057,5.268407459233869e6,2.9472779127093432e6,2.3211295465245205e6
125.95251144514475,1704.204104617494,12396.87431665954,1.0e-5,20208.13347928313,1.0e-5,10210.785226627477,1.0e-5,738.6418491235569,14981.395186985957,1.0e-5,1008.5392769693048,948.4308639149658,Sample 907,4.1144383968341956e9,4.615771426898338e9,5.018197726156763e9,1.3061856285809927e9,5.013330300641428e8,8.634471447069947,1.2558104188825738e7,8.662746703675705,2.1240836306852028e7,8.606196190464187,5.602527273455718e6,2.6302928202151647e6,2.972234453240531e6
267.58773462293016,1386.8770053462595,12561.043890183686,1.0e-5,20205.467065667952,1.0e-5,10247.636310294187,1.0e-5,741.365667409926,15025.4196420436,1.0e-5,958.0506904954879,951.5799423885115,Sample 908,4.115129990836826e9,4.615702153530172e9,5.018324455462183e9,1.305816766557367e9,5.0057216269334614e8,8.724202248645248,1.3648499800833952e7,8.745149050115522,2.009213268460561e7,8.70325544717497,5.511692403974523e6,2.846650872498599e6,2.665041531475907e6
179.93791762939497,1603.1807153793181,12520.268238618006,1.0e-5,20341.72556188632,1.0e-5,10280.38013763108,1.0e-5,724.5571671565323,15043.192106338314,1.0e-5,853.6647654481369,939.7195151835438,Sample 909,4.115622503361821e9,4.615702682215902e9,5.018616738449466e9,1.3059082913212092e9,5.0008017885408074e8,8.793021863516067,1.3123654741374936e7,8.814330087208575,2.0564902096789155e7,8.771713639823572,5.37957627327508e6,2.742586916163628e6,2.63698935711146e6
257.12801184604166,1424.4435141850324,12510.756739212351,1.0e-5,20102.914793558302,1.0e-5,10211.204028332602,1.0e-5,736.4756814195515,15061.67250082702,1.0e-5,972.6402694213383,943.1800129239452,Sample 910,4.1149010989670467e9,4.615685262015808e9,5.018216662251207e9,1.3058469635195596e9,5.007841630487614e8,8.72378263444655,1.343406185881202e7,8.747159991472381,2.0337726133159593e7,8.700405277420714,5.523873342855281e6,2.803794032685057e6,2.7200793101702104e6
259.4556340479582,1445.3615977524164,12513.949463762008,1.0e-5,20321.935852021812,1.0e-5,10252.530744491582,1.0e-5,734.495030365696,14953.47561278646,1.0e-5,1015.8514778625369,951.7081562933375,Sample 911,4.1149209125147557e9,4.615683970009246e9,5.018198049873794e9,1.3057912172235854e9,5.007630574944897e8,8.882512442722126,1.34099417253073e7,8.902209244192399,2.032941251409705e7,8.862815641251842,5.610096795274187e6,2.800446265044797e6,2.809650530229388e6
245.9445175624675,1422.4995744056587,12540.888235332097,1.0e-5,20215.162584164395,1.0e-5,10253.0303652497,1.0e-5,707.5674576749462,15038.98742298342,1.0e-5,984.255818478659,946.5444499558414,Sample 912,4.1150188115078416e9,4.615676133833908e9,5.018248824630035e9,1.3058027039183218e9,5.006573223260661e8,8.82291502297837,1.349165387384494e7,8.845597935559757,2.025435317667481e7,8.800232110396983,5.550743416043008e6,2.816062926048845e6,2.734680489994162e6
250.24690888492484,1467.4498417116015,12518.858487342737,1.0e-5,20260.58461892479,1.0e-5,10239.969695073898,1.0e-5,735.5055281186495,15015.4621522259,1.0e-5,946.4572158357051,951.9476916074734,Sample 913,4.115125083263798e9,4.6156743841017685e9,5.018282165540754e9,1.305764863715942e9,5.0054930083797044e8,8.611212154673392,1.3421189735023197e7,8.632506178365896,2.03114039183826e7,8.58991813098089,5.503852410704014e6,2.8008984101158017e6,2.702954000588198e6
246.1299721699496,1428.394381225752,12556.969717493055,1.0e-5,20264.403008818244,1.0e-5,10241.076338993293,1.0e-5,699.9675629398636,15054.455703376947,1.0e-5,946.3614337088922,952.9756010993879,Sample 914,4.115144995930218e9,4.615673293323463e9,5.018295668005414e9,1.3057730467571461e9,5.00528297393245e8,8.765587753623189,1.3516282757918332e7,8.78792344398236,2.0213244936501905e7,8.743252063264027,5.501477634111e6,2.82224674282887e6,2.679230891282122e6
254.97069964653838,1435.9754366660543,12544.434536803792,1.0e-5,20273.010044912873,1.0e-5,10247.8371300758,1.0e-5,717.6239777909506,15028.822489143557,1.0e-5,949.5182928779989,951.7082978193029,Sample 915,4.1151485808953643e9,4.615671759705927e9,5.018292277574177e9,1.3057642145470626e9,5.0052317881056285e8,8.714248590660269,1.351355357224971e7,8.734848169908325,2.0214835443206035e7,8.693649011412209,5.507861295123233e6,2.8206715594281154e6,2.687189735695114e6
1.0e-5,1.0e-5,16330.864170912977,1.0e-5,26828.360291473215,1.0e-5,30876.65077146878,1.0e-5,1.0e-5,9287.923744878626,1.0e-5,1.0e-5,2270.390406363666,Sample 916,4.1336812320251093e9,4.81970934597453e9,5.567975183483005e9,2.18255978896637e9,6.860281139494206e8,15.592746965763496,3.5816014700878896e7,15.574114521319052,7.987123880422606e6,15.611379410207938,6.548904277809748e6,6.548904245468487e6,0.03234126
1291.2137987005706,1.0e-5,12622.324605388727,1.0e-5,22832.88623597271,1.0e-5,26530.773599839544,1.0e-5,1.0e-5,9527.302166805908,1.0e-5,1.0e-5,9382.881339577341,Sample 917,4.090822187829892e9,4.824351224060991e9,5.751514997023991e9,2.5878565821570992e9,7.335290362310989e8,18.420017615879015,3.622036339815592e7,18.412368282545692,9.995617780187538e6,18.42766694921235,6.815937793129126e6,6.815937756005436e6,0.03712368499999997
7179.32263872733,1.0e-5,10830.693224289233,1.0e-5,30365.227474099473,1.0e-5,25971.109846061714,1.0e-5,1.0e-5,7344.051550524271,1.0e-5,1.0e-5,4662.785310013749,Sample 918,4.0581346901175194e9,4.701905402199482e9,5.254887252037957e9,1.7497344117589128e9,6.437707120819621e8,11.239716724091583,3.6832820319046125e7,11.221800057424918,5.02791150150091e6,11.257633390758247,7.36733653419419e6,7.367336503404544e6,0.030789639999999983
1.0e-5,1.0e-5,11743.158798177576,1.0e-5,15920.750501163655,1.0e-5,20450.743938937692,1.0e-5,1.0e-5,11497.47606809283,1.0e-5,5984.721433823722,2966.5993958797985,Sample 919,4.1257809992690244e9,4.7257487277157545e9,5.212077639081785e9,1.5726255511787908e9,5.999677284467301e8,11.398629969334173,1.246532113797549e7,11.543295818945605,2.9050706850251064e7,11.253964119722754,1.534960682281325e7,2.577784251235466e6,1.2771822571577774e7
3718.328190723167,1.0e-5,12821.95798377404,1.0e-5,19237.19194843912,1.0e-5,20739.90524402308,1.0e-5,1.0e-5,13225.50319427695,1.0e-5,1.0e-5,2464.8150395376233,Sample 920,4.108319291807405e9,4.659244732612695e9,5.107929862168254e9,1.4482956999164083e9,5.509254408052896e8,9.810517087124557,2.6305453509363413e7,9.807717976013446,1.1093981306009319e7,9.81331619823567,5.3438530839701835e6,5.343853054041661e6,0.02992851499999998
1655.0791964309387,1.0e-5,14128.482261607165,1.0e-5,28948.40331629087,1.0e-5,21569.89541491965,1.0e-5,1.0e-5,7473.52268464845,1.0e-5,5469.401477666758,1.0e-5,Sample 921,4.0854904561771297e9,4.68991879541008e9,5.167976826434477e9,1.5605444012817442e9,6.044283392329497e8,10.266249999999998,1.9384419779284045e7,10.251527777777778,2.0791589398985285e7,10.280972222222223,1.5164356108076649e7,3.88314362383936e6,1.1281212484237319e7
1013.663342232638,1.0e-5,12848.629408925537,1.0e-5,23496.04538625102,1.0e-5,18263.45569278162,1.0e-5,1.0e-5,10711.470632544695,1.0e-5,3330.618736264977,3906.77745869699,Sample 922,4.110769524119374e9,4.653009961900829e9,5.101681679713956e9,1.4395838734077098e9,5.422404377814553e8,10.245561001260242,1.7871559756286107e7,10.242089223482461,1.790935872532439e7,10.249032779038016,1.0616777020994747e7,3.7973501944708927e6,6.819426826523868e6
3570.3777131454617,1.0e-5,13522.383878059369,1.0e-5,25761.935204686295,1.0e-5,18406.59809645913,1.0e-5,1.0e-5,12023.463594470879,1.0e-5,1.0e-5,1678.7524719538492,Sample 923,4.111130113075599e9,4.635484181078747e9,5.062413984313924e9,1.3782136744735005e9,5.243540680031475e8,9.378685278386895,2.604086549496698e7,9.369016611720228,8.614740953897044e6,9.38835394505356,5.34583616433177e6,5.345836136199614e6,0.02813214999999999
10997.978920587137,1.0e-5,4064.891179426703,1.0e-5,19799.340253769864,1.0e-5,16049.702160534871,1.0e-5,1.0e-5,12402.423571507654,1.0e-5,2557.7356122123433,1806.7395334063378,Sample 924,4.109878559554178e9,4.665858623287234e9,5.100505311313773e9,1.425273439786133e9,5.559800637330564e8,9.985736093593784,1.9043292137455735e7,9.985901760260449,1.8807576796566233e7,9.985570426927113,9.630693822674273e6,4.0284428525083745e6,5.6022509701659065e6
4475.955381266211,1.0e-5,10207.183692292532,1.0e-5,18614.53315554023,1.0e-5,15308.53594449329,1.0e-5,1.0e-5,14727.528862264639,1.0e-5,522.1515365923851,2425.737847104521,Sample 925,4.123792540166875e9,4.63011514612586e9,5.047300459189328e9,1.3406932320859208e9,5.063226059589856e8,9.592643028901488,1.994011872469714e7,9.599155643268224,1.4310589382890726e7,9.586130414534766,5.216395317077163e6,4.205704578901323e6,1.010690738175846e6
2959.9237990053352,1.0e-5,12542.735449717293,1.0e-5,22199.423708164155,1.0e-5,15467.639235795361,1.0e-5,1.0e-5,12966.406372938834,1.0e-5,1163.1419327793585,2687.2866166168687,Sample 926,4.102575243694886e9,4.626090252592938e9,5.046038752003112e9,1.3634120077183998e9,5.2351500889805186e8,9.039732250661624,2.1194234559614655e7,9.037937583994959,1.368972458343371e7,9.04152691732829,6.795688956281309e6,4.465548101227489e6,2.3301408550538197e6
1743.4898003992935,1.0e-5,13696.104763304307,1.0e-5,20200.600310171427,1.0e-5,15252.96584988992,1.0e-5,1.0e-5,13736.723954979534,1.0e-5,2100.2565610882607,333.947551036719,Sample 927,4.103625657890069e9,4.629432020815429e9,5.0462547195646305e9,1.359451760423763e9,5.2580636292535967e8,9.10433479075824,1.8610495835315432e7,9.120918160008404,1.7031622159470372e7,9.08775142150809,7.833761012781867e6,3.854905442935445e6,3.9788555698464294e6
4136.847346552771,1.0e-5,11394.079631706758,1.0e-5,20692.659145303503,1.0e-5,14453.79933686534,1.0e-5,1.0e-5,14665.117890554226,1.0e-5,1.0e-5,1738.5129814004251,Sample 928,4.1160516851919703e9,4.619710864665582e9,5.031138653983179e9,1.3265147581088073e9,5.036591794736111e8,8.882892082041593,2.169201293816501e7,8.884111029741652,1.2138419946657466e7,8.881673134341526,4.544508878561984e6,4.544508852569837e6,0.025992144999999973
2129.1205818999783,1.0e-5,11897.283453209668,1.0e-5,20110.58821091873,1.0e-5,13770.295208143216,1.0e-5,1.0e-5,14202.34478145504,1.0e-5,1976.205805197837,1523.0754941989712,Sample 929,4.117969786302191e9,4.621481177989298e9,5.035002579225559e9,1.3305541941596289e9,5.0351139168710667e8,9.224239036798997,1.6718910335194226e7,9.246679371182527,1.7141826380503584e7,9.201798702415463,7.191230833975747e6,3.548639619412959e6,3.6425912145627975e6
346.50634270178864,1.0e-5,15163.502246454582,1.0e-5,22735.13419238377,1.0e-5,14133.548584712184,1.0e-5,1.0e-5,14199.828110419665,1.0e-5,536.9062948377635,1319.0272064122166,Sample 930,4.1169792657132974e9,4.624469137671999e9,5.035850078328495e9,1.3302517532716942e9,5.074898719587018e8,8.801984806763288,2.1441329818867546e7,8.799488678218868,1.2368581023328278e7,8.804480935307714,5.389045469476141e6,4.425380534050717e6,963664.935425418
3145.7460726357062,1.0e-5,11936.19910396834,1.0e-5,21906.901164770097,1.0e-5,13633.311378299795,1.0e-5,1.0e-5,14088.770033273246,1.0e-5,903.2982459970043,1680.4730882952897,Sample 931,4.1167216531551576e9,4.617879323636553e9,5.024438685294175e9,1.3142763937966397e9,5.011576704813953e8,8.844853830329766,1.9747855143409844e7,8.844916701785339,1.373651731766992e7,8.844790958874187,5.865291295190842e6,4.172025227410423e6,1.6932660677804253e6
1945.70550445825,1.0e-5,12990.102987395241,1.0e-5,19513.458286711975,1.0e-5,13158.311667554526,1.0e-5,1.0e-5,15675.154112402493,1.0e-5,176.7801067518712,1086.3450601394877,Sample 932,4.1208782495931153e9,4.619172478402948e9,5.027639215166806e9,1.315227702337549e9,4.982942288098334e8,8.910348402436467,1.9972629452394206e7,8.932357613736611,1.3664581484669806e7,8.888339191136318,4.47385468475391e6,4.159366969656096e6,314487.71509781753
3294.729512378122,1.0e-5,11345.633661486754,1.0e-5,19194.288306318427,1.0e-5,12791.499866256636,1.0e-5,1.0e-5,15432.041702920422,1.0e-5,649.2710453968325,1268.1272569937041,Sample 933,4.118506355136269e9,4.617204659427696e9,5.022603636998468e9,1.309496259432973e9,4.986983042914275e8,8.89984848536022,1.8778065473336667e7,8.93155571888259,1.495375583829369e7,8.868141251837853,5.151981847286591e6,3.95963640023904e6,1.1923454470475416e6
2942.090521958502,1.0e-5,11914.306582059891,1.0e-5,20146.59482523982,1.0e-5,13003.219377791,1.0e-5,1.0e-5,15473.647270338848,1.0e-5,1.0e-5,1543.8019720857974,Sample 934,4.122703168962037e9,4.61709283008192e9,5.026067059220888e9,1.3123381193978195e9,4.943896611198828e8,9.123625082797732,2.025980140390011e7,9.1289656099979,1.2961208149564266e7,9.118284555597569,4.253255180755923e6,4.253255155184478e6,0.02557143999999998
3179.4824485436484,1.0e-5,11631.998607158313,1.0e-5,20277.199199282728,1.0e-5,12859.164136646676,1.0e-5,1.0e-5,15109.68711887641,1.0e-5,585.0984466918266,1333.8410999235111,Sample 935,4.1193455708480835e9,4.616126348196147e9,5.0213516608526535e9,1.307231402661078e9,4.9678077734806323e8,9.143309329342575,1.9266407228345364e7,9.15290500252048,1.4162179260769075e7,9.133713656164671,5.134329129780887e6,4.060975631199443e6,1.073353498581442e6
3322.917862210353,1.0e-5,11445.610288841352,1.0e-5,19543.987959261045,1.0e-5,12606.306404531806,1.0e-5,1.0e-5,15567.097818342356,1.0e-5,226.9637030537126,1487.373716827743,Sample 936,4.1189884691228967e9,4.61610824642529e9,5.021835928577599e9,1.3085751416070096e9,4.9711977730239385e8,8.809942775698385,1.9667758080141105e7,8.831528886998537,1.3873921034675874e7,8.788356664398236,4.563411999374041e6,4.1449210708002434e6,418490.9285737954
3268.3250283833,1.0e-5,11955.137091290853,1.0e-5,20889.24431036583,1.0e-5,12995.3040806472,1.0e-5,1.0e-5,15076.941244862266,1.0e-5,279.86159080611566,1113.8157260470946,Sample 937,4.1192799759879365e9,4.616191612067473e9,5.022183205587578e9,1.3088948231197445e9,4.969116360795365e8,8.832451731863053,2.0264632019215792e7,8.83679640504096,1.311159125348881e7,8.82810705868515,4.760506857655841e6,4.250729121626676e6,509777.73602916946
3383.965845107953,1.0e-5,11491.490202004861,1.0e-5,20377.82890591108,1.0e-5,12753.86244281736,1.0e-5,1.0e-5,15105.004306196934,1.0e-5,532.8035714135567,1340.170012150034,Sample 938,4.118635028796255e9,4.61579582054762e9,5.02061468330191e9,1.306798517259947e9,4.9716079175136435e8,8.747812757908004,1.9434845596124116e7,8.755325097752573,1.4013341587771187e7,8.740300418063434,5.0795750412875e6,4.0990826644124296e6,980492.3768750803
2181.3363032070342,1.0e-5,12455.40425076916,1.0e-5,20154.38056127197,1.0e-5,12683.280902114939,1.0e-5,1.0e-5,15187.741395668047,1.0e-5,756.9053862195522,1288.7068553124175,Sample 939,4.1187991166460195e9,4.616315043848843e9,5.021461739546327e9,1.307809318597791e9,4.9751592720282334e8,8.886091457109853,1.883013556235606e7,8.907137457298889,1.4654144345162824e7,8.865045456920818,5.330593530277435e6,3.9616407913286556e6,1.3689527389487799e6
2960.163284123745,1.0e-5,11829.433933058881,1.0e-5,20026.818049584785,1.0e-5,12650.122007654974,1.0e-5,1.0e-5,15346.49537563753,1.0e-5,458.2802212891391,1287.4262599964964,Sample 940,4.119387492102003e9,4.61582968012573e9,5.02087459813088e9,1.3065320240340295e9,4.9644218802372617e8,8.861675434845623,1.9388404175785948e7,8.88051054614577,1.4050839487183895e7,8.842840323545477,4.907442873058851e6,4.073240248672337e6,834202.6243865214
3233.6503555654617,1.0e-5,11602.508818759725,1.0e-5,20257.105920371763,1.0e-5,12671.997352872602,1.0e-5,1.0e-5,15251.293624278436,1.0e-5,428.17915242958645,1346.0185347548484,Sample 941,4.1196159477717433e9,4.615703469588369e9,5.020596904037536e9,1.3058743907149596e9,4.960875218166256e8,8.870216853224113,1.950210555235972e7,8.878657175635373,1.3879766991037544e7,8.861776530812854,4.892262544726035e6,4.109481463410699e6,782781.0813153342
3051.651488692337,1.0e-5,11733.975550974252,1.0e-5,20292.304369742218,1.0e-5,12670.772282457538,1.0e-5,1.0e-5,15209.803824558045,1.0e-5,500.00586413192303,1370.6967346276992,Sample 942,4.119525472004182e9,4.615708385575387e9,5.020605777375828e9,1.3059776971720872e9,4.961829135712053e8,8.782784695946232,1.9359926317512948e7,8.793308351690824,1.4017586406778974e7,8.772261040201641,4.994041551454676e6,4.080688880145151e6,913352.6713095284
3223.0738276063466,1.0e-5,11557.062115986735,1.0e-5,20235.68206949413,1.0e-5,12646.533217636865,1.0e-5,1.0e-5,15200.600009637148,1.0e-5,534.585863844319,1352.8157724144628,Sample 943,4.119265994616328e9,4.61568141370073e9,5.020378721334146e9,1.3058100343512325e9,4.9641541908440214e8,9.143577771455575,1.9277988776055105e7,9.154207104977944,1.4131264594534917e7,9.132948437933209,5.046077310849694e6,4.066318080757404e6,979759.2300922981
3248.1662864187488,1.0e-5,11561.315553854529,1.0e-5,20254.642000113487,1.0e-5,12653.54251858596,1.0e-5,1.0e-5,15223.200647521806,1.0e-5,478.7827388034065,1355.124130459208,Sample 944,4.119427148281637e9,4.615677019520845e9,5.0204530479813e9,1.3058019281601179e9,4.9624987123920846e8,8.75725391144717,1.9398052696292434e7,8.767777567191768,1.3996218059479045e7,8.746730255702584,4.9667923428122e6,4.0900600815956984e6,876732.2612164896
3206.458810892587,1.0e-5,11588.31188430559,1.0e-5,20355.140641116588,1.0e-5,12671.83121541941,1.0e-5,1.0e-5,15134.0855986086,1.0e-5,576.5046706351072,1339.7977706107838,Sample 945,4.119165943266609e9,4.61567887803225e9,5.020334705464172e9,1.3058245896294858e9,4.965129347656408e8,8.855600133669403,1.9254526180413242e7,8.8651958068473,1.4146671761817195e7,8.846004460491493,5.118291592433957e6,4.0616706812225585e6,1.0566209112114045e6
3235.1480505071922,1.0e-5,11566.325094641432,1.0e-5,20241.239740723915,1.0e-5,12647.087190296372,1.0e-5,1.0e-5,15224.219984560685,1.0e-5,491.4351281652425,1349.0539275924555,Sample 946,4.1194004392387767e9,4.615670852255555e9,5.02041294846539e9,1.3057546054364483e9,4.9627041301677865e8,8.863967755891618,1.936465172335732e7,8.874491411636212,1.4033557216416035e7,8.85344410014703,4.982962126811791e6,4.083149787666294e6,899812.3391455049
1.0e-5,1.0e-5,16126.156160035942,1.0e-5,32178.42980616424,1.0e-5,28038.25335435387,1.0e-5,5535.499879134229,1.0e-5,1.0e-5,2617.531081361223,4600.299851073335,Sample 947,4.0682932769076195e9,4.8125728539955015e9,5.644549342684468e9,2.408232554465816e9,7.442795770878819e8,17.73273002646503,3.5288634370951764e7,12.382875185045158,1.1877286340771545e7,23.082584867884897,1.2325308450157303e7,6.174139070309682e6,6.1511693798476765e6
1.0e-5,1.0e-5,13737.312935526776,1.0e-5,20755.97698310223,1.0e-5,20492.159584108667,1.0e-5,12371.941471488473,1.0e-5,1.0e-5,3142.5748023089923,1.0e-5,Sample 948,4.1443544622683e9,4.731004335721852e9,5.347348935019464e9,1.8193390720487742e9,5.866498734535519e8,13.730555555555556,2.972481701121725e7,12.127638888888896,8.991979234214654e6,15.33347222222222,9.643571213498754e6,3.6350145654842393e6,6.0085566480145315e6
1.0e-5,1.0e-5,15836.120407621636,1.0e-5,26267.198294117683,1.0e-5,20500.2747558836,1.0e-5,9534.477620533746,1.0e-5,1.0e-5,3072.764327076176,1717.4738386338472,Sample 949,4.0803242237985454e9,4.680620869471694e9,5.223205099946773e9,1.6854651066233058e9,6.002966456731483e8,12.205991168031925,3.014521053832466e7,10.318954111321151,9.457194940380085e6,14.093028224742703,1.1173416121693213e7,4.6192661477772165e6,6.554149973916042e6
1.0e-5,1.0e-5,12976.196053973435,1.0e-5,25521.44928603796,1.0e-5,23495.476364037517,1.0e-5,6990.618441902657,3244.8626048940732,1.0e-5,1245.335464747683,4660.540827464101,Sample 950,4.1054300275163174e9,4.774860020798144e9,5.658316116305264e9,2.4363421842960677e9,6.69429993281827e8,21.524378822096203,3.336967939683809e7,21.51436837765177,7.534292437346868e6,21.53438926654066,7.4292169118274385e6,4.971079025648314e6,2.458137886179153e6
1.0e-5,1.0e-5,15402.45461558637,1.0e-5,30483.661469492847,1.0e-5,22376.66050094242,1.0e-5,6087.971866162984,2493.7779980919117,1.0e-5,1894.716588876614,2226.1454776878986,Sample 951,4.066976100900989e9,4.687776122438481e9,5.287629227976611e9,1.8205062326137521e9,6.20800021537492e8,11.660653822936357,3.2103965746011548e7,11.642112156269695,7.433427191352846e6,11.679195489603027,9.212941747390358e6,5.392235397311885e6,3.8207063500785115e6
1.0e-5,1.0e-5,15897.14686623742,1.0e-5,24226.506484586047,1.0e-5,18276.787130486264,1.0e-5,9650.937951593729,2370.332189207532,1.0e-5,1367.626678614528,938.4430652726769,Sample 952,4.0897141189348493e9,4.644452964502766e9,5.115276684007135e9,1.496386284576656e9,5.547388455679165e8,10.117188445284604,3.1989677890921526e7,9.95563933417349,4.789693835112129e6,10.278737556395718,7.440085447750242e6,4.80647430018381e6,2.6336111475664503e6
1.0e-5,1.0e-5,13576.616422173187,1.0e-5,22133.068482135404,1.0e-5,16356.851404859328,1.0e-5,8961.632966838388,1380.8356306310786,1.0e-5,4455.575123639979,4408.472905431103,Sample 953,4.0639210041961446e9,4.663477552371961e9,5.119686719165718e9,1.5119748817633312e9,5.995565481758159e8,10.531016246166773,2.5958426508064613e7,10.5102337668557,1.4144038755946338e7,10.551798725477843,1.3769730442392582e7,3.733329926314276e6,1.0036400516078332e7
1.0e-5,1.0e-5,16158.645954240445,1.0e-5,19904.70879245932,1.0e-5,11550.357084917207,1.0e-5,13385.856738279168,1102.5701411487412,1.0e-5,1977.7001880199675,1.0e-5,Sample 954,4.0817572647001505e9,4.658772561504168e9,5.148945628921272e9,1.5573614316382265e9,5.77015296804017e8,11.16388888888889,3.268593915378957e7,9.558611111111114,6.365299901214018e6,12.769166666666669,8.072708346513368e6,4.1756632483762293e6,3.897045098137172e6
1.0e-5,1.0e-5,15796.323463708122,1.0e-5,23250.345904750222,1.0e-5,14779.231244348859,1.0e-5,8779.11359319221,4040.6021555218545,1.0e-5,2175.520567931574,1.0e-5,Sample 955,4.084419050622976e9,4.631717520218689e9,5.0684579871910515e9,1.4207794035404375e9,5.472984695957129e8,9.566944444444447,2.8479369373365913e7,9.563333333333336,8.198200335902894e6,9.570555555555558,8.399265000166042e6,4.24946254539598e6,4.1498024547700966e6
1.0e-5,1.0e-5,16172.495072373966,1.0e-5,23093.038684048992,1.0e-5,12451.373413230232,1.0e-5,10827.098579304184,3523.764795650003,1.0e-5,1.0e-5,1676.439696103948,Sample 956,4.0980921173114696e9,4.641108703037006e9,5.079999675524878e9,1.4207985307012792e9,5.430165857255372e8,9.564689098508719,3.397950526812748e7,9.119422209619833,2.160658804144041e6,10.009955987397607,5.065325185082326e6,5.065325153316229e6,0.031766095
1.0e-5,5096.87881179545,9486.82147949163,1.0e-5,19765.034325097695,1.0e-5,13396.42416490274,1.0e-5,14779.444518315266,1.0e-5,1.0e-5,574.9985440044019,1752.026554158319,Sample 957,4.131457753328942e9,4.649719397282493e9,5.096766574741263e9,1.4123559988710923e9,5.1826164395355105e8,9.750525284436044,1.8095690513139557e7,9.225339412770428,1.6822691814093374e7,10.27571115610166,5.516688802444034e6,1.2252386383932796e6,4.29145016405076e6
1.0e-5,2620.3624945650827,13065.241091792597,1.0e-5,24022.189264486944,1.0e-5,10631.186523136465,1.0e-5,12084.63671123507,831.3426030780898,1.0e-5,2342.6645099167467,1027.4443071594378,Sample 958,4.085182563502947e9,4.638644185275072e9,5.061934283436232e9,1.4000418180944445e9,5.534616217721251e8,9.307917532661204,2.1212771350724135e7,9.210786410628025,1.5788973978876729e7,9.405048654694394,9.062241049962766e6,2.4069826220745756e6,6.655258427888203e6
1.0e-5,909.9245647210129,14741.32043307258,1.0e-5,21332.49200736311,1.0e-5,12725.58742057079,1.0e-5,6627.768567497055,7154.506616529351,1.0e-5,1678.4743527967025,1386.042233302512,Sample 959,4.0874949214314113e9,4.629510920239562e9,5.05358779912375e9,1.3901697565765266e9,5.420159988081508e8,9.191266132535183,2.220884555760528e7,9.190507688090738,1.4206596627753543e7,9.192024576979627,7.547122986871825e6,3.5201928964000195e6,4.026930090471794e6
1.0e-5,1.0e-5,12544.839529473003,1.0e-5,18069.395983629576,1.0e-5,9102.614767048904,1.0e-5,12864.337700902957,3898.1417832484735,1.0e-5,842.9449942182492,1896.720331189741,Sample 960,4.116496411167011e9,4.641996452700867e9,5.121443388779254e9,1.4843939136906297e9,5.255000415338556e8,10.989371675698386,3.0744419700803395e7,10.989371675698383,4.560505637025073e6,10.989371675698383,5.150740937385144e6,3.6731787564805085e6,1.4775621809046422e6
1.0e-5,2198.850396581067,12065.93663888962,1.0e-5,22838.4543292105,1.0e-5,12886.910387691496,1.0e-5,9693.215962989614,4581.194673535397,1.0e-5,335.19108774703176,2400.3741333640482,Sample 961,4.1197849623810697e9,4.632309470698062e9,5.091751605555099e9,1.431408778031065e9,5.125245083169925e8,9.618293983196809,2.147194046408026e7,9.6173648720857,1.2264099584996397e7,9.61922309430792,5.079269712528023e6,2.810230542075349e6,2.2690391704526786e6
1.0e-5,1645.7012787584713,12479.774671736774,1.0e-5,20600.106510121477,1.0e-5,10751.0555899304,1.0e-5,7527.241510065463,7511.732748496045,1.0e-5,1481.0389876655686,1101.6591220328146,Sample 962,4.1095810893378954e9,4.621858399343865e9,5.035775733794799e9,1.3401119789078362e9,5.122773100059703e8,9.33750529296366,1.694067447639659e7,9.337505292963659,1.7503175371339444e7,9.337505292963659,6.508110777891555e6,2.6272649953729385e6,3.8808457825186225e6
1.0e-5,893.8279371138602,14055.011737432147,1.0e-5,20060.020433917627,1.0e-5,13918.157295724825,1.0e-5,1.0e-5,14880.093702610773,1.0e-5,898.5896325982129,1127.7142430500894,Sample 963,4.1143527395636034e9,4.621922587151144e9,5.033316676734493e9,1.3303580267542374e9,5.075698475875406e8,8.916524257655961,1.6073530640592352e7,8.944463973072885,1.81267523197192e7,8.888584542239025,5.676820257064243e6,3.369884649169031e6,2.3069356078951997e6
1.0e-5,1.0e-5,14439.993133891054,1.0e-5,22444.233957846525,1.0e-5,11507.403396190113,1.0e-5,148.908795673021,14167.076006306821,1.0e-5,1659.6340428152284,1333.9454762404935,Sample 964,4.108783447550462e9,4.619505445349287e9,5.026739622591397e9,1.3251903522830472e9,5.1072199779882514e8,8.752383270321362,1.86262613397202e7,8.761989270321367,1.546062093929794e7,8.742777270321367,6.873192991542346e6,3.869552624771889e6,3.0036403667704575e6
1016.7331396333472,1.0e-5,13606.152899966306,1.0e-5,21810.61579526938,1.0e-5,12647.522906315186,1.0e-5,1.0e-5,14418.454841429442,1.0e-5,1417.6405573195946,1073.4837933923498,Sample 965,4.1168968096579714e9,4.617863322448369e9,5.024110114908641e9,1.313460097710942e9,5.009665127903972e8,8.882361567149756,1.8358139328328397e7,8.892253327494227,1.5154354233699102e7,8.87246980680529,6.394481768563637e6,3.8489098708589594e6,2.545571897704695e6
1024.7398002771931,1.0e-5,12742.13620746331,1.0e-5,18730.700987872347,1.0e-5,12196.697173784263,1.0e-5,1.0e-5,15443.888431345198,1.0e-5,1239.8118950078526,1926.971975696419,Sample 966,4.1153552015428686e9,4.619094584327716e9,5.026038038035499e9,1.3176262902004128e9,5.037393827848473e8,8.930045060302458,1.7386201532420702e7,8.9974144741861,1.666252026776003e7,8.86267564641882,5.9139291749386545e6,3.6809925635273713e6,2.232936611411281e6
1089.3694891416883,1.0e-5,13127.238915427317,1.0e-5,20205.86746522402,1.0e-5,11781.194134120327,1.0e-5,207.1583206607177,14942.88899532286,1.0e-5,1274.616072393987,1361.0381928276363,Sample 967,4.1149620104725485e9,4.616745309020365e9,5.0207615415666895e9,1.309815763640466e9,5.0178329854781586e8,8.854561378092843,1.8004828874489974e7,8.874329025792907,1.576316611763632e7,8.834793730392779,6.043197827402545e6,3.755200384202197e6,2.2879974432003475e6
1350.938789267795,17.06388369082025,12940.80574676391,1.0e-5,21218.96069752562,1.0e-5,11714.535566737739,1.0e-5,430.04066341180965,14438.53423040863,1.0e-5,1306.2091399548763,1218.2572404501138,Sample 968,4.117412258693321e9,4.61612778204923e9,5.020478764681806e9,1.3074174886210616e9,4.98715523355908e8,9.135536885024155,1.8242819709831323e7,9.138256551690827,1.518064540789512e7,9.132817218357491,6.129731940872027e6,3.7711560286393897e6,2.3585759122326514e6
1434.0187736053454,1.0e-5,12992.007285502861,1.0e-5,20793.78836003603,1.0e-5,11911.392547464206,1.0e-5,181.54559401901878,14886.527055848552,1.0e-5,1127.650401129623,1119.353635862868,Sample 969,4.1176119903146935e9,4.615960125567177e9,5.020221185779109e9,1.3068702556763477e9,4.9834813525248337e8,8.832113559084227,1.8358115159282915e7,8.84462517345096,1.510765022355764e7,8.819601944717498,5.839826004915086e6,3.826052945420763e6,2.0137730594943347e6
1607.6183278914452,1.0e-5,12625.371986784854,1.0e-5,20954.39948109523,1.0e-5,11979.948768467055,1.0e-5,1.0e-5,14664.93514441048,1.0e-5,1632.453256162042,1205.0247457985554,Sample 970,4.1158026767042036e9,4.616111536081189e9,5.019353899290845e9,1.3067935857962964e9,5.003088593769856e8,8.859037000861164,1.7324536226445477e7,8.886560106700273,1.6264779766830333e7,8.831513895022054,6.617593005292076e6,3.6670227627442176e6,2.950570242547849e6
1509.8597031245588,1.0e-5,12855.415472404258,1.0e-5,21141.490969041162,1.0e-5,12012.42281766157,1.0e-5,1.0e-5,14798.007345215754,1.0e-5,1289.5614860995759,1288.1927173745917,Sample 971,4.117299391794652e9,4.615806748017956e9,5.019726619749997e9,1.3063470996873853e9,4.9850735622330415e8,8.751529991451378,1.801121379443588e7,8.771715155051464,1.5405878396529129e7,8.731344827851299,6.119894462919866e6,3.801625712828411e6,2.3182687500914587e6
1319.3510347064198,1.0e-5,12862.19560213424,1.0e-5,20677.03203742215,1.0e-5,11703.946137477666,1.0e-5,1.0e-5,14991.57378803454,1.0e-5,1400.6938044770384,1221.6968984221528,Sample 972,4.116459855322275e9,4.615775452728639e9,5.019112736624113e9,1.3059901651973124e9,4.993155974063636e8,8.851057252951062,1.7569424146319374e7,8.881549270573412,1.5975699843161887e7,8.820565235328713,6.2116429886590885e6,3.708926136533601e6,2.5027168521254836e6
1436.7110498890704,1.0e-5,12876.007289302806,1.0e-5,21067.675817185165,1.0e-5,11833.715844733428,1.0e-5,12.508028184143319,14842.346136318953,1.0e-5,1349.8889585741874,1210.5464369738045,Sample 973,4.116928358917301e9,4.615710512074895e9,5.019284133819921e9,1.3059293966476464e9,4.9878215315759337e8,8.850860181726528,1.784755905720653e7,8.874817606091158,1.5607841592381345e7,8.8269027573619,6.183917652501137e6,3.764053717363381e6,2.419863935137745e6
1413.7100713703894,1.0e-5,12863.989025550567,1.0e-5,20785.63319311355,1.0e-5,11807.824073446713,1.0e-5,65.63877563085194,14936.478988609784,1.0e-5,1260.4341205888356,1241.3976224758885,Sample 974,4.117216126553695e9,4.615697990456005e9,5.019375553030359e9,1.3058369890510178e9,4.984818639023094e8,8.755373408737661,1.79392891123398e7,8.778285294980044,1.552740963469066e7,8.732461522495273,6.024776724799618e6,3.770565001967347e6,2.2542117228322704e6
1482.9242455721587,1.0e-5,12795.427094814748,1.0e-5,20886.743478813063,1.0e-5,11882.269454691635,1.0e-5,1.0e-5,14893.17700190007,1.0e-5,1343.9008283036483,1248.4031099825388,Sample 975,4.1169827522611938e9,4.615691619325736e9,5.01928084163784e9,1.3058873116887507e9,4.987088670645423e8,9.159793295358119,1.777358827465796e7,9.185880591178323,1.5697568094773065e7,9.133705999537913,6.162933428682332e6,3.753127312846778e6,2.4098061158355493e6
1447.5963554021575,1.0e-5,12831.0100801108,1.0e-5,20838.83387374242,1.0e-5,11839.918284465804,1.0e-5,19.40319972775845,14924.600977457196,1.0e-5,1311.569455898994,1235.861525276666,Sample 976,4.1170286333063064e9,4.615674280606122e9,5.019238497882853e9,1.305774081853278e9,4.986456472998154e8,8.861788388615839,1.78364470820602e7,8.885792351102712,1.5637145378051022e7,8.837784426128966,6.107253080928838e6,3.7587866555114803e6,2.348466425417351e6
1402.1130272132712,1.0e-5,12865.15147852668,1.0e-5,20862.61254601173,1.0e-5,11789.320041289006,1.0e-5,16.27116086222509,14936.628312343182,1.0e-5,1315.0693294844175,1231.7038198860246,Sample 977,4.116990752232691e9,4.615674084531092e9,5.019216431672682e9,1.3057680265815814e9,4.9868333229840094e8,9.148576535069683,1.7818999129135713e7,9.175254926766124,1.5653749731218113e7,9.121898143373238,6.109512146012768e6,3.7568044617409036e6,2.352707684271855e6
1435.7605943888714,1.0e-5,12853.994289407688,1.0e-5,20901.475803055662,1.0e-5,11835.192536623255,1.0e-5,12.773467728271015,14918.625424042242,1.0e-5,1303.6435964804812,1236.1433866232633,Sample 978,4.117090747680833e9,4.615671830562704e9,5.019263963796101e9,1.3057653493486626e9,4.985810828818717e8,8.765996311734257,1.7860054397018302e7,8.790907203850779,1.5599964830400983e7,8.741085419617725,6.100228036678642e6,3.7662057083100807e6,2.334022328368563e6
1405.6105943916982,1.0e-5,12878.645888294057,1.0e-5,20876.244110121406,1.0e-5,11806.330715554142,1.0e-5,15.044320092246958,14944.941262963543,1.0e-5,1288.508169102363,1231.5137201357445,Sample 979,4.1171227776039863e9,4.61567192364493e9,5.019280026410069e9,1.305765351571223e9,4.985491460409436e8,8.846950576517537,1.7874303972570576e7,8.871789316362108,1.5586518542370647e7,8.822111836672972,6.072352219498645e6,3.7678297047125166e6,2.3045225147861317e6
1408.5995943560647,1.0e-5,12868.811813790197,1.0e-5,20854.55066583547,1.0e-5,11804.973629351836,1.0e-5,15.857850405754995,14946.588838699945,1.0e-5,1295.5020168096707,1232.6173256231793,Sample 980,4.1170808961994634e9,4.615671053108543e9,5.019255349633432e9,1.3057587499588583e9,4.9859015690908045e8,8.861956995862215,1.7852553181812067e7,8.88805268015123,1.56142513658169e7,8.8358613115732,6.080880892029239e6,3.763665825843286e6,2.317215066185958e6
1.0e-5,1.0e-5,20169.62140424127,1.0e-5,44151.98970473973,1.0e-5,1.0e-5,25203.975856887617,1.0e-5,4954.6061953147955,1.0e-5,1.0e-5,1.0e-5,Sample 981,4.080702479198246e9,4.911254630304493e9,5.586848298252964e9,2.181739487003189e9,8.305521511062471e8,14.647152777777778,4.95749237212538e7,15.550694444444444,4.253781999398941e6,13.743611111111116,9.292580642051607e6,9.292580609955765e6,0.03209584500000002
1.0e-5,1.0e-5,20592.36565401345,1.0e-5,38850.55199006509,1.0e-5,1.0e-5,17474.030066158597,6727.998226960244,1098.076963519106,1.0e-5,1.0e-5,1.0e-5,Sample 982,4.0402639996061807e9,5.166334053074083e9,7.07986352564921e9,4.953128998618157e9,1.1260700534679022e9,43.31319444444446,4.64518733404443e7,10.236944444444447,2.4539742149359476e7,76.38944444444442,8.304586696927308e6,8.30458665886425e6,0.03806305499999999
7978.487635310336,1.0e-5,11660.871474288662,1.0e-5,39135.16480574776,1.0e-5,1.0e-5,17947.468658880294,220.32309704170368,6109.110654830043,1.0e-5,1.0e-5,3141.274868379446,Sample 983,4.0217351364180737e9,4.75838312600076e9,5.258850707022253e9,1.7375831516256742e9,7.366479895826863e8,11.111447463558079,4.475881648928166e7,11.465246398991813,3.667621565099922e6,10.757648528124346,8.956577533853713e6,8.956577501894962e6,0.031958754999999985
1.0e-5,1.0e-5,16803.88595581896,1.0e-5,24764.207356486546,1.0e-5,1.0e-5,15535.843290482817,4662.669038812915,8995.604527203679,1.0e-5,1.0e-5,1.0e-5,Sample 984,4.1212763857802477e9,4.6824544461639185e9,5.138913986895426e9,1.4740971418466845e9,5.611780603836709e8,9.840694444444447,2.9667617332946412e7,10.028611111111113,7.676036349989581e6,9.65277777777778,5.419361726718221e6,5.419361697372035e6,0.029346179999999986
790.9149776680965,1.0e-5,16548.15827174796,1.0e-5,25644.221343697365,1.0e-5,1.0e-5,11384.359321526314,5917.118276669069,7139.819490080209,1.0e-5,1.0e-5,2610.27585360255,Sample 985,4.0619775017151012e9,4.682517549008116e9,5.155311755508241e9,1.5661284602932646e9,6.20540047293014e8,10.095007105860114,3.500719479099569e7,10.095007105860116,6.098014429940496e6,10.095007105860116,6.298652246930251e6,6.298652212700258e6,0.03422998999999996
9048.319306636162,1.0e-5,6744.203862556635,1.0e-5,20590.39397831451,1.0e-5,1.0e-5,13362.012755757276,2776.723045872488,11812.631989966369,1.0e-5,1.0e-5,1335.0194313076563,Sample 986,4.12545235577248e9,4.686602566586136e9,5.122778082667313e9,1.4335012429760103e9,5.611502108136562e8,9.74948455244697,2.688041746169154e7,10.373326720058815,1.1039564813289564e7,9.125642384835121,5.270070708115194e6,5.270070684479024e6,0.02363617
5715.739702023022,1.0e-5,11283.385999163907,1.0e-5,25248.670736128388,1.0e-5,6884.929748257206,8191.776127439609,1274.1694565781856,11735.973068428391,1.0e-5,1.0e-5,958.4841636040227,Sample 987,4.1239265622121844e9,4.65038649326099e9,5.071377383340538e9,1.368441711207902e9,5.264599310488057e8,9.075773641377864,2.585843776325749e7,9.075773641377864,9.130659154297937e6,9.075773641377864,5.240756350094441e6,5.240756323202663e6,0.02689177499999999
1335.6711905497236,1.0e-5,12924.657381887371,1.0e-5,16446.845579328467,1.0e-5,1.0e-5,6760.997625164587,6071.976665958195,12402.589570730324,1.0e-5,1.0e-5,1.0e-5,Sample 988,4.1193896152640076e9,4.659224543960119e9,5.080199414858564e9,1.381784670493001e9,5.398349286961117e8,9.21861111111111,2.34431438259351e7,9.218611111111112,1.3711869427790392e7,9.218611111111112,4.12469409133825e6,4.1246940646496816e6,0.02668855999999999
1188.5106839588173,1.0e-5,14599.341807890187,1.0e-5,22583.486896359103,1.0e-5,7601.324548204553,3087.778976691876,1.0e-5,15456.908185389322,1.0e-5,1.0e-5,536.6888724307349,Sample 989,4.1160011067443886e9,4.630778079773368e9,5.043158334719997e9,1.3395374829222376e9,5.147769730289793e8,8.747612209493802,2.218287474059685e7,8.776829285738295,1.2272665303609932e7,8.718395133249318,4.593770479925981e6,4.5937704530367395e6,0.026889235
3489.2789416640608,1.0e-5,10646.02237718335,1.0e-5,25124.054305426675,1.0e-5,4472.515983614982,1635.9344581580945,1.0e-5,15725.474093457886,1.0e-5,1.0e-5,1350.4393457707133,Sample 990,4.117298910101915e9,4.647807557668564e9,5.12011156544042e9,1.4751166631103601e9,5.3050864756664866e8,10.713860188447807,2.247083546046832e7,10.78577735089267,1.247529627307984e7,10.641943026002938,4.675052298322971e6,4.675052272621865e6,0.02570110000000001
2704.832748815958,1.0e-5,11145.017949371359,1.0e-5,20426.776867114793,1.0e-5,5162.660451430182,3273.233086980114,1.0e-5,16023.9084102503,1.0e-5,1168.1553917103383,718.5551535491992,Sample 991,4.113110048628877e9,4.629945902250302e9,5.039973684833927e9,1.336891418788676e9,5.168358536214251e8,9.275805726843105,1.8328429274431515e7,9.758568371434576,1.6496224057841606e7,8.79304308225163,5.828223075954461e6,3.8887968620220553e6,1.9394262139324052e6
3669.5662105129545,1.0e-5,11546.852171919169,1.0e-5,22080.739372944154,1.0e-5,6871.357656172302,1797.3412563965956,1.0e-5,16137.874007997838,1.0e-5,1.0e-5,47.74058501602812,Sample 992,4.115551287694767e9,4.623578843951237e9,5.036579029772136e9,1.3340279278982677e9,5.080275562564698e8,8.885399262906951,2.1001874576735973e7,8.967032718462514,1.3126142208467485e7,8.8037658073514,4.389845000052133e6,4.3898449753812915e6,0.024670835000000002
3229.9301524782113,1.0e-5,11242.42836625315,1.0e-5,21005.151128918493,1.0e-5,8181.5907887076,2728.644600530323,1.0e-5,15665.84172371346,1.0e-5,1.0e-5,1824.1495141943258,Sample 993,4.1230313303861184e9,4.62391822346783e9,5.040164524306824e9,1.3333794947596996e9,5.008868930817112e8,9.33662901447175,2.03857583362177e7,9.373551811594208,1.3129046275305046e7,9.2997062173493,4.312094870383493e6,4.312094844759172e6,0.025624319999999996
1699.859845120793,1.0e-5,12565.355296670741,1.0e-5,20464.576230535185,1.0e-5,8133.948077645483,2468.171247998174,1.0e-5,15497.038810140906,1.0e-5,1280.1314274032643,578.5622244943468,Sample 994,4.115567358956357e9,4.621632100673331e9,5.030347802997807e9,1.3234961463659244e9,5.060647417169744e8,8.823706421382061,1.7862558729055542e7,8.93984660126024,1.6230357332035957e7,8.707566241503889,6.016823593002368e6,3.762954540085974e6,2.2538690529163955e6
2810.1745143764897,1.0e-5,12657.20319668507,1.0e-5,24242.0301096907,1.0e-5,10195.605280371374,497.9820440829829,1.0e-5,14901.742878621742,1.0e-5,1.0e-5,798.3583987761435,Sample 995,4.120600903886042e9,4.619582518416586e9,5.02918600919901e9,1.318188596095393e9,4.989816145305443e8,8.718058130644822,2.177946989257058e7,8.717653078344888,1.1355322026810963e7,8.718463182944763,4.553463623825167e6,4.553463597725868e6,0.026099295
2067.91372542481,1.0e-5,12954.655276122663,1.0e-5,21432.882873312323,1.0e-5,10746.144800877404,1308.8310816741757,1.0e-5,15467.9411141575,1.0e-5,1.0e-5,1098.2394244381674,Sample 996,4.1228715147072325e9,4.619478263624852e9,5.029384590041306e9,1.316419401750527e9,4.966067489176197e8,9.115747994454946,2.0694375493671853e7,9.119813316866209,1.2544433869779412e7,9.111682672043692,4.321760959552883e6,4.321760933479566e6,0.026073309999999975
2209.6670657157847,1.0e-5,12447.9902708198,1.0e-5,20863.58269930848,1.0e-5,9006.494196449928,1172.2844502356647,1.0e-5,16081.068582826747,1.0e-5,57.42489867640862,1008.3138261937606,Sample 997,4.1188035583070703e9,4.617539102306219e9,5.024024089678397e9,1.3117055187435048e9,4.987355439991492e8,8.873201643583286,2.0034985323858142e7,8.917542907372404,1.3477885484296178e7,8.828860379794163,4.306415533328541e6,4.204622491368395e6,101793.04196015351
3225.743832137513,1.0e-5,11885.570239543296,1.0e-5,21690.959917514854,1.0e-5,9917.531267715032,1354.043892076927,1.0e-5,15162.189601257904,1.0e-5,456.1565649971969,957.2554746581307,Sample 998,4.116220321686223e9,4.617432073927942e9,5.022915126611988e9,1.3121778576098125e9,5.0121175224171895e8,8.602100281054403,2.007470761276039e7,8.609345871665617,1.3532328947920064e7,8.594854690443189,5.069432891916057e6,4.228804525036985e6,840628.366879082
2015.2611058953944,1.0e-5,12990.019993851116,1.0e-5,21735.192069315166,1.0e-5,10380.936476435052,502.56765417491994,1.0e-5,15585.713664297275,1.0e-5,170.66752487215714,858.0188300678626,Sample 999,4.118698449947636e9,4.61631946960434e9,5.021889480170094e9,1.308761040788211e9,4.97621019656703e8,8.732911145557656,2.032144161042592e7,8.747828836168871,1.3012428465303468e7,8.717993454946443,4.556861258494495e6,4.25233219378961e6,304529.0647048828
2724.404645221208,1.0e-5,12344.153706652847,1.0e-5,21894.225736217406,1.0e-5,10309.339329441369,548.1324772992486,1.0e-5,15546.662222209752,1.0e-5,1.0e-5,1043.5466159777004,Sample 1000,4.119323709584958e9,4.616141438203509e9,5.021532007044234e9,1.3075988663000016e9,4.968177286185509e8,8.756483411720229,2.0701901374096792e7,8.764412418231466,1.2549745787823174e7,8.74855440520899,4.346422346939359e6,4.3464223209031485e6,0.026036204999999986
2317.4950987386646,1.0e-5,12773.41607351104,1.0e-5,22409.249640520888,1.0e-5,10174.889484699712,0.8153307425358078,1.0e-5,15614.774810108023,1.0e-5,1.0e-5,904.177572196966,Sample 1001,4.118365444489366e9,4.61623892159272e9,5.02138858760812e9,1.3081728091341534e9,4.9787347710335445e8,8.678189074354128,2.082718872134474e7,8.688019858643145,1.2449423460848773e7,8.668358290065111,4.365560182796194e6,4.365560156626018e6,0.026170165
2453.501672235487,1.0e-5,12484.534899401408,1.0e-5,21521.049834475998,1.0e-5,10212.573363593254,504.6878028216349,1.0e-5,15775.390247488089,1.0e-5,1.0e-5,913.2187268849365,Sample 1002,4.1203585528930306e9,4.615915814703533e9,5.021613365389805e9,1.3069523631830473e9,4.9555726181050247e8,8.884416175194293,2.0386358090078983e7,8.907842321361056,1.282832824121507e7,8.860990029027516,4.274277328360219e6,4.274277302667483e6,0.025692729999999997
2242.9896695203793,1.0e-5,12560.777356509316,1.0e-5,21851.87135913288,1.0e-5,10063.635963730534,544.5540741151278,1.0e-5,15435.37266408221,1.0e-5,442.88967745185164,934.0392842722588,Sample 1003,4.11842698882579e9,4.615959547199609e9,5.020417536664353e9,1.3064485373033078e9,4.9753255837381864e8,8.802278645578662,1.971175607734681e7,8.818752340978788,1.3600120286889726e7,8.785804950178537,4.940843894304819e6,4.144783442249911e6,796060.4520549158
2302.310863590143,1.0e-5,12706.913964611147,1.0e-5,21846.03732070686,1.0e-5,10386.564954802641,261.2282979486331,1.0e-5,15687.871760933154,1.0e-5,1.0e-5,926.4762913885025,Sample 1004,4.1196996471987286e9,4.615750977290432e9,5.02077684015574e9,1.3061030558223195e9,4.9605133009170294e8,8.62357867620248,2.05629101867624e7,8.635396571602609,1.2647992504779499e7,8.611760780802358,4.308551445763362e6,4.308551419756831e6,0.026006519999999995
2484.0943454820917,1.0e-5,12511.781060605295,1.0e-5,21837.73937888798,1.0e-5,10339.290527729876,417.8783134542049,1.0e-5,15574.032509283159,1.0e-5,123.27365039799072,914.8209516358135,Sample 1005,4.119461080444173e9,4.61571912044395e9,5.020542630964289e9,1.3059050610404556e9,4.9625803999977654e8,8.796533490527203,2.0347768398515474e7,8.809465519260662,1.2882329276892368e7,8.78360146179374,4.490852157379682e6,4.269225474811798e6,221626.68256789332
2522.8913826359653,1.0e-5,12494.441405198422,1.0e-5,21841.343699924513,1.0e-5,10310.181504111159,362.1749742667253,1.0e-5,15653.372519704772,1.0e-5,21.41153657108549,919.5582190471836,Sample 1006,4.1197313136565003e9,4.615698451421074e9,5.020661660306733e9,1.305893555535893e9,4.9596713776457363e8,8.704927763831124,2.052325086522027e7,8.71480121478681,1.2686598486695772e7,8.695054312875449,4.342660949610025e6,4.304173007505801e6,38487.942104216425
2352.895470178145,1.0e-5,12625.083209096452,1.0e-5,21777.802355258125,1.0e-5,10348.917349021744,340.77230787322907,1.0e-5,15661.660844934411,1.0e-5,59.65834196610683,922.1213447708114,Sample 1007,4.119676624251686e9,4.615688372292581e9,5.020606821300924e9,1.305848646057582e9,4.960117480408942e8,8.810398262654905,2.04152959867451e7,8.823363502499479,1.2802187462915024e7,8.797433022810338,4.386913452813209e6,4.28020008561288e6,106713.36720033677
2437.659327705753,1.0e-5,12577.912733678026,1.0e-5,21783.132610722274,1.0e-5,10376.575859323664,340.15013854847246,1.0e-5,15670.209645573992,1.0e-5,19.90488987666577,911.4603543736706,Sample 1008,4.1197725230184884e9,4.615681182904494e9,5.020642229758825e9,1.3058307535946681e9,4.9590865988600546e8,8.790572670720437,2.050657487745581e7,8.804415483553877,1.2705601941281034e7,8.776729857886997,4.334234147644772e6,4.298664007659999e6,35570.13998477127
2453.827297894454,1.0e-5,12557.331651470511,1.0e-5,21826.984271406942,1.0e-5,10369.052217181581,351.76414822586094,1.0e-5,15633.54960342848,1.0e-5,50.71659304022764,917.5780161324125,Sample 1009,4.119669860231298e9,4.615675088694418e9,5.020560827562651e9,1.3057767061995842e9,4.9600522846312016e8,8.60675871995379,2.046923392268729e7,8.618682293131696,1.2744021329409273e7,8.594835146775893,4.383214833069545e6,4.292234638797481e6,90980.19427206877
2444.053536754104,1.0e-5,12571.644684037523,1.0e-5,21800.75110068247,1.0e-5,10380.481662484986,338.29833802751875,1.0e-5,15662.342546710763,1.0e-5,19.787694834910752,918.6660372440008,Sample 1010,4.119783288627027e9,4.615673340595741e9,5.02061809052168e9,1.3057795518205917e9,4.958900519687139e8,8.79817087361899,2.0513780455844153e7,8.810094446796898,1.2694269209523695e7,8.786247300441088,4.335913835121552e6,4.30048685678341e6,35426.978338147994
2446.183369051662,1.0e-5,12567.722133641353,1.0e-5,21823.162166992435,1.0e-5,10376.04301474759,338.33419787285936,1.0e-5,15647.935973519678,1.0e-5,33.44947932988177,918.1207179210404,Sample 1011,4.119739155758929e9,4.61567109274499e9,5.0205841567764225e9,1.3057580650489259e9,4.9593193698606145e8,8.795760412161309,2.0496816415313847e7,8.807683985339217,1.2711526667210013e7,8.783836838983412,4.357342934676705e6,4.297393096508399e6,59949.838168316404
22328.96536701887,1.0e-5,1.0e-5,1.0e-5,42486.355858457275,1.0e-5,14017.197933831156,1.0e-5,1.0e-5,5058.033871924183,1.0e-5,1.0e-5,1.0e-5,Sample 1012,3.930646028925456e9,4.774976362068652e9,5.292090565444501e9,1.8785587398948944e9,8.443303331431959e8,11.243055555555552,5.352467458360506e7,11.20111111111111,3.2782219249539827e6,11.284999999999998,1.0533659140023528e7,1.053365911015521e7,0.029868320000000025
19765.76796326263,1.0e-5,1.0e-5,1.0e-5,19418.64434552569,1.0e-5,16184.946455648265,1.0e-5,1.0e-5,12963.162095133614,1.0e-5,1.0e-5,1.0e-5,Sample 1013,4.0905524173551273e9,4.735862248551874e9,5.211787360803766e9,1.597160055700531e9,6.453098311967466e8,10.524027777777778,3.3111867019416627e7,10.522499999999999,1.1577959173753342e7,10.525555555555556,6.626393768187383e6,6.626393742030655e6,0.026156719999999998
12126.404876646366,1.0e-5,1.0e-5,7493.1845987976385,28220.06705476989,1.0e-5,13515.512327184613,1.0e-5,1.0e-5,11598.155487172748,1.0e-5,1.0e-5,1.0e-5,Sample 1014,4.0784496455285378e9,4.656448965871791e9,5.079848410602727e9,1.4247982098051243e9,5.779993203432534e8,9.178194444444443,2.945843559711722e7,9.169305555555555,9.254020921058524e6,9.187083333333334,6.236067950464682e6,5.981366827680108e6,254701.12278456762
13805.800642053913,1.0e-5,1.0e-5,1.0e-5,17101.51450266596,1.0e-5,7561.060189431539,1.0e-5,1.0e-5,17516.731731119664,1.0e-5,1.0e-5,1.0e-5,Sample 1015,4.133934968488783e9,4.685496191966116e9,5.189636572370126e9,1.5598419842853522e9,5.515612234773328e8,10.515833333333335,2.074604534707247e7,10.937777777777782,1.681209741325845e7,10.09388888888889,4.229298742660145e6,4.2292987243295675e6,0.01833057000000001
11102.060905370485,1.0e-5,1.0e-5,4423.809862212176,21535.279725239645,1.0e-5,12555.322905767694,1.0e-5,1.0e-5,14958.815550769106,1.0e-5,1.0e-5,1.0e-5,Sample 1016,4.129314252365895e9,4.64326986617136e9,5.089266506431314e9,1.405948894325375e9,5.139556138054654e8,9.197361111111116,2.1443455130335037e7,9.204027777777783,1.305712728641425e7,9.190694444444448,4.548612473044706e6,4.387503609401524e6,161108.8636431722
7863.8946550008095,1.0e-5,1.0e-5,8597.275411377299,28286.3068963073,1.0e-5,9944.693650749348,1.0e-5,1.0e-5,13586.597828424568,1.0e-5,1.0e-5,1.0e-5,Sample 1017,4.114096383522814e9,4.632204534355698e9,5.057108647173678e9,1.3679163764688447e9,5.181081508328838e8,8.964027777777781,2.1620339806421585e7,8.958194444444448,1.2609925325109553e7,8.969861111111118,5.104490862022873e6,4.370628151800005e6,733862.7102228687
7431.5181209492075,1.0e-5,1.0e-5,9884.825282755944,26522.391982942157,1.0e-5,15940.920796231196,1.0e-5,1.0e-5,12480.26401020819,1.0e-5,1.0e-5,520.2852972059837,Sample 1018,4.118243564076325e9,4.62987945751088e9,5.046956285079423e9,1.3457895485716407e9,5.1163589343455595e8,9.075813349758455,2.1072285334315598e7,9.067035159252258,1.2851142520037267e7,9.084591540264652,5.164617722628491e6,4.249061118484989e6,915556.6041434985
8091.852186667536,1.0e-5,1.0e-5,8384.46560064431,24675.734396959106,1.0e-5,11918.197115607189,1.0e-5,1.0e-5,14047.580846678842,1.0e-5,1.0e-5,389.24730720818275,Sample 1019,4.1147353438438673e9,4.622332819816923e9,5.031245379203436e9,1.325422594746082e9,5.075974759730558e8,8.710457288405799,2.066744376530247e7,8.707654748708256,1.3207956897076553e7,8.713259828103341,4.84209197281733e6,4.225605519105219e6,616486.4537121058
5834.981882459591,1.0e-5,1.0e-5,11684.21384106159,26148.14768328003,1.0e-5,13247.644298372938,1.0e-5,1.0e-5,13259.13763231857,1.0e-5,1.0e-5,313.91192710306626,Sample 1020,4.1057976614021654e9,4.691669611472371e9,5.2970110747566395e9,1.7965548766387427e9,5.858719500702055e8,11.695022159399288,2.1661556275117185e7,14.963802179668146,1.5546719743573591e7,8.426242139130439,5.089354506350617e6,3.7368158063010816e6,1.352538700049523e6
6861.179459411731,1.0e-5,1.0e-5,10029.518148602052,24070.395718725988,1.0e-5,13381.752585969532,1.0e-5,1.0e-5,13785.726177182614,1.0e-5,1.0e-5,668.5103601684076,Sample 1021,4.1086520164198155e9,4.632187091871417e9,5.085716770960064e9,1.4305944336288948e9,5.2353507545160145e8,9.195469419785763,2.0146278676789153e7,9.996733895946232,1.4498633988174912e7,8.394204943625292,4.901885933381599e6,3.9659651159681445e6,935920.8174134487
6956.58178507527,1.0e-5,1.0e-5,9624.233666833139,25487.34593200752,1.0e-5,13137.650462862415,1.0e-5,1.0e-5,13321.648447652518,1.0e-5,1.0e-5,1280.0948339758288,Sample 1022,4.109440664302831e9,4.619933010001534e9,5.032320682292196e9,1.335267690280027e9,5.104923456987031e8,8.959075926633064,1.9909213750149924e7,9.177247783700905,1.3932776785320103e7,8.74090406956522,5.007351656312393e6,4.0493458372063916e6,958005.8191060012
7616.270082855154,1.0e-5,1.0e-5,8549.223081727425,23500.28879987004,1.0e-5,12455.002086934703,1.0e-5,1.0e-5,14088.818351219858,1.0e-5,1.0e-5,1244.5171192216449,Sample 1023,4.109983812920745e9,4.617941043534619e9,5.023809975089684e9,1.319695093724002e9,5.0795723061387473e8,8.533858241083808,1.9951423416288838e7,8.532985138794375,1.3984751934206767e7,8.534731343373247,4.809939423614769e6,4.099156783564083e6,710782.6400506783
7744.890415526214,1.0e-5,1.0e-5,7800.363720486756,22092.64831323449,1.0e-5,12251.886905659283,1.0e-5,1.0e-5,14706.115580301146,1.0e-5,1.0e-5,1192.954762548969,Sample 1024,4.116192221225243e9,4.617988878872577e9,5.02749736633873e9,1.3208136325796404e9,5.017966576473339e8,8.935209945599668,1.917911877520946e7,8.934637529720652,1.4461695314397568e7,8.935782361478685,4.56319718265283e6,3.9498851482802466e6,613312.0343725742
6981.4267419581,1.0e-5,710.1699504856899,8383.653729215364,23777.9951850796,1.0e-5,12328.261154036494,1.0e-5,1.0e-5,14230.769945690816,1.0e-5,1.0e-5,912.1496198286833,Sample 1025,4.1153465044497533e9,4.616540148007725e9,5.021749131901969e9,1.3116116113464606e9,5.011936435579717e8,8.668695733879439,1.9010503367888644e7,8.717086210039911,1.4436195136523508e7,8.620305257718972,4.705720968273766e6,3.884563740733368e6,821157.2275403925
7211.115949412527,1.0e-5,709.1490613868048,7788.702274196157,23480.45494774476,1.0e-5,11112.04669046762,1.0e-5,1.0e-5,14604.76615462314,1.0e-5,1.0e-5,1042.4824589285702,Sample 1026,4.1147294532093287e9,4.6166192744795e9,5.020669587612216e9,1.309990447535605e9,5.018898212701708e8,8.571703787208568,1.9027545004302576e7,8.570668007855492,1.4499890214604609e7,8.572739566561646,4.646633380445466e6,3.9127444545086585e6,733888.9259368004
6993.925714290467,1.0e-5,1019.4789214588513,7800.411291672666,23145.177475843702,1.0e-5,11729.831155253205,1.0e-5,1.0e-5,14629.735380734453,1.0e-5,1.0e-5,826.2160374965589,Sample 1027,4.1167581651987634e9,4.616121112035192e9,5.020725445733865e9,1.308571614233774e9,4.9936294683642775e8,8.760117429048519,1.867802150635079e7,8.758636632262132,1.4720709264038835e7,8.761598225834911,4.59599870990522e6,3.830659241075351e6,765339.4688298623
6692.48742025832,1.0e-5,1369.708043450863,8041.7407518913315,23761.46456611046,1.0e-5,11546.772638884253,1.0e-5,1.0e-5,14479.488806675192,1.0e-5,1.0e-5,692.197226240117,Sample 1028,4.1141732848728147e9,4.616187298825191e9,5.019728342641843e9,1.3090961015856795e9,5.0201401395237625e8,8.586460090464188,1.864660721842547e7,8.58449088409998,1.4892045936422637e7,8.588429296828398,4.682043898705031e6,3.8122228050410217e6,869821.0936639954
7119.8735650212575,1.0e-5,913.3850216772265,7653.570544385905,22571.83659917971,1.0e-5,11048.310956974079,1.0e-5,1.0e-5,14940.759770668637,1.0e-5,1.0e-5,854.4537667668052,Sample 1029,4.1144488174579535e9,4.615947777213488e9,5.018682581640452e9,1.3069685686094642e9,5.014989597555338e8,8.596661654400334,1.8681396456319857e7,8.596986006217179,1.495306237918178e7,8.59633730258349,4.5591815835783845e6,3.840696813181788e6,718484.7703965867
6905.136096209057,1.0e-5,995.2303687453,7896.632763317724,23226.62393335111,1.0e-5,11474.803660720372,1.0e-5,1.0e-5,14644.380877229616,1.0e-5,1.0e-5,909.8075655839974,Sample 1030,4.11574103982119e9,4.615814705841459e9,5.019088867506887e9,1.306621989351125e9,5.00073666020269e8,8.678392048351187,1.8596776497789674e7,8.677420711867255,1.4841170312499257e7,8.679363384835117,4.60972104270994e6,3.8159050472824145e6,793815.9954275191
6837.106660434147,1.0e-5,1126.436952208721,7849.443356827383,23080.03306042297,1.0e-5,11401.471684560489,1.0e-5,1.0e-5,14743.392551464925,1.0e-5,1.0e-5,778.5396807336372,Sample 1031,4.116052995321723e9,4.615719008409951e9,5.018918094738733e9,1.3060641857457926e9,4.9966601308822846e8,8.634264654106278,1.8433050452945575e7,8.684009095400132,1.5007795686989274e7,8.584520212812441,4.583756780047704e6,3.7782984175618985e6,805458.3624857999
6839.980548550561,1.0e-5,1132.5468129153112,7826.361718831428,23101.259574564076,1.0e-5,11337.928427051373,1.0e-5,1.0e-5,14749.505436807109,1.0e-5,1.0e-5,792.331033137369,Sample 1032,4.115928972335023e9,4.615700264521016e9,5.018832594300655e9,1.3060359517452707e9,4.997712921859928e8,8.681379048435202,1.8481449029001445e7,8.680870129090533,1.4963170021827156e7,8.681887967779884,4.584963643461035e6,3.787902498523395e6,797061.1449376273
6839.553366192003,1.0e-5,1128.8879808794504,7844.760020333858,23099.512479990313,1.0e-5,11390.961575574458,1.0e-5,1.0e-5,14730.716574483413,1.0e-5,1.0e-5,805.4151210148246,Sample 1033,4.1158053266807714e9,4.615697932361738e9,5.018767289949947e9,1.306031320857386e9,4.998926056809667e8,8.596022394412937,1.8479783651214447e7,8.595513475068268,1.497284574637011e7,8.59653131375762,4.589871408686719e6,3.790166162952484e6,799705.2457342263
6834.4067207943135,1.0e-5,1119.7537944747128,7834.293797192939,23089.832333609105,1.0e-5,11394.921019333457,1.0e-5,1.0e-5,14741.452606337258,1.0e-5,1.0e-5,803.3404000686668,Sample 1034,4.116243198838729e9,4.6156772343582325e9,5.018870966778952e9,1.3058215003609424e9,4.994340355195033e8,8.752395117706364,1.845330461620158e7,8.77679233677799,1.4966413247641252e7,8.727997898634746,4.581048649582545e6,3.7841033118710583e6,796945.3377114714
6832.278543670777,1.0e-5,1119.2583867894855,7841.3565170522315,23098.099290807473,1.0e-5,11406.835181415729,1.0e-5,1.0e-5,14734.390636610056,1.0e-5,1.0e-5,807.1665156645649,Sample 1035,4.1162111404768248e9,4.615676968620645e9,5.018853940858969e9,1.3058197726204689e9,4.994658281438198e8,8.65841292728418,1.8446776384842724e7,8.682810146355813,1.4973914133845365e7,8.634015708212567,4.5829823028193265e6,3.7833276183631816e6,799654.6844561332
6781.356479679872,1.0e-5,1156.2473800043247,7880.392772448365,23239.118644876256,1.0e-5,11426.602659534306,1.0e-5,1.0e-5,14691.325411054482,1.0e-5,1.0e-5,799.5677490728648,Sample 1036,4.116334951577833e9,4.615676035186097e9,5.018891795886701e9,1.3057726050094721e9,4.993410836082638e8,8.585263499397929,1.8426643740335252e7,8.587122714373775,1.4968031839000126e7,8.58340428442208,4.593125577803717e6,3.778117388962379e6,815008.1888413272
6822.277328203241,1.0e-5,1128.550842791511,7841.171078041251,23142.613242144555,1.0e-5,11376.913855135754,1.0e-5,1.0e-5,14728.874946333146,1.0e-5,1.0e-5,808.5460805162057,Sample 1037,4.1162018066343784e9,4.61567205919703e9,5.018820236882864e9,1.3057666079343197e9,4.994702525626512e8,8.692129787439615,1.8408389486532472e7,8.691179784289021,1.500707961613986e7,8.69307979059022,4.585521681858123e6,3.77514543826618e6,810376.2435919348
6827.812602775148,1.0e-5,1124.970729906787,7835.967921732356,23125.58968119174,1.0e-5,11368.945066381633,1.0e-5,1.0e-5,14735.617585049626,1.0e-5,1.0e-5,808.5427477560623,Sample 1038,4.116177029156332e9,4.615670538524092e9,5.018800273617062e9,1.3057529795537002e9,4.994935093677602e8,8.618140297332413,1.843931487322915e7,8.627473497990511,1.4980075698083268e7,8.608807096674317,4.584197228959395e6,3.780155008656473e6,804042.220302914
1.0e-5,6854.398056922764,5046.82176815153,1.0e-5,13819.975123327662,1.0e-5,17413.144904548222,1.0e-5,1.0e-5,15105.349084011852,1.0e-5,1.0e-5,6787.73238302889,Sample 1039,4.125989199303417e9,4.794356135027766e9,5.703230537995941e9,2.4861157416606984e9,6.68366935724349e8,17.880261701554307,9.162015962722005e6,19.8362278062172,3.4627600248055875e7,15.924295596891426,4.825053105339896e6,1.3937085203423419e6,3.431344584997538e6
1.0e-5,10347.471017954062,2936.888509912492,1.0e-5,21270.215386521304,1.0e-5,4903.037604935168,6288.019386598959,1.0e-5,12717.016530633724,2631.7414764290043,1.0e-5,3245.2128490155947,Sample 1040,4.0836321498506184e9,4.884314799161976e9,5.929590941746875e9,2.891234934481156e9,8.00682649311357e8,22.835741814660793,2.0135408451048426e7,35.94695122230624,2.8816174224347975e7,9.724532407015333,1.022181355540988e7,6.663851982331138e6,3.5579615730787157e6
1.0e-5,8372.753234375808,3483.141906890224,1.0e-5,18609.196796362976,1.0e-5,13611.910427722756,1.0e-5,1.0e-5,12655.236066869105,3154.9950650600736,1.0e-5,4737.353466359,Sample 1041,4.0855182510034704e9,4.697313934776075e9,5.338755267710801e9,1.8946783496420577e9,6.117956837726046e8,13.324317113358543,1.2022726815624204e7,13.43634348115943,2.857153651242104e7,13.212290745557668,1.0814402010928389e7,7.561927492640577e6,3.2524745182878105e6
1.0e-5,8804.986798324493,4924.744420364474,1.0e-5,17317.791235793087,1.0e-5,8538.516303946428,1.0e-5,1.0e-5,15484.585780405669,1059.280766954228,1.0e-5,3109.8529479208055,Sample 1042,4.063153025600165e9,4.737788064597566e9,5.482165251757036e9,2.1633894133163414e9,6.746350389974008e8,14.78674816992229,1.2866114688856974e7,20.144207872967886,3.1019690153329242e7,9.42928846687671,6.846635720541328e6,3.624629344717466e6,3.222006375823881e6
1.0e-5,9116.483243229486,4728.70524124583,1.0e-5,19350.330531006646,1.0e-5,9601.104031026203,1.0e-5,1.0e-5,14099.381647063321,1811.6787658950113,1.0e-5,3002.910624563925,Sample 1043,4.0579361571343427e9,4.648715794019757e9,5.142897303851056e9,1.5791426565480113e9,5.907796368854148e8,10.725649791913465,8.815797219240338e6,11.61679322528881,3.094011554410695e7,9.834506358538126,8.43407264420943e6,4.783907351173773e6,3.650165293035664e6
1.0e-5,7395.0500321355,6282.135429021359,1.0e-5,17653.1283543077,1.0e-5,12117.6597805215,1.0e-5,1.0e-5,14640.611789952143,1211.5060155011647,1.0e-5,3370.7899048620015,Sample 1044,4.080647247274672e9,4.637549818320684e9,5.099698207648628e9,1.4811993497019005e9,5.569025710460123e8,10.94010240655325,7.479618652910956e6,11.09274577357698,3.0278031137587056e7,10.787459039529518,6.901031462861303e6,3.578311306816556e6,3.322720156044757e6
1.0e-5,5614.694955849232,7091.845933696852,1.0e-5,16489.31515675863,1.0e-5,7091.7690898373485,1.0e-5,1.0e-5,15440.57118952635,3520.245950445189,1.0e-5,1124.2738347411298,Sample 1045,4.0684200804355264e9,4.638251150022312e9,5.056282621958679e9,1.4058940134595199e9,5.69831069586786e8,10.640844550598617,1.2359908269941084e7,10.725328525183786,2.7051158597700085e7,10.556360576013445,1.031321972067748e7,7.964731482077872e6,2.348488238599616e6
1.0e-5,5783.490157259267,8032.178020959373,1.0e-5,17454.1772724601,1.0e-5,8288.708586367184,1.0e-5,1.0e-5,14993.43234314782,2182.846515728583,1.0e-5,2784.8364682192387,Sample 1046,4.053926322291663e9,4.633319289235725e9,5.071791767575663e9,1.4563379236239352e9,5.793929669440627e8,9.536842608611636,1.0455295849230943e7,9.632102174291116,2.9183590917049207e7,9.441583042932164,8.746511349239605e6,5.81110611165497e6,2.935405237584653e6
1.0e-5,8622.961684041089,6016.633674956762,1.0e-5,18985.553930642567,1.0e-5,12003.432251252347,1.0e-5,1.0e-5,14540.417633141045,1903.0830403704822,1.0e-5,46.128419352979435,Sample 1047,4.092634458539348e9,4.653587562583459e9,5.126356415383144e9,1.5064908096434824e9,5.609531040441107e8,9.815750297374505,9.259723944377838e6,10.832028570048315,2.8577271929685842e7,8.799472024700695,7.750219352144971e6,4.576177859965632e6,3.174041492179342e6
1.0e-5,4497.801681827172,8781.703804149616,1.0e-5,15357.962072665212,1.0e-5,10664.15713874533,1.0e-5,1.0e-5,16413.90680340838,1680.8508235340676,1.0e-5,1036.2550146794401,Sample 1048,4.100956556266105e9,4.629232024137624e9,5.048047898896918e9,1.3659072173901088e9,5.28275467871519e8,9.737747468914096,9.8516045644801e6,9.953540601806347,2.658050994339606e7,9.521954336021846,6.639887287934111e6,4.521423210085198e6,2.1184640778489127e6
1.0e-5,5048.1315567203865,8276.022012393423,1.0e-5,18389.238081553725,1.0e-5,8906.675098985888,1.0e-5,1.0e-5,15896.14311018254,1340.8541378569164,1.0e-5,1907.8509852043699,Sample 1049,4.1039198847775683e9,4.625755789233854e9,5.04352600667172e9,1.357376339332016e9,5.218359044562859e8,9.425050851627809,8.661197315284887e6,9.590175477924804,2.674711329111301e7,9.259926225330815,6.275374567385694e6,3.8294319965192373e6,2.4459425708664586e6
1.0e-5,374.84222222998824,11802.60979182857,1.0e-5,15683.845403121488,1.0e-5,12140.849948898758,1.0e-5,1.0e-5,15635.806349990215,2329.4698968417765,1.0e-5,3066.725460638321,Sample 1050,4.117206448806731e9,4.639024005998932e9,5.063969675939588e9,1.3717088970735128e9,5.218175571922003e8,10.475804772358746,1.8866228409402154e7,10.493648809325775,1.681552675302502e7,10.45796073539173,7.511446396758167e6,7.254701539966414e6,256744.85679175783
1.0e-5,3244.0490264164605,5909.249293158883,4258.857225858236,16950.180369062553,1.0e-5,11268.465478610451,1.0e-5,1.0e-5,15765.548248143617,1557.7843268201984,1.0e-5,2076.6915108376343,Sample 1051,4.108841195786741e9,4.62882768007844e9,5.0663668198139925e9,1.3950647637628045e9,5.1998648429169846e8,9.215118752425962,8.071472143662163e6,9.803264047427014,2.726337345376477e7,8.626973457424914,6.45385598522593e6,3.8885657208848842e6,2.5652902643410424e6
1.0e-5,3580.0811079790456,6653.550816800253,3201.961099490826,16656.359745720234,1.0e-5,8756.360331031887,1.0e-5,1.0e-5,16208.687375591622,2174.5371699314983,1.0e-5,805.4565477415324,Sample 1052,4.0921138744750876e9,4.62218706450281e9,5.028364888007379e9,1.3424288370368602e9,5.3007319002772164e8,9.171402321277045,9.430134446351638e6,9.51440399428692,2.701859511986528e7,8.828400648267174,7.431527466584998e6,5.086533820646088e6,2.344993645938912e6
1.0e-5,4082.855940354655,7677.4352879229355,2314.6573071443904,17100.59433961734,1.0e-5,10473.043888289101,1.0e-5,1.0e-5,16081.981855358843,1294.570565678023,1.0e-5,1077.1716582285776,Sample 1053,4.09909923059217e9,4.619917080014493e9,5.026963520696207e9,1.3349107307857509e9,5.208178494223235e8,8.747108793908849,8.291744810922262e6,8.901576763999163,2.737770073657032e7,8.592640823818531,6.155588179146244e6,3.6370854898259854e6,2.5185026893202467e6
1.0e-5,1343.9860015148622,6633.593573318991,4590.9673495866045,16708.323018331837,1.0e-5,8621.547576729676,1.0e-5,1.0e-5,16798.590755594436,1120.4802877488994,1.0e-5,2947.659023477733,Sample 1054,4.10721647714763e9,4.627413450003572e9,5.045877699198517e9,1.3571254712458303e9,5.201969728559427e8,10.125989014282714,8.720999933063e6,10.523131010291957,2.6693113369943943e7,9.728847018273473,5.660106393302993e6,3.489383930380426e6,2.1707224629225577e6
1.0e-5,2472.1789523015955,6539.221294526938,4092.5785189882854,17443.70413103559,1.0e-5,9477.140765356271,1.0e-5,1.0e-5,16217.643441240043,1505.8105407813591,1.0e-5,1942.4526452112882,Sample 1055,4.1076478970222235e9,4.619543904804761e9,5.027743626128538e9,1.3282954504300919e9,5.118960077825378e8,9.205778037156067,8.120399245643969e6,9.509696747658056,2.6734895735331196e7,8.901859326654064,6.228019291215558e6,3.8567530712515325e6,2.371266219964029e6
1.0e-5,2479.4637765159828,7098.489630835076,3774.0591648485015,17302.917588941258,1.0e-5,10560.318394516271,1.0e-5,1.0e-5,16208.68961682721,1216.5420110927232,1.0e-5,1830.2460831735889,Sample 1056,4.110972422232019e9,4.617571094213402e9,5.023246863816397e9,1.3179502111873715e9,5.0659867198138326e8,9.402840165406428,7.833523727690753e6,9.49177847456417,2.668250246626222e7,9.313901856248686,5.774648242958456e6,3.3884925293548983e6,2.3861557136035506e6
1.0e-5,3875.4213921791584,6717.491146232853,3255.045904064574,19018.14621781425,1.0e-5,10129.729867795699,1.0e-5,1.0e-5,15509.203412451296,1564.2119794488437,1.0e-5,1262.8346443599048,Sample 1057,4.108645596575615e9,4.617838656594007e9,5.02076808377434e9,1.315051914379058e9,5.0919306001839197e8,9.153664339865578,7.663877019339318e6,9.36106403129595,2.687906234828034e7,8.946264648435205,6.508205338392406e6,3.835208526807503e6,2.672996811584899e6
1.0e-5,3751.005810881427,7528.479042742321,2732.01277324993,18856.76800370163,1.0e-5,10121.152266283934,1.0e-5,1.0e-5,16018.15888226901,699.3146601225247,1.0e-5,1684.9379880185204,Sample 1058,4.1118756424563036e9,4.617785863881787e9,5.021608982025767e9,1.3135564577134438e9,5.059102214254833e8,8.84986725879017,7.312093177831536e6,8.997708448477212,2.6956112556505594e7,8.70202606910313,5.198310993756649e6,2.598934334004216e6,2.5993766597524374e6
1.0e-5,3002.405533063289,7110.33594286082,3568.152111281182,17643.321507474953,1.0e-5,10527.458618425579,1.0e-5,1.0e-5,15966.192345855508,1679.2610168673193,1.0e-5,806.8336375273686,Sample 1059,4.108320409694567e9,4.6178771736470785e9,5.021588364406772e9,1.3169791454718971e9,5.0955676395251137e8,8.979655659000217,8.21682961422722e6,9.05737747431212,2.658260223941804e7,8.901933843688305,6.4894576117399e6,4.053543644979995e6,2.4359139667598996e6
1.0e-5,3243.628174230519,7400.657690924637,3186.7393751177087,18236.338848419124,1.0e-5,10378.111953550977,1.0e-5,1.0e-5,16090.792499001313,1132.9297810083517,1.0e-5,1107.0753423276637,Sample 1060,4.11246133136596e9,4.61658821720879e9,5.019043735382888e9,1.309037922191027e9,5.041268858428292e8,9.141173608653645,7.7719206449707635e6,9.248930738752367,2.6512569269673523e7,9.03341647855493,5.691020426895123e6,3.2335566620157165e6,2.457463764879408e6
1.0e-5,2613.7474695602164,6987.076448720998,3829.2353618316615,17875.1617564517,1.0e-5,9683.278871298726,1.0e-5,1.0e-5,16095.158237917634,1656.611851819419,1.0e-5,1141.5419346872873,Sample 1061,4.10821749183422e9,4.616577764953386e9,5.017297914190878e9,1.3098005715941484e9,5.083602731191668e8,8.779902225918928,8.180272591023496e6,8.84874672808234,2.6474808376264546e7,8.711057723755518,6.418568406553023e6,4.02546446628308e6,2.393103940269928e6
1.0e-5,3272.369218366844,7172.706538917422,3317.8383014910773,18950.299311834875,1.0e-5,9908.140951305977,1.0e-5,1.0e-5,15898.485783622564,1223.0436350092355,1.0e-5,1273.9424915051,Sample 1062,4.1126165075022573e9,4.616423065051658e9,5.019349924546531e9,1.3096602765391457e9,5.038065575493999e8,9.196785037807185,7.616323116327855e6,9.280384817811385,2.652496495353706e7,9.113185257802984,5.868306658803713e6,3.335618852983236e6,2.5326878058204576e6
1.0e-5,3362.482353805679,7275.538311609466,3379.227749361056,18926.0647515308,1.0e-5,10704.320679823273,1.0e-5,1.0e-5,15816.74093814774,998.0342521680024,1.0e-5,1311.8515757928174,Sample 1063,4.113922191492931e9,4.615946005410191e9,5.018423831256665e9,1.306979465610208e9,5.020238139172601e8,8.763681536883006,7.265066124595856e6,8.852523665532454,2.674984153381393e7,8.674839408233566,5.570372665953569e6,2.953851895778759e6,2.616520770174807e6
1.0e-5,2945.235050976748,7220.235578615241,3582.7173759629504,18418.384906277668,1.0e-5,10181.135490975194,1.0e-5,1.0e-5,16036.625851114888,1247.3481322919172,1.0e-5,1146.2252248160748,Sample 1064,4.1122503031379986e9,4.615908854881323e9,5.017599267855627e9,1.3070393776919324e9,5.036585517433246e8,9.10472313635791,7.676331806046261e6,9.292563211888261,2.6545999358616255e7,8.916883060827566,5.846829036461646e6,3.363643205606946e6,2.4831858308546934e6
1.0e-5,2815.6621792050187,7518.7471335811115,3422.0332715836194,18107.20527426872,1.0e-5,10153.107357873303,1.0e-5,1.0e-5,16285.421578860976,1025.4705094875708,1.0e-5,1169.684555354332,Sample 1065,4.1126118235360875e9,4.615845846020758e9,5.017458631734436e9,1.306459593912028e9,5.0323402248467034e8,9.222447434635585,7.8506751651597675e6,9.336725686872512,2.6378147470625263e7,9.108169182398655,5.489681314207548e6,3.0996453045602324e6,2.390036009647312e6
1.0e-5,3006.066878916305,7404.248341543146,3414.0642758981735,18415.446984776507,1.0e-5,10204.392777537822,1.0e-5,1.0e-5,16115.940674089465,1098.6664587046948,1.0e-5,1136.8323744435781,Sample 1066,4.112552531416709e9,4.615736739905197e9,5.017209175394967e9,1.3061290794680269e9,5.0318420848848855e8,8.734186390926276,7.741350096626034e6,8.836508217265283,2.6447705434584353e7,8.631864564587277,5.633031763182726e6,3.1769539517556415e6,2.4560778114270857e6
1.0e-5,2861.3040867707714,7261.642159681944,3698.6142718103392,18424.308761261338,1.0e-5,10698.810674973927,1.0e-5,1.0e-5,15978.722995435051,1097.3276236315883,1.0e-5,1305.9157215186212,Sample 1067,4.114056216331872e9,4.6158137123831e9,5.018139359605236e9,1.3064087904955013e9,5.017574960512278e8,9.097032437513128,7.427105609981567e6,9.228222964629278,2.663536630141668e7,8.965841910396978,5.634496471192188e6,3.1090642646111595e6,2.525432206581011e6
1.0e-5,3058.535343474446,7297.265766648826,3517.777920679831,18643.412661478098,1.0e-5,10491.496264796684,1.0e-5,1.0e-5,15958.45505119398,1087.8471776523193,1.0e-5,1237.9138222255647,Sample 1068,4.1136622526161046e9,4.615728947233538e9,5.017719678903161e9,1.3060481579566796e9,5.020666946174333e8,9.194872443352237,7.492575362850222e6,9.334062152614997,2.6570958656507492e7,9.055682734089476,5.642558121683335e6,3.1114393906997284e6,2.5311187309835935e6
1.0e-5,2972.084226076354,7250.493859217931,3615.878972950779,18595.5688803843,1.0e-5,10549.133398023581,1.0e-5,1.0e-5,15929.739775802385,1147.038361774921,1.0e-5,1250.5509784104352,Sample 1069,4.113599705741803e9,4.615714034653509e9,5.017703206758354e9,1.3060926731213968e9,5.021143289117056e8,9.147848691787447,7.581343725997434e6,9.230149201050198,2.649130855866629e7,9.06554818252468,5.723167546476719e6,3.2089676321150362e6,2.514199914361676e6
1.0e-5,3069.1708017372475,7259.040895924022,3531.4987684167345,18711.910930924347,1.0e-5,10419.511768002683,1.0e-5,1.0e-5,15919.956504563983,1147.1378179976869,1.0e-5,1220.1908096893849,Sample 1070,4.1133396095454946e9,4.615697507178217e9,5.017514892651785e9,1.3059926685798585e9,5.0235789763272196e8,9.229805432136109,7.516325897888271e6,9.313622714387732,2.6562222172292795e7,9.145988149884477,5.735134442768181e6,3.196950771383434e6,2.538183671384739e6
1.0e-5,3068.63671597086,7262.091676768871,3541.3938039075474,18690.75697875775,1.0e-5,10463.417967796404,1.0e-5,1.0e-5,15923.86005274113,1132.519149847573,1.0e-5,1220.1805348339892,Sample 1071,4.113388199919833e9,4.615679067127748e9,5.017454014083162e9,1.3058407611187441e9,5.0229086720791477e8,8.751288278113842,7.457153082530583e6,8.837390127032135,2.6619780082134582e7,8.665186429195547,5.713868082530194e6,3.167410717997335e6,2.5464573645328563e6
1.0e-5,3112.3933492897004,7332.92037561153,3447.645506164054,18681.68294953501,1.0e-5,10398.011738779347,1.0e-5,1.0e-5,15973.90786834201,1084.044242061698,1.0e-5,1190.3655447355582,Sample 1072,4.11335764374782e9,4.61568301299416e9,5.017441625126697e9,1.3058425935114138e9,5.023253692463396e8,9.072718643352237,7.504756048496624e6,9.214188864860322,2.6578487477337442e7,8.931248421844149,5.641149022613372e6,3.111503851204002e6,2.529645171409347e6
1.0e-5,3044.281018395774,7328.522467956995,3496.443090240564,18609.02658058645,1.0e-5,10427.035628231828,1.0e-5,1.0e-5,15991.578606859799,1086.791641800321,1.0e-5,1210.7451013777372,Sample 1073,4.113430756089154e9,4.61567595832384e9,5.01745348018608e9,1.3058002459591653e9,5.022452022346862e8,9.227717610565008,7.567015600211324e6,9.320563998445706,2.6517963853074595e7,9.134871222684312,5.636027484569264e6,3.1262569109650524e6,2.509770573604211e6
1.0e-5,3012.3980120945425,7281.267350764588,3546.8555827992127,18592.94889399361,1.0e-5,10393.532726978581,1.0e-5,1.0e-5,15975.504013277348,1144.4755421788695,1.0e-5,1197.4606227421289,Sample 1074,4.113175537921866e9,4.615673938496514e9,5.01731833021617e9,1.3057871840139592e9,5.0249840057464826e8,9.177682325120777,7.535561099160248e6,9.314434378827983,2.657260126422249e7,9.040930271413572,5.717167709918355e6,3.1951290980639663e6,2.5220386118543856e6
1.0e-5,3012.361407399012,7314.302021226344,3528.7390821180243,18577.348654764988,1.0e-5,10435.59718284383,1.0e-5,1.0e-5,15993.272545849748,1101.2185999515166,1.0e-5,1214.349503334156,Sample 1075,4.113396762462547e9,4.615673313126931e9,5.017427197834513e9,1.3057843200795474e9,5.022765506643843e8,8.742004817076246,7.476175449798945e6,8.833479093005675,2.6615285927098427e7,8.650530541146825,5.653233259545816e6,3.1270098310774085e6,2.526223428468403e6
1.0e-5,3039.5375378295457,7276.188280617005,3542.6454324343517,18644.541319731004,1.0e-5,10434.569222331744,1.0e-5,1.0e-5,15951.325050776572,1132.3196827353781,1.0e-5,1210.5009550107466,Sample 1076,4.113347303910574e9,4.615671151436873e9,5.017389115712559e9,1.30575977607767e9,5.023238475262995e8,9.237738542659107,7.493311547450537e6,9.326747540810755,2.6593340350626174e7,9.14872954450746,5.70606234560143e6,3.17190472210341e6,2.534157623498011e6
21239.81220607133,1.0e-5,1.0e-5,1.0e-5,41419.25161643977,1.0e-5,21061.309717572974,1.0e-5,1.0e-5,4264.720353112786,1.0e-5,1.0e-5,622.7611558397683,Sample 1077,3.986039770775505e9,4.78467580556346e9,5.3932317926854515e9,2.0157480090319362e9,7.986360347879556e8,12.909796461247634,4.927104680868181e7,12.865907572358754,3.2093861282718633e6,12.953685350136531,9.540860650992684e6,9.540860622536615e6,0.02845606999999999
16197.191958220577,1.0e-5,1.0e-5,1.0e-5,26734.212516480777,1.0e-5,21618.95519067923,1.0e-5,6460.207296544434,1991.8663422202067,1.0e-5,1.0e-5,6836.419814141475,Sample 1078,4.06758411220266e9,4.99803281536869e9,6.5348111898340645e9,4.004005452096778e9,9.304487031660297e8,32.67938624070573,4.230349270411667e7,12.30895301491284,1.562283228099488e7,53.04981946649866,7.496255993572999e6,7.496255961820689e6,0.03175230999999999
16715.13838426519,1.0e-5,1.0e-5,1.0e-5,33776.15248951858,1.0e-5,14705.881071034648,1.0e-5,1.0e-5,6994.122148033145,1.0e-5,1.0e-5,7833.591878069921,Sample 1079,3.968025247639902e9,4.811445961621843e9,5.652927009814033e9,2.52638281036632e9,8.434207139819415e8,19.732910659525313,4.6899781806987785e7,19.713861992858657,6.8715612365295235e6,19.751959326191997,9.316434799868144e6,9.316434767784428e6,0.032083715000000006
18564.542042616056,1.0e-5,1.0e-5,1.0e-5,28349.78097614559,1.0e-5,15492.912523048506,1.0e-5,1.0e-5,9738.308515507282,1.0e-5,1.0e-5,2480.9077005007844,Sample 1080,4.0231280740867405e9,4.679455927191715e9,5.157651096014942e9,1.6127181907514286e9,6.563278531049747e8,11.008523684940139,3.645705786758845e7,10.998652129384588,7.3174499570809975e6,11.018395240495696,7.441324568546472e6,7.441324540493868e6,0.0280526
7012.777685130265,1.0e-5,1.0e-5,11286.114950760304,25152.890568575705,1.0e-5,25955.655139647522,1.0e-5,9745.977581605744,1.0e-5,1.0e-5,1128.5018444958184,1.0e-5,Sample 1081,4.1237776679687815e9,4.738139892709178e9,5.262400944895496e9,1.662884329113034e9,6.143622247403967e8,10.881597222222224,3.017838194662707e7,10.305277777777773,1.1190509993711755e7,11.457916666666666,8.639384242474156e6,4.4453205836651325e6,4.194063658809032e6
6895.564285394052,1.0e-5,1.0e-5,11939.332270958392,31429.114444442715,1.0e-5,20047.58396311714,1.0e-5,6059.246154336328,90.24068687816292,1.0e-5,4508.432398890034,571.821097285897,Sample 1082,4.021150629627306e9,4.678040513364448e9,5.122347670263612e9,1.5455041975354707e9,6.568898837371413e8,10.2065710320941,2.4172992197431378e7,9.933207757571944,1.9986911896947544e7,10.479934306616261,1.6081644934697524e7,4.009126296290854e6,1.2072518638406627e7
10736.90055248094,1.0e-5,1.0e-5,10418.803533947053,30243.040977003253,1.0e-5,19722.427129125794,1.0e-5,1.0e-5,9123.344898418074,1.0e-5,1.0e-5,1.0e-5,Sample 1083,4.03465668509199e9,4.6572543112375555e9,5.098746838252037e9,1.5055826801745276e9,6.225976261455656e8,9.630555555555558,3.283510480863994e7,9.615555555555561,8.96905681127392e6,9.645555555555557,7.180121297239099e6,6.507352292938745e6,672769.004300358
8578.232852857376,1.0e-5,1.0e-5,6057.563156580783,17103.073023031768,1.0e-5,15838.408659645302,1.0e-5,13042.080981969317,1056.9245263185187,1.0e-5,1407.0344992353325,2454.016480809736,Sample 1084,4.1349323915399327e9,4.674121743804012e9,5.106754712064496e9,1.404455288785048e9,5.391893522640792e8,10.142709950472595,3.07801000389181e7,10.10436375219492,6.178231236728892e6,10.181056148750265,7.157461321883663e6,3.7508248917405372e6,3.4066364301431514e6
5867.021828316999,1.0e-5,1.0e-5,9759.231965265148,25319.2640552709,1.0e-5,15914.210090471584,1.0e-5,8178.566139391409,2836.933366715021,1.0e-5,1774.2691012503155,3655.6929385412463,Sample 1085,4.1028061143559566e9,4.647508196634702e9,5.072655567576513e9,1.3949968241623695e9,5.447020822787453e8,9.073489406973323,2.270667226750553e7,9.068038260995591,1.3248884895665301e7,9.078940552951064,8.588149066771392e6,3.4741509618855314e6,5.11399810488586e6
10554.337226479447,1.0e-5,1.0e-5,6286.944448383734,26572.093339144834,1.0e-5,12717.944237614707,1.0e-5,1.0e-5,13140.518441521477,1.0e-5,1.0e-5,198.33268344070282,Sample 1086,4.1192882476789217e9,4.639277186146561e9,5.066983089735116e9,1.3754007456447508e9,5.199889384676388e8,8.960317515227896,2.3691544146749493e7,8.9548795152279,1.083565072462082e7,8.965755515227896,5.148047089736403e6,4.851072522932865e6,296974.5668035411
6361.635048042105,1.0e-5,1.0e-5,9955.488983814479,24256.22023489898,1.0e-5,18980.348651129225,1.0e-5,1.0e-5,12255.614370581652,1.0e-5,1.0e-5,2265.4628793871307,Sample 1087,4.1219853182877765e9,4.637676791775379e9,5.081070542597818e9,1.40247897513248e9,5.1569147348760235e8,9.370782631968076,1.9332518360197403e7,9.412175869943294,1.4734541580870073e7,9.329389393992864,5.127254767675381e6,3.879045247633071e6,1.2482095200423012e6
8448.470101500023,1.0e-5,1.0e-5,7237.028972679687,23441.314780423872,1.0e-5,14388.886528201205,1.0e-5,1.0e-5,12677.253683620576,1.0e-5,1252.4327738903853,1783.7452726292495,Sample 1088,4.1045024588914804e9,4.626100789810704e9,5.040216833897014e9,1.3498304190918424e9,5.2159833091922355e8,9.323641119344677,1.920951106744157e7,9.320916897122459,1.562197141585961e7,9.326365341566902,7.045081278016395e6,3.9896099278589785e6,3.055471350157427e6
6008.1603878654605,1.0e-5,1.0e-5,11525.08566934296,30039.144154226004,1.0e-5,14985.289883621583,1.0e-5,1.0e-5,11385.229616832188,1.0e-5,1.0e-5,1508.0678941383867,Sample 1089,4.1039472473740788e9,4.631884177192249e9,5.051881759098435e9,1.3679320936305423e9,5.27936929818171e8,9.042678010228947,2.007978281921543e7,9.254867699054827,1.4522955562637601e7,8.83048832140307,5.606229606294441e6,4.0256305296367262e6,1.5805990766577078e6
7402.13163606483,1.0e-5,1.0e-5,9552.914871110455,26082.282513501388,1.0e-5,14004.064857207213,1.0e-5,1.0e-5,12762.796388620485,1.0e-5,1.0e-5,1451.2980056851118,Sample 1090,4.104252397370294e9,4.621940120306954e9,5.032234253680799e9,1.338275989684349e9,5.176877229366607e8,8.723501675845409,2.110117362111443e7,8.718904469481203,1.3204699550338782e7,8.728098882209622,5.215917303485159e6,4.304199814625389e6,911717.4888597671
6773.400110378342,1.0e-5,1.0e-5,8490.552530113133,22713.035734122746,1.0e-5,13359.30321858414,1.0e-5,1.0e-5,14073.378239364538,1.0e-5,1.0e-5,2468.554941468982,Sample 1091,4.119549588941505e9,4.621465856382371e9,5.038137709896489e9,1.3352599744691026e9,5.01916267440866e8,9.277763563180006,1.8311581949543215e7,9.448229261457678,1.5056975166327074e7,9.107297864902336,4.669790104940433e6,3.7789762729261564e6,890813.8320142643
5117.010249599183,1.0e-5,1.0e-5,10566.335049921654,24866.497608895505,1.0e-5,14515.11715185026,1.0e-5,1750.5911832417394,11113.179600240306,1.0e-5,805.971167738691,1781.0853591338328,Sample 1092,4.11732424060837e9,4.619648317554744e9,5.030575756873459e9,1.3241789555838041e9,5.023240769463739e8,9.112454847258983,1.6158585321663467e7,9.11063343642092,1.7063390190516427e7,9.114276258097043,6.069787450003631e6,3.1079621063146046e6,2.961825343689021e6
7192.930441494593,1.0e-5,1.0e-5,8645.588549381233,23329.74828262769,1.0e-5,12891.028273792686,1.0e-5,311.71926345628145,13546.140163527747,1.0e-5,539.6969443587798,1042.4895339184147,Sample 1093,4.113876326720287e9,4.618769661799782e9,5.027157422979343e9,1.3216688574386182e9,5.048933350794951e8,8.90179836559547,1.861800475849686e7,9.047468206805295,1.5107027816032086e7,8.756128524385636,5.534160404239514e6,3.766440112846434e6,1.7677202913930782e6
6324.666785704313,1.0e-5,1.0e-5,8758.834462865012,22124.6540522046,1.0e-5,12985.646899954456,1.0e-5,1088.822231812121,12723.612500648267,1.0e-5,1053.1131771636606,1828.064253837547,Sample 1094,4.1116802593620276e9,4.6176601163303e9,5.021998124040665e9,1.3146558723890011e9,5.0597985696827257e8,8.833159156374712,1.6890190100544322e7,8.832590045158582,1.698172191613298e7,8.833728267590846,6.258993324105447e6,3.3448959202342117e6,2.914097403871228e6
7488.765528290955,1.0e-5,1.0e-5,8034.392252880169,23615.38623939008,1.0e-5,11389.893610740619,1.0e-5,1.0e-5,14406.53451676119,1.0e-5,1.0e-5,1486.1870850140042,Sample 1095,4.116052868072242e9,4.618881175251268e9,5.027747719112291e9,1.3205613949010723e9,5.028283071790271e8,9.12302857483722,1.930592932017576e7,9.122181527158164,1.419593901505832e7,9.12387562251628,4.679146497860504e6,3.9806827883495516e6,698463.7095109426
6569.519184145242,1.0e-5,773.1738124370302,8400.95467707319,24107.903752709728,1.0e-5,12605.527935427863,1.0e-5,1.0e-5,13805.133986701712,1.0e-5,334.45380409965486,1434.3185792249863,Sample 1096,4.115766368972212e9,4.61668999402558e9,5.021216717512709e9,1.3099770720276256e9,5.009236250533682e8,8.650518661373662,1.7988027441837337e7,8.648111613694603,1.5329687524253419e7,8.652925709052719,5.242438183792892e6,3.693840858453464e6,1.5485973253394263e6
6753.339790100761,1.0e-5,818.8557534688474,7983.925097254429,22467.58518947231,1.0e-5,12960.59260291715,1.0e-5,1.0e-5,14353.31211851151,1.0e-5,153.3653151686003,1429.5030130264754,Sample 1097,4.1180563687680917e9,4.616686421772032e9,5.022682757015744e9,1.3106227234913652e9,4.9863005300394005e8,8.965960538122244,1.798460689982818e7,8.964999806343208,1.5355909297554605e7,8.966921269901286,4.807220776458784e6,3.6966975335473437e6,1.1105232429114156e6
5922.711194062409,1.0e-5,1314.0342270034712,8288.202056429309,23267.58786135891,1.0e-5,13437.507961262429,1.0e-5,1.0e-5,13752.93410654138,1.0e-5,559.4167263079075,1630.072724453525,Sample 1098,4.1171370131606874e9,4.616479166025525e9,5.021569695466927e9,1.3095232117476401e9,4.993421528648375e8,8.879241197101448,1.6615368036522495e7,9.02491103831128,1.6644392495109027e7,8.733571355891623,5.505106868193026e6,3.4159491446141554e6,2.0891577235788768e6
6524.586923576127,1.0e-5,1007.4413430926558,7921.643503899206,22779.218321916524,1.0e-5,12673.879119101572,1.0e-5,1.0e-5,14093.752862995385,1.0e-5,540.2256988871043,1426.248824337813,Sample 1099,4.115546504547597e9,4.615962866099041e9,5.0191720423323965e9,1.3068347140181553e9,5.004163615514438e8,8.670470573198909,1.724472328965155e7,8.669157174753204,1.619784622834609e7,8.671783971644613,5.422718553025371e6,3.554779740042269e6,1.8679388129831017e6
6293.236555569298,1.0e-5,1209.2526857833002,8121.394641737789,23418.57908049218,1.0e-5,12862.68943169115,1.0e-5,1.0e-5,13915.934791149428,1.0e-5,504.4499017219513,1303.1364899494477,Sample 1100,4.116489283246758e9,4.615872071715156e9,5.019643363977386e9,1.306925372992859e9,4.993827884683972e8,8.945611585885318,1.7166111492421713e7,8.99197587153959,1.6131929225082748e7,8.899247300231044,5.407094347375143e6,3.52706831805476e6,1.8800260293203725e6
6204.558879414926,1.0e-5,1189.2544305430094,8147.467861815242,23269.79707780542,1.0e-5,12916.585377162506,1.0e-5,1.0e-5,14030.235202360796,1.0e-5,313.58315601686957,1571.373363598631,Sample 1101,4.1178998799188724e9,4.615868515590724e9,5.02031393277691e9,1.3068594700442243e9,4.9796863567185146e8,8.96762014244907,1.7217597653359313e7,8.96596109477001,1.5960857330067735e7,8.969279190128132,5.1013479862393495e6,3.539346846589247e6,1.5620011396501104e6
6323.5638721408595,1.0e-5,1159.5680672771787,8093.128951551604,23130.47195328126,1.0e-5,12846.761608027773,1.0e-5,1.0e-5,14060.04677065782,1.0e-5,380.30536926800676,1426.969594885435,Sample 1102,4.1169708059059625e9,4.615721486519525e9,5.019294899596067e9,1.3058975067666476e9,4.9875068061356235e8,8.631164064440245,1.7310975778360542e7,8.629526350094517,1.5964197752314663e7,8.632801778785971,5.195360738629803e6,3.558348957435942e6,1.6370117811938666e6
6358.349464170398,1.0e-5,1251.053599210561,7903.181492762235,23010.980806785934,1.0e-5,12758.38829124766,1.0e-5,1.0e-5,14006.046633164882,1.0e-5,601.8389007772431,1295.240219192608,Sample 1103,4.1158276690257015e9,4.61573699136003e9,5.018889852338709e9,1.3062150442916842e9,4.999093223343289e8,9.02760991888259,1.704019125067326e7,9.0259935378702,1.6348955221249111e7,9.029226299894983,5.520064416617867e6,3.507874938061292e6,2.0121894785565755e6
6385.485319739025,1.0e-5,1162.8999665618096,7977.269190865399,23038.176934866606,1.0e-5,12710.665735342718,1.0e-5,1.0e-5,14056.512762069047,1.0e-5,503.4683502101757,1352.6892872108795,Sample 1104,4.1162056078849382e9,4.615685522692036e9,5.018861822017119e9,1.3058325134572666e9,4.9947991480709714e8,8.987060545977736,1.7165276948874563e7,9.034055276076455,1.6184358322426891e7,8.940065815879018,5.372057083551245e6,3.5326278670567903e6,1.8394292164944548e6
6393.038975449907,1.0e-5,1164.0482647648798,8010.468210946219,23122.14855985764,1.0e-5,12717.850398621053,1.0e-5,1.0e-5,14052.787483120008,1.0e-5,468.5277801102638,1327.9383266496936,Sample 1105,4.116308649332612e9,4.615681467706356e9,5.018910650310099e9,1.3058311835812275e9,4.993728183737442e8,9.017489581684522,1.7268861733577378e7,9.015873200672132,1.6066142260469299e7,9.01910596269692,5.3263277298214035e6,3.552150425677566e6,1.7741773041438444e6
6358.885913575723,1.0e-5,1199.259351634533,7978.516920582032,23070.967418099746,1.0e-5,12741.96781176967,1.0e-5,1.0e-5,14029.994018388892,1.0e-5,524.68956151679,1335.1840764884785,Sample 1106,4.116118238373088e9,4.615673885689327e9,5.018784199893178e9,1.3057762757239397e9,4.9955564731623936e8,8.641523217895402,1.712140252801077e7,8.639906836883009,1.6231584003394123e7,8.643139598907796,5.40793880329591e6,3.5229322769741374e6,1.8850065263217723e6
6337.509870924225,1.0e-5,1183.9540091863375,8020.964302530623,23122.397332639044,1.0e-5,12753.595308871418,1.0e-5,1.0e-5,14035.914420857907,1.0e-5,476.2430795321724,1377.1101503806792,Sample 1107,4.1164635614644156e9,4.615673203094968e9,5.018950296131792e9,1.3057638277042e9,4.9920964163055205e8,9.032565376097459,1.7169403243199304e7,9.030948995085065,1.6146686991232071e7,9.034181757109852,5.337200034517842e6,3.5317808379972363e6,1.8054191965205935e6
1.0e-5,1.0e-5,1922.1267591996063,18828.035680225457,48714.05845094543,1.0e-5,28739.808310590866,1.0e-5,1.0e-5,1.0e-5,1.0e-5,246.85504566150544,6230.028590960285,Sample 1108,3.9182575975472913e9,4.876636086817299e9,5.629050192483721e9,2.463206700602852e9,9.583784892700081e8,14.904747369250165,1.2519728583571544e7,13.890776649863481,4.953226738102949e7,15.918718088636846,1.2018751424185932e7,2.02106307257681e6,9.99768835160912e6
1.0e-5,1.0e-5,2494.904858827804,11899.298073509402,32113.98594521184,1.0e-5,28408.13746905804,1.0e-5,1.0e-5,2132.812212072749,1.0e-5,7708.059307909225,5419.835496341088,Sample 1109,4.032406486000637e9,4.809810143977003e9,5.463373756027273e9,2.0845308820769067e9,7.774036579763656e8,13.298748139256464,5.829409124424262e6,14.105375817265285,4.476586246829487e7,12.492120461247639,2.3266582317228466e7,820211.9404009847,2.244637037682751e7
1.0e-5,1.0e-5,4625.4612955693865,14274.929346357343,45088.83307007427,1.0e-5,22513.952699926966,1.0e-5,1.0e-5,764.6712108072521,1.0e-5,5617.68356692781,1044.889247306886,Sample 1110,3.928378954055593e9,4.740850400863944e9,5.279301309923356e9,1.889373264927175e9,8.124714468083513e8,11.635291320730943,1.7093930716734424e6,11.450020155009451,5.218354980851215e7,11.820562486452435,2.0400867125843614e7,231943.82633428418,2.016892329950933e7
1.0e-5,1.0e-5,2425.9399495705916,17608.264107982584,31841.37501498474,1.0e-5,25632.15071508265,1.0e-5,1663.941136015304,5266.11234514919,1.0e-5,648.2286187915405,3192.814856458463,Sample 1111,4.019965982370246e9,4.706216902214462e9,5.216807986044102e9,1.7074330875034952e9,6.862509198442163e8,10.821845482461669,5.521959190671686e6,11.402823743331236,3.9686824330084845e7,10.240867221592108,9.075374389575781e6,804680.1623525275,8.270694227223246e6
1.0e-5,1.0e-5,6548.96836399656,11372.745173501111,31488.928751663705,1.0e-5,20525.57490338953,1.0e-5,1.0e-5,6456.85278882453,1.0e-5,4484.144233047292,1529.66893863762,Sample 1112,4.0098064741968565e9,4.66029241202821e9,5.102836278502286e9,1.5355736707795072e9,6.504859378313528e8,10.167292391934469,2.524394654785186e6,10.150927920184838,4.0757876884058565e7,10.183656863684101,1.527274764345149e7,543503.8997647065,1.47292437436868e7
1.0e-5,1.0e-5,6773.991267235368,6528.10027900895,20448.7057075791,1.0e-5,23860.39663759702,1.0e-5,1.0e-5,11936.84875534216,1.0e-5,2671.582650353611,1391.0943817965235,Sample 1113,4.1473880957075753e9,4.730792012361044e9,5.358126833637408e9,1.8380735592061977e9,5.834039166534687e8,13.316798503255619,6.615608111759029e6,13.310409614366735,3.15313020737923e7,13.323187392144511,8.845041337983489e6,1.04967223422877e6,7.795369103754726e6
1.0e-5,7892.768175355828,5325.095882577125,3921.398106799537,29748.960484019208,1.0e-5,21998.677508991805,1.0e-5,1.0e-5,9770.559107044073,1.0e-5,1.0e-5,2072.1885760561768,Sample 1114,4.1353319648940806e9,4.684170959886455e9,5.187189992332643e9,1.5548770598847501e9,5.488389949923741e8,9.896344930371768,2.7675789896480795e6,9.894617019659735,3.2832714994181123e7,9.898072841083806,5.839173379932071e6,501042.0987010603,5.3381312812310085e6
1.0e-5,1.0e-5,1.0e-5,17154.001619352493,30370.536886396283,1.0e-5,17249.087447614846,1.0e-5,6288.879117723256,5247.205120159953,1.0e-5,388.54134668413167,1.0e-5,Sample 1115,4.1228610000523434e9,4.661183298063581e9,5.118116589625249e9,1.4521888811345735e9,5.383222980112376e8,9.38569444444445,3.882518173955571e6,9.975833333333338,3.1174372781786032e7,8.79555555555556,5.957930842779965e6,0.03039617999999999,5.957930812383782e6
1.0e-5,308.98655294210363,1.0e-5,14394.609439672966,25876.54893393742,1.0e-5,16796.467020791897,1.0e-5,5669.984645974271,6300.1406168245385,1.0e-5,1353.3428201026422,3032.1669744651185,Sample 1116,4.133553797321677e9,4.644007563685911e9,5.085761239056864e9,1.3939611171061409e9,5.1045376636423373e8,9.663413566561651,3.4559626490700813e6,9.87362018428902,2.9799422617168188e7,9.453206948834286,6.905322560923228e6,0.030454304999999994,6.905322530468915e6
2422.158317722716,1.0e-5,1.0e-5,12866.685600934372,29680.47905516037,1.0e-5,15211.027094015528,1.0e-5,5091.670859899953,4878.52309123277,1.0e-5,3905.3051633905416,1.0e-5,Sample 1117,4.109956083529166e9,4.647737393791472e9,5.088631548513233e9,1.4195696197058284e9,5.377813102623062e8,9.365833333333338,1.0739667037599538e7,9.353888888888891,2.4595452268059734e7,9.377777777777782,1.1294065134143975e7,1.5045902378967195e6,9.789474896247258e6
2557.4210641192703,1.0e-5,1.0e-5,13268.95925798713,21986.8370086143,1.0e-5,18177.72113309283,1.0e-5,4338.494596076999,9210.87193959555,1.0e-5,1.0e-5,1885.2471267828118,Sample 1118,4.124294581739087e9,4.634621303867703e9,5.071480651404412e9,1.3840454172020342e9,5.1032672212861645e8,9.42221071272842,1.220262552076154e7,9.494685984415039,2.176653832320863e7,9.349735441041798,4.789659302873764e6,1.9408672169233118e6,2.8487920859504426e6
4360.115079835959,1.0e-5,1.0e-5,12151.568236527195,27391.246752419487,1.0e-5,16446.30179636731,1.0e-5,1892.9949592911682,9551.429555262297,1.0e-5,1012.7621763806535,1727.6444885269393,Sample 1119,4.112674779153461e9,4.62874929174064e9,5.046377140554937e9,1.3513302102157753e9,5.1607451258717847e8,9.102375394706998,1.5383837302522222e7,9.26763546002941,1.8538127405923083e7,8.937115329384586,6.827853835210414e6,2.899281525867031e6,3.928572309343383e6
1949.5184941167631,1.0e-5,1.0e-5,13571.023268290772,24407.087238757704,1.0e-5,15478.949783155927,1.0e-5,5523.517230864356,7318.15331924227,1.0e-5,1151.8849736001396,1521.8059585559818,Sample 1120,4.115744483855564e9,4.622437072883691e9,5.040189837763694e9,1.3421981187881317e9,5.06692589028127e8,9.22495011440874,1.0269535625731705e7,9.221231991850454,2.3249052173392747e7,9.228668236967026,6.505527661708069e6,1.4293429608358848e6,5.07618470087218e6
1093.2206795214504,1.0e-5,1.0e-5,15678.482264825532,29304.741810671247,1.0e-5,12013.897735256807,1.0e-5,6250.7140823542295,6099.00804383889,1.0e-5,991.6124704300403,426.91134255539595,Sample 1121,4.100795192068979e9,4.633556884642992e9,5.048534881341073e9,1.3627176859701743e9,5.327616925740136e8,8.841698314597778,7.955977672676477e6,8.833670259987402,2.7128964631383017e7,8.849726369208154,6.858501389264954e6,905768.7162222465,5.952732673042705e6
903.2981326533603,1.0e-5,6070.890207078892,7561.249310420203,25204.44435999222,1.0e-5,13027.10397388006,1.0e-5,1.0e-5,12177.50077416716,1.0e-5,2952.249654958686,1694.9196821092742,Sample 1122,4.106771335317661e9,4.623250617385131e9,5.027077637601812e9,1.3241333225008345e9,5.164792820674703e8,8.88713937030036,5.996914251306934e6,8.937876011552202,2.819402958478189e7,8.836402729048526,9.302080703051373e6,1.2936099448042114e6,8.00847075824717e6
3483.8201883916063,1.0e-5,5038.122330270212,8413.84118905951,24528.363918234107,1.0e-5,15637.527356688252,1.0e-5,1.0e-5,12755.77892471302,1.0e-5,1173.25615408453,1.0e-5,Sample 1123,4.1053249627432647e9,4.623166174438562e9,5.035396534344896e9,1.3423019315079646e9,5.178412116952976e8,8.80736111111111,1.3926910861975444e7,8.801250000000001,2.0686284952190276e7,8.813472222222222,6.77290985521997e6,2.80335266617477e6,3.9695571890452e6
3420.5109129741813,1.0e-5,4226.457951312913,8607.780553197768,24612.400655612568,1.0e-5,15325.917873764303,1.0e-5,1.0e-5,12801.686143676092,1.0e-5,706.0595496388104,1702.097988994256,Sample 1124,4.1089170804348164e9,4.619004201207021e9,5.028749111980183e9,1.3295769423185296e9,5.1008712077220404e8,8.768497101197228,1.2701957782977084e7,8.764697073892041,2.1099704852496028e7,8.772297128502421,6.037703233284877e6,2.5915152071079873e6,3.4461880261768806e6
1.0e-5,1.0e-5,8441.012905158179,6107.137870157814,21407.83925692671,1.0e-5,13954.74262427574,1.0e-5,1.0e-5,13623.178524075547,1.0e-5,2546.362926359459,897.850735467482,Sample 1125,4.110065007247194e9,4.623258399011763e9,5.030144321585297e9,1.3269652369116373e9,5.131933917645692e8,8.946806128124345,5.679304408078133e6,8.97635427515228,2.8808542851760417e7,8.91725798109641,8.175166350987889e6,1.245259147279656e6,6.929907203708252e6
1376.2188227556126,1.0e-5,6365.9580496394055,8026.020747652326,25424.939014970532,1.0e-5,13588.816306760888,1.0e-5,1.0e-5,13092.218129670422,1.0e-5,1377.472877880154,636.9406691358147,Sample 1126,4.113624753725476e9,4.618890648872941e9,5.025935068114538e9,1.319354733630659e9,5.052658951474648e8,8.707552962612905,7.476196635879902e6,8.70346426864105,2.5990725853782896e7,8.711641656584757,6.767805453467839e6,1.5479485116620932e6,5.219856941805749e6
1079.597203606149,1.0e-5,6495.0923690291565,7168.005172021306,23241.012409156967,1.0e-5,13719.64807915312,1.0e-5,1.0e-5,13289.370090666103,1.0e-5,1954.1873837804103,1508.2541474147476,Sample 1127,4.1142267516700754e9,4.617859001992981e9,5.022301970497217e9,1.3125181873313768e9,5.0363225032290596e8,8.88415573610586,6.8737119206870925e6,8.88546073799622,2.6624597045078013e7,8.882850734215502,7.434640820864619e6,1.46459419083636e6,5.97004663002826e6
2696.6817008285648,1.0e-5,4457.69406412541,8314.908473132577,25136.475472187063,1.0e-5,13896.674340255944,1.0e-5,1.0e-5,12836.010141339839,1.0e-5,1485.414582159315,1273.997061270975,Sample 1128,4.1157791070795655e9,4.617640274388626e9,5.023274337427744e9,1.3131292933872962e9,5.018611673090606e8,8.994009482440665,1.0186984998687837e7,9.13925041638312,2.301599446038447e7,8.848768548498219,6.959103963024299e6,2.0930128313457211e6,4.866091131678582e6
2535.4401944095816,1.0e-5,4919.932700993147,8096.097333998531,24044.610945333505,1.0e-5,14322.93186260807,1.0e-5,1.0e-5,13309.640417131428,1.0e-5,1145.229236987485,1178.1847800712271,Sample 1129,4.1175082306123543e9,4.616543429590604e9,5.021723093068635e9,1.3093945259343107e9,4.990351989782496e8,8.815529564104178,1.0133299526579171e7,8.81386872026885,2.300015962162652e7,8.817190407939508,6.335440281280651e6,2.0796774409911516e6,4.255762840289503e6
2222.903416038747,1.0e-5,4854.008190633716,8338.873693881902,24072.28320718362,1.0e-5,14157.13899446094,1.0e-5,1.0e-5,13580.658664122804,1.0e-5,641.8357929128414,1750.3055751038655,Sample 1130,4.120022077321702e9,4.616678710125957e9,5.023190318151115e9,1.3096798488545716e9,4.9665663280425495e8,8.786096108002525,9.69722854637957e6,8.785815499726953,2.317475277940387e7,8.786376716278097,5.577198046038577e6,1.9984901471021904e6,3.5787078989363913e6
2015.5022600001087,1.0e-5,5254.945003129033,7723.926831771352,23679.89737673353,1.0e-5,13828.155869183767,1.0e-5,1.0e-5,13363.540478140158,1.0e-5,1470.3801155015567,1529.0230026364507,Sample 1131,4.117942417799732e9,4.616161060437599e9,5.020693142361487e9,1.3072828064856427e9,4.9821864263786745e8,9.029368154988452,8.80114997727207e6,9.125228644486453,2.4262602441110037e7,8.933507665490447,6.729235079951137e6,1.828129016340002e6,4.901106063611139e6
2432.0237769177397,1.0e-5,4885.888274448705,7925.2881431012,23452.99207710266,1.0e-5,14098.685184102085,1.0e-5,1.0e-5,13395.020995927622,1.0e-5,1320.2422003715408,1467.4214083859388,Sample 1132,4.1165140628205676e9,4.616037887812448e9,5.020428957189079e9,1.3083059637451441e9,4.995238249918797e8,8.711515174648186,9.822598227132585e6,8.760847886368413,2.3380237019381277e7,8.66218246292796,6.552475113590702e6,2.031187013953984e6,4.521288099636723e6
1679.9894400967391,1.0e-5,5726.6907536407625,7709.993806749388,23418.47042615906,1.0e-5,13834.805536064741,1.0e-5,1.0e-5,13651.006812934187,1.0e-5,1208.110602912974,1398.5388231728125,Sample 1133,4.118578803696989e9,4.615981725919994e9,5.020635059017576e9,1.3067095884181697e9,4.9740292222300506e8,8.741327190086118,8.32248091621743e6,8.740388636420922,2.4723161820720494e7,8.742265743751318,6.2937444785713805e6,1.735507506889457e6,4.558236971681907e6
2099.5471774896096,1.0e-5,5302.401614212692,7780.8119610835765,23590.10461387218,1.0e-5,13870.463385970786,1.0e-5,1.0e-5,13489.246220873458,1.0e-5,1320.8643477209177,1332.5479735736974,Sample 1134,4.1178310954846473e9,4.615771405127076e9,5.019909996899664e9,1.3062174931876047e9,4.979403096424291e8,8.802916913568579,9.105135281789795e6,8.852249625288806,2.397842185859141e7,8.753584201848353,6.499527477957949e6,1.886953557836471e6,4.612573920121471e6
2186.346626624971,1.0e-5,5212.495599733262,7703.633003153689,23431.04900034053,1.0e-5,13924.582629277695,1.0e-5,1.0e-5,13462.451933680186,1.0e-5,1398.9979942575326,1393.3672937475571,Sample 1135,4.1177216214359374e9,4.615722673421486e9,5.019736144090515e9,1.3060279933236058e9,4.9800105198554814e8,8.730233322285237,9.19214775806729e6,8.72889348737661,2.391021976035554e7,8.731573157193873,6.609654135358988e6,1.902925822147073e6,4.706728313211912e6
2205.671447456121,1.0e-5,5162.606200972621,7861.306063896947,23682.244889705435,1.0e-5,13926.02409257166,1.0e-5,1.0e-5,13502.727241984472,1.0e-5,1205.4463241868052,1373.5723350707792,Sample 1136,4.118457229331563e9,4.615712012851476e9,5.02008442413476e9,1.3059996060864801e9,4.972547835199124e8,9.002071776034452,9.438786255174533e6,9.097793376643569,2.357880620965605e7,8.906350175425336,6.338359522300724e6,1.9488574497885506e6,4.3895020725121675e6
2000.2873014544098,1.0e-5,5419.064068353677,7727.9033553705785,23542.39172844349,1.0e-5,13844.15108920373,1.0e-5,1.0e-5,13544.029063586768,1.0e-5,1288.6875581684187,1344.6325631818268,Sample 1137,4.1183044298548536e9,4.615710685156981e9,5.020033764011288e9,1.3060524130107396e9,4.974062553021275e8,8.832724003717704,8.929483894568479e6,8.831362270993493,2.4116227748779066e7,8.834085736441926,6.432793085357944e6,1.851658558945895e6,4.5811345264120605e6
2080.9832752098446,1.0e-5,5304.104484936302,7784.440157108473,23614.807296271116,1.0e-5,13840.7034066255,1.0e-5,1.0e-5,13510.930460827782,1.0e-5,1282.0023803562585,1367.0700995141883,Sample 1138,4.118116487842173e9,4.615684074415476e9,5.019833912772291e9,1.3058672632869349e9,4.9756758657330304e8,8.709282580529301,9.108757741452808e6,8.733268070027304,2.3939564005890604e7,8.685297091031297,6.438439200598162e6,1.8857449383315027e6,4.5526942622666545e6
2110.7152583814845,1.0e-5,5277.405283773789,7757.84304443521,23533.221008016844,1.0e-5,13879.194925214517,1.0e-5,1.0e-5,13513.695743850396,1.0e-5,1297.2109844520821,1384.1970629949121,Sample 1139,4.118198659876298e9,4.615675128502905e9,5.01983303735965e9,1.305792286340096e9,4.974764686266074e8,8.743510941335852,9.269225507107144e6,8.74214920861164,2.3780874950178906e7,8.744872674060074,6.455505208970971e6,1.9205032891674098e6,4.535001919803551e6
2170.9339659405064,1.0e-5,5223.346965255211,7761.161234511042,23523.5156426409,1.0e-5,13897.156636147427,1.0e-5,1.0e-5,13490.569657709013,1.0e-5,1325.0662917925254,1368.529948559145,Sample 1140,4.1179723427906923e9,4.615684716871629e9,5.019760070615348e9,1.3058630815683742e9,4.977123740809364e8,9.027911713442553,9.263645085217334e6,9.14911942516278,2.380860050051006e7,8.906704001722327,6.502366329563843e6,1.9179986062717293e6,4.5843677232920965e6
2117.990133894842,1.0e-5,5272.773791360359,7748.87614945033,23530.09423870361,1.0e-5,13877.013883396816,1.0e-5,1.0e-5,13508.556063670938,1.0e-5,1309.1570714513084,1381.6080087449493,Sample 1141,4.1181924272003117e9,4.615674773159779e9,5.019830453085966e9,1.3057937058118417e9,4.97482345959467e8,9.044863526549044,9.148468411732305e6,9.140724016047047,2.3902962258258507e7,8.94900303705104,6.472455379731989e6,1.8960682945205257e6,4.576387085211453e6
2106.278593992955,1.0e-5,5287.510873162406,7756.650409480855,23545.77776700171,1.0e-5,13867.277567392239,1.0e-5,1.0e-5,13510.98776737608,1.0e-5,1303.8648802762846,1371.3745389396834,Sample 1142,4.1181370976206656e9,4.615672121947354e9,5.019788786468334e9,1.3057683533686485e9,4.9753502432668877e8,8.826048170993486,9.127315404039782e6,8.850033660491492,2.3927317062761113e7,8.802062681495483,6.4659091163888015e6,1.8926260645513155e6,4.573283051837494e6
2106.4216066421995,1.0e-5,5286.370307719866,7754.786156397959,23545.685748885466,1.0e-5,13867.500478122849,1.0e-5,1.0e-5,13510.8618033728,1.0e-5,1303.8497633223092,1374.367577964801,Sample 1143,4.1181625698572025e9,4.615672030257689e9,5.019801452817839e9,1.3057683055207865e9,4.975094604004866e8,8.8476491984247,9.12188697754656e6,8.846287465700481,2.393044015528201e7,8.84901093114892,6.46548255305191e6,1.8906195133007965e6,4.574863039751122e6
2107.128379621538,1.0e-5,5284.707009198862,7757.397633316354,23545.373004833473,1.0e-5,13867.272467379142,1.0e-5,1.0e-5,13511.097740559999,1.0e-5,1302.9546146230768,1374.4231104068313,Sample 1144,4.1181457662123504e9,4.615670353356358e9,5.019783802185379e9,1.3057514848020506e9,4.975245871440068e8,8.758991636721952,9.1131645327607e6,8.787676200294056,2.3940398062761642e7,8.730307073149852,6.464599569620983e6,1.8895707589755761e6,4.575028810645396e6
1.0e-5,1.0e-5,18026.689812138848,1.0e-5,38726.46321992613,1.0e-5,1.0e-5,15265.871580175832,7416.791171271262,1.0e-5,1.0e-5,2102.354597115714,1.0e-5,Sample 1145,4.0286830852837176e9,4.769319499489222e9,5.422036675333784e9,2.0460707658946292e9,7.406364142055042e8,15.28513888888888,3.985476943745562e7,11.129583333333333,8.520878846569506e6,19.440694444444443,1.181250766954764e7,6.9059928305436745e6,4.906514839003999e6
1.0e-5,1.0e-5,15782.002394585534,2913.5735300480387,30032.12348856518,1.0e-5,1.0e-5,6995.339102325446,12867.425719329629,1.0e-5,1.0e-5,1.0e-5,1.0e-5,Sample 1146,4.0032793486389523e9,4.701322758568312e9,5.200790507883488e9,1.696978908559712e9,6.980434099293596e8,11.324513888888887,4.005077167579544e7,10.249999999999998,6.641172853753822e6,12.399027777777778,7.404472529548371e6,6.158825863281209e6,1.2456466662671592e6
1.0e-5,1.0e-5,15833.681762413384,1.0e-5,28273.239732779723,1.0e-5,1.0e-5,14113.848703696043,10241.73665812734,2754.3758736317823,1.0e-5,1.0e-5,1.0e-5,Sample 1147,4.105112375207688e9,4.689660614496559e9,5.239650998003852e9,1.6845290063034575e9,5.845482392888709e8,11.474097222222225,3.5664894471615255e7,10.79694444444445,2.3023702854923545e6,12.151250000000005,5.557825591956939e6,5.557825560492683e6,0.03146425499999998
1.0e-5,1.0e-5,16139.021356406347,1.0e-5,30623.607031418633,1.0e-5,2647.8639430792227,6944.128950110283,9428.800295661364,1326.4022142178494,1.0e-5,3024.5598636203113,1.0e-5,Sample 1148,4.018646398207767e9,4.661688551099554e9,5.131871881239061e9,1.5834088131708014e9,6.430421528917869e8,10.47847222222222,3.3218654421397086e7,10.449305555555553,9.433029520271566e6,10.50763888888889,1.183980758783976e7,5.279322716146859e6,6.560484871692941e6
1.0e-5,1.0e-5,14461.480200382566,1.0e-5,26046.807422222337,1.0e-5,6548.798434665034,7728.019489881912,10396.227107532095,1.0e-5,1.0e-5,3414.505954777019,3485.3915415305,Sample 1149,4.064180145661357e9,4.671532834661945e9,5.137089282221732e9,1.5384655841201627e9,6.073526890005883e8,11.067743329762658,3.0105080988857463e7,10.917028012602398,9.959872486598613e6,11.218458646922919,1.2166836823824687e7,4.516362102230922e6,7.650474721593805e6
1.0e-5,1.0e-5,16365.815533614837,1.0e-5,21787.419603246108,1.0e-5,7460.540516557287,1740.0966215902592,12860.071125012351,967.8656057483281,1.0e-5,2584.7842397803747,48.94062694134874,Sample 1150,4.0532662760065446e9,4.648983119108862e9,5.089462650739458e9,1.4766759063635106e9,5.957168431023173e8,9.725703882167611,3.285694017253338e7,9.69593742028986,7.460341010453004e6,9.75547034404537,9.697971590614147e6,4.353362191908873e6,5.344609398705296e6
2747.057447114278,2887.6390405616658,11199.941052754471,1.0e-5,22650.635438616882,1.0e-5,10381.698213367654,5162.811970255161,13705.517318025872,1.0e-5,1.0e-5,109.0162313008498,1.0e-5,Sample 1151,4.122262195169091e9,4.66506661195828e9,5.127432374138776e9,1.4675359411501813e9,5.428044167891886e8,10.036388888888894,2.6040527736191273e7,9.434305555555557,1.038980939156834e7,10.638472222222227,5.348505413317417e6,3.1558910183671126e6,2.192614394950309e6
1.0e-5,1.0e-5,15078.881642427408,1.0e-5,22833.93044541033,1.0e-5,13983.308033532398,1.0e-5,11681.743686610651,1924.4361184573202,1.0e-5,1729.723804275698,328.24579382940374,Sample 1152,4.110672602897203e9,4.637551730370029e9,5.077389649472919e9,1.4065549656786065e9,5.268791274728262e8,9.854194472169711,3.0028429184387814e7,9.550166694391935,5.116518366239008e6,10.158222249947492,7.248062846349482e6,4.086005467863296e6,3.162057378486186e6
46.53325615198895,3480.5739230587237,11923.854411272556,1.0e-5,23395.03430623039,1.0e-5,10519.156283619637,1.0e-5,14274.753298786,609.1682875831145,1.0e-5,1.0e-5,892.3598430688307,Sample 1153,4.1187797995948668e9,4.638180109192744e9,5.075174386189757e9,1.3933888635919034e9,5.1940030959787756e8,9.692546199957997,2.1566433464264877e7,9.338513100147031,1.3052173522661654e7,10.046579299768963,4.76788419628687e6,2.217134411120302e6,2.5507497851665476e6
2748.3184889134277,202.3250385771972,13117.21242122295,1.0e-5,27863.912303841727,1.0e-5,13835.753375109209,1.0e-5,9106.573089670912,2353.4056177023535,1.0e-5,1943.458327518923,854.0034039196996,Sample 1154,4.100598615811746e9,4.636039819354465e9,5.063215766855727e9,1.3897930985452437e9,5.354412035427185e8,9.432278039193454,2.8282103858670305e7,9.415969483637895,7.01216946219788e6,9.44858659474901,8.413960404023223e6,4.430704107287118e6,3.9832562967361314e6
1048.3588962953866,1.0e-5,13017.125784977352,1.0e-5,16417.402903889597,1.0e-5,8031.376697404732,1.0e-5,14106.111792973443,4022.2920390441013,1.0e-5,1.0e-5,1.0e-5,Sample 1155,4.110466505130822e9,4.639859520612814e9,5.070460995370914e9,1.3905959649981916e9,5.29393015481992e8,9.498194444444447,3.40984478071583e7,9.498194444444447,2.2297271119692544e6,9.498194444444447,4.0271732282469035e6,4.0271731999452086e6,0.028301689999999966
3500.352999882046,1.0e-5,11337.073989007338,1.0e-5,20101.022601405868,1.0e-5,9428.242152391378,1.0e-5,11892.270684425952,3336.1614968139,1.0e-5,1742.0326755427218,1.0e-5,Sample 1156,4.1001589659265018e9,4.629995411428184e9,5.044424117731296e9,1.358693858107907e9,5.298364455016818e8,9.084444444444445,2.954781642058894e7,9.084444444444445,6.403632349573796e6,9.084444444444445,7.1488900758490525e6,3.8230545971833435e6,3.325835478665718e6
1.0e-5,1.0e-5,13836.971272333936,1.0e-5,20104.21349762646,1.0e-5,9275.990086221933,1.0e-5,9442.498738760643,6860.695958509,1.0e-5,278.7715558914526,1824.9078016964872,Sample 1157,4.1142993500330667e9,4.631856804117473e9,5.055084370717535e9,1.3640125872845316e9,5.175574540844058e8,9.621791986557449,2.86259980784146e7,9.621791986557449,6.145117231026418e6,9.621791986557449,4.688141255703558e6,4.1886527101244014e6,499488.5455791609
2653.2258926519553,1.0e-5,11896.920046678539,1.0e-5,19754.0615896739,1.0e-5,13162.924376310484,1.0e-5,9108.443908167765,5236.688886938961,1.0e-5,1450.533684879967,1954.4803583793387,Sample 1158,4.109558974983901e9,4.629306890907013e9,5.045962622330592e9,1.3530593787702708e9,5.1974791592311174e8,8.969221589203952,2.736470379887405e7,8.969114922537285,7.676619505299226e6,8.969328255870622,6.785077193153143e6,3.9607616071332614e6,2.82431558601989e6
1493.923783861063,1.0e-5,12860.263978117206,1.0e-5,22592.535267165626,1.0e-5,10393.622187480652,1.0e-5,4577.554479461073,9686.930973749651,1.0e-5,1909.7114897255906,1156.3470320889414,Sample 1159,4.109475898915225e9,4.622458292352039e9,5.02812323480675e9,1.3243122783462353e9,5.1298239343681455e8,8.683995828481413,2.0349883622219417e7,8.683910495148082,1.393958346072285e7,8.684081161814747,7.335942252905824e6,3.7868608586329664e6,3.5490813942728466e6
1928.1491964535592,1.0e-5,13197.599159945068,1.0e-5,21562.018544223432,1.0e-5,12227.654301680055,1.0e-5,4198.156952812331,11161.899502119095,1.0e-5,71.38041237224164,853.2027076658543,Sample 1160,4.12377032045863e9,4.621890949195715e9,5.035362683772705e9,1.3250640978910666e9,4.98120628737085e8,9.12630944608276,2.270374049753206e7,9.125572334971649,1.0625989732945198e7,9.127046557193871,4.445409384340319e6,4.318240159842412e6,127169.22449791028
3752.69247182276,1.0e-5,10478.483187862796,1.0e-5,19637.201174871574,1.0e-5,9772.490381610833,1.0e-5,6100.1523918724815,9887.66613690209,1.0e-5,609.1025980322684,1212.553312325363,Sample 1161,4.116765916310072e9,4.621442404934396e9,5.029540124520163e9,1.3208719277958572e9,5.0467648862432426e8,9.279390448183158,2.2165163566994704e7,9.279390448183154,1.1942597659691289e7,9.279390448183154,5.086445629806549e6,3.96109762802087e6,1.125348001785678e6
2481.6653936289413,1.0e-5,12368.252218267047,1.0e-5,22051.746221900506,1.0e-5,11044.199481662694,1.0e-5,2822.371179912296,12099.405978814166,1.0e-5,957.1488195338624,743.9315338356456,Sample 1162,4.1171096978974e9,4.617905098335088e9,5.023888881088604e9,1.3127629659447193e9,5.007954004376881e8,8.82884876215081,2.0372199299066182e7,8.828132984373035,1.3159029159661215e7,8.82956453992859,5.752131927023165e6,4.014245054571308e6,1.7378868724518572e6
1789.1312427703572,1.0e-5,12284.511996687696,1.0e-5,20523.068820725242,1.0e-5,10614.595625391905,1.0e-5,2695.349143935434,12559.376974432085,1.0e-5,1388.8208181936109,1126.6317222628468,Sample 1163,4.1143717006449513e9,4.617099263782742e9,5.021220734905762e9,1.3109705053838308e9,5.027275631377902e8,8.758729072085696,1.877098256148085e7,8.7587290720857,1.50545136943777e7,8.7587290720857,6.214873796050066e6,3.701781457974581e6,2.5130923380754953e6
2272.3050005461396,1.0e-5,12546.615066179816,1.0e-5,20990.060007984855,1.0e-5,11441.019340560983,1.0e-5,1983.3972618923756,13297.853258188878,1.0e-5,700.396906599886,936.5698490861082,Sample 1164,4.116599366827887e9,4.61645958390486e9,5.021111852645731e9,1.3091647545587158e9,4.998602170769722e8,8.851994040831762,2.0072278345494155e7,8.851951374165091,1.3510998418447526e7,8.852036707498424,5.303778730176191e6,4.038426940063583e6,1.265351790112608e6
1763.1981122877576,1.0e-5,13114.47905891804,1.0e-5,22424.915773717374,1.0e-5,10800.7113500361,1.0e-5,867.7191604180287,14319.613731657098,1.0e-5,490.6461200606706,1004.3227516052939,Sample 1165,4.118397498358853e9,4.616756630501341e9,5.022044653026088e9,1.3089351771919827e9,4.9835913214248806e8,8.72873555215291,2.040727790175065e7,8.728019774375134,1.2872723084357992e7,8.729451329930688,5.07079465943695e6,4.186239269100671e6,884555.3903362671
2035.534030923688,1.0e-5,12548.93753721167,1.0e-5,21477.96911649963,1.0e-5,10614.319542881967,1.0e-5,1546.973156214125,13648.465365257789,1.0e-5,992.6913223539386,940.9415910998584,Sample 1166,4.115218668227534e9,4.616088628309359e9,5.01944282837433e9,1.307578360211767e9,5.008699600818246e8,8.635508675362324,1.935816915126912e7,8.63548734202899,1.4238906659563482e7,8.635530008695655,5.731180023026398e6,3.9330604004482753e6,1.7981196225781243e6
3099.9674966178272,1.0e-5,11719.423182873217,1.0e-5,21981.89816037266,1.0e-5,10738.612163355956,1.0e-5,2013.3278399148455,13121.44525545355,1.0e-5,612.9184524683845,1031.171318923106,Sample 1167,4.1177154330718107e9,4.616246675626335e9,5.021066327307978e9,1.3081705459178104e9,4.9853124255452394e8,8.735079494770002,2.0454593252443302e7,8.735015494770007,1.2915639493290694e7,8.735143494770005,5.252160570534863e6,4.125874319233302e6,1.1262862513015647e6
2331.204610621535,1.0e-5,12133.551753824348,1.0e-5,21808.51655724535,1.0e-5,10742.80908212365,1.0e-5,1470.4918139137667,13343.671122151258,1.0e-5,1370.8006117225584,965.6791975247911,Sample 1168,4.114633944326717e9,4.615962776208843e9,5.018668666958753e9,1.3067406133819442e9,5.01328831882126e8,8.824750374081079,1.871126682942775e7,8.824707707414408,1.4883391378335299e7,8.82479304074774,6.322150213834211e6,3.8208565077712466e6,2.501293706062965e6
2386.3078171541238,1.0e-5,12126.787923292755,1.0e-5,21111.488518159666,1.0e-5,10445.036437268423,1.0e-5,1983.8203965665173,13474.573037891196,1.0e-5,792.0272896819992,964.4727675938223,Sample 1169,4.116713550219691e9,4.615850882384897e9,5.019641174145761e9,1.306717915686933e9,4.99137332165206e8,8.850500270489396,1.9630833894196898e7,8.850500270489395,1.389222523927094e7,8.850500270489395,5.389163335561438e6,3.955937644251985e6,1.4332256913094597e6
2370.3615579158973,1.0e-5,12248.14901358217,1.0e-5,21731.30013184118,1.0e-5,10619.567988133895,1.0e-5,1487.9482132744665,13653.73427610108,1.0e-5,927.7457335490305,942.8619777666045,Sample 1170,4.116392545750552e9,4.615742656832445e9,5.019161053721318e9,1.3061869048596394e9,4.993501110818927e8,8.781672785129178,1.943990216407494e7,8.78163011846251,1.402131223806764e7,8.781715451795844,5.650543063778335e6,3.9659815418679486e6,1.6845615219103803e6
2245.5905877902583,1.0e-5,12352.61270482586,1.0e-5,21567.719078346476,1.0e-5,10803.666402908948,1.0e-5,1509.23372583401,13661.811608869935,1.0e-5,874.5338680154607,1036.1878415492085,Sample 1171,4.1167431647487535e9,4.615790324419365e9,5.019613462988808e9,1.306693436809495e9,4.990471596706117e8,8.709529741524895,1.955916298006732e7,8.70948707485823,1.3885717284579072e7,8.709572408191564,5.5631626634355225e6,3.9760093030794766e6,1.5871533603560538e6
2142.1969749482737,1.0e-5,12289.451928208573,1.0e-5,21244.181091015813,1.0e-5,10578.969454715734,1.0e-5,1566.6912598114943,13603.905143577695,1.0e-5,1190.2623295455976,907.6765522464364,Sample 1172,4.115015353378699e9,4.6157580254363365e9,5.018428630496886e9,1.306083882178737e9,5.007426720576375e8,8.812652166519639,1.8790424114027955e7,8.812652166519642,1.4835762202061903e7,8.812652166519642,5.983164918215153e6,3.8280935315456027e6,2.155071386669552e6
2223.7114003993925,1.0e-5,12345.275964043292,1.0e-5,21718.627769100945,1.0e-5,10701.38810451112,1.0e-5,1294.4789542571568,13729.600453433166,1.0e-5,1124.2122690921908,907.9701614303533,Sample 1173,4.115554843547209e9,4.615704848875724e9,5.018596235473341e9,1.305932778523751e9,5.0015000532851493e8,8.720588258685147,1.9024746178245023e7,8.720545592018485,1.4498402476127818e7,8.720630925351818,5.935500290126833e6,3.8958664483446227e6,2.0396338417822102e6
2232.735213398898,1.0e-5,12323.369763491492,1.0e-5,21497.447945862605,1.0e-5,10694.751410381008,1.0e-5,1465.5110766021846,13695.013972148561,1.0e-5,1018.5192274589401,915.359967740626,Sample 1174,4.116145912295299e9,4.615706118773544e9,5.018952654915274e9,1.3060532787617042e9,4.995602064782453e8,8.912923423272426,1.9188393993011914e7,8.912902089939093,1.4317505862095129e7,8.912944756605759,5.754700098107895e6,3.9111129998279735e6,1.8435870982799216e6
2300.3930405156525,1.0e-5,12251.067940485222,1.0e-5,21559.841116418276,1.0e-5,10626.99261790993,1.0e-5,1457.9445893710094,13660.398003260721,1.0e-5,1065.3214021249426,920.9946570107763,Sample 1175,4.11566615258366e9,4.615680283091896e9,5.018570590426839e9,1.3057947451781218e9,5.000141305082361e8,8.721041475110269,1.9121401142029114e7,8.721020141776938,1.4412680240347188e7,8.721062808443605,5.836044229688106e6,3.9029249520014995e6,1.9331192776866143e6
2197.796654826113,1.0e-5,12364.804868960766,1.0e-5,21609.220256088913,1.0e-5,10628.089370120793,1.0e-5,1353.6003734542091,13778.821185736346,1.0e-5,1035.5180992859405,917.9165961626222,Sample 1176,4.1158580412568154e9,4.615676450556942e9,5.0186607889368e9,1.3057870860598428e9,4.9981840930012614e8,8.702043190170135,1.9136033151135854e7,8.7020218568368,1.4375321696199868e7,8.702064523503468,5.790610044970606e6,3.9147830940621463e6,1.8758269509084579e6
2248.426167345225,1.0e-5,12321.825114640074,1.0e-5,21640.367546277157,1.0e-5,10641.218653701706,1.0e-5,1365.6984234773329,13742.270792995707,1.0e-5,1045.886295024818,918.3378637540136,Sample 1177,4.115831201384783e9,4.615672611620445e9,5.018634702359689e9,1.3057655917141495e9,4.998414102356623e8,8.82183266330603,1.914345557221319e7,8.821811329972698,1.436661898467999e7,8.821853996639366,5.811474114954254e6,3.9151443320489586e6,1.896329782905285e6
2231.2879929406117,1.0e-5,12329.70691611443,1.0e-5,21589.418643104957,1.0e-5,10631.839730199774,1.0e-5,1386.640648517445,13744.031831170576,1.0e-5,1041.247111265377,917.853609384699,Sample 1178,4.115820944799819e9,4.615671231319944e9,5.018625547309512e9,1.3057589184992604e9,4.9985028652012557e8,8.716731796639367,1.9139465385517888e7,8.716710463306029,1.4377535384937136e7,8.716753129972695,5.799037905152864e6,3.9119972844629996e6,1.887040620689863e6
1.0e-5,252.10138412435586,11612.072234509977,1.0e-5,16274.410872546203,3249.7151500584096,1.0e-5,9088.008352544459,16946.214980977555,1.0e-5,1.0e-5,566.1893045703221,1194.5756277495368,Sample 1179,4.156057569788215e9,4.810619861918198e9,5.785563082907316e9,2.604448734108218e9,6.54562292129982e8,19.10913028250368,3.30785669449933e7,11.393627368199958,8.299814834105361e6,26.82463319680739,4.760585493201001e6,3.5794589125447837e6,1.1811265806562067e6
1.0e-5,1632.5890151607503,8822.584921586054,1.0e-5,15421.662677467886,4422.382108623916,1.0e-5,2261.34127476479,15890.929764862673,1.0e-5,1.0e-5,3318.939056762642,2583.8550174546813,Sample 1180,4.08027091865341e9,4.816984645148073e9,5.736985129941326e9,2.57671469608117e9,7.367137264946634e8,17.168114463600087,2.988975322327444e7,17.168114463600094,1.7319096458248314e7,17.168114463600094,1.0142360581358615e7,2.3925213831033953e6,7.749839198255251e6
1.0e-5,4534.051555514665,8995.886055787105,1.0e-5,25536.930735453752,1.0e-5,1.0e-5,16278.152738344528,12592.447077527135,1.0e-5,1.0e-5,566.5691129531679,2489.7476053288574,Sample 1181,4.1516747643414745e9,4.7439839005273075e9,5.450342043065405e9,2.0050254212620273e9,5.923091361858329e8,13.393468634656584,1.911843570607814e7,13.13782284020164,1.8155801519732956e7,13.649114429111531,5.963179365834247e6,1.7661052642006734e6,4.197074101633569e6
1.0e-5,1.0e-5,13336.383056836541,1.0e-5,23618.151118268685,1.0e-5,1.0e-5,9991.388273677196,13566.049725289133,1.0e-5,1.0e-5,2539.85506096487,1448.145123738724,Sample 1182,4.090642773539392e9,4.674774904688265e9,5.211836332232097e9,1.6582549862365355e9,5.841321311488729e8,11.864683276622564,3.1212597806942467e7,10.645856553245116,7.319673698820643e6,13.083510000000004,9.178123260451617e6,4.054569067612889e6,5.123554192838755e6
1.0e-5,5443.848192408825,8333.84913221822,1.0e-5,20994.043430081598,1.0e-5,578.5685269816995,7201.326889154452,15436.579928914407,1.0e-5,1.0e-5,1011.4585296242594,1205.7401411310418,Sample 1183,4.100153700986824e9,4.66962767521146e9,5.185335595556753e9,1.6008898149152231e9,5.694739742246356e8,11.266350125792904,1.8850889995949235e7,11.072393465826512,1.9210802166375987e7,11.460306785759299,6.5200349725160785e6,1.1420553258596342e6,5.377979646656446e6
1.0e-5,861.6078635010915,11595.593499321256,1.0e-5,16538.0925198339,1.0e-5,9153.670088209285,1.0e-5,13319.271638219205,2073.359193899739,1.0e-5,1923.971374694525,4535.922188584698,Sample 1184,4.0745784035522194e9,4.6536929576630535e9,5.119216377234828e9,1.5101613932543838e9,5.791145541108338e8,12.044407044402437,2.9341149310931657e7,12.041698711069104,1.0069330117293738e7,12.047115377735768,8.021676943668632e6,3.2458680755144376e6,4.775808868154198e6
1.0e-5,711.6959930447048,12071.848870391497,1.0e-5,18257.91234032567,37.56469621787799,8893.20296486748,1.0e-5,14853.637556727892,73.9336288417086,1.0e-5,3326.0434589143338,1236.4378406515523,Sample 1185,4.0829363561152115e9,4.63621277661477e9,5.066281194923468e9,1.4134132571169531e9,5.532764204995587e8,10.070378294812015,2.6800702033439346e7,9.865909087712666,1.0913310934686832e7,10.274847501911365,9.712502620643094e6,2.674972329131934e6,7.037530291511206e6
1.0e-5,1863.9753061576898,12393.425600440873,1.0e-5,17790.049918323133,1.0e-5,6277.342904645198,1.0e-5,14052.100074838208,2473.4518612836637,1.0e-5,1361.2360025813855,1093.8447168391967,Sample 1186,4.0676821660548778e9,4.634222085301893e9,5.061915617998262e9,1.4219269846397536e9,5.665399192470152e8,9.292603143205207,2.686137135217063e7,9.292603143205215,1.1891830246027978e7,9.292603143205215,6.79114219659518e6,2.6950328249139227e6,4.096109371681266e6
1.0e-5,4846.362380144689,8484.35715490297,1.0e-5,15667.858587070623,1.0e-5,11831.535191684057,1.0e-5,11868.621680364664,4377.491672320669,1.0e-5,809.4806065083296,2232.202863452109,Sample 1187,4.1187967826886406e9,4.646369250441102e9,5.097043793615791e9,1.4289215541018403e9,5.2757246775246114e8,11.144480393572781,1.4791273818599073e7,11.144480393572783,2.130860375086653e7,11.144480393572783,5.417990718081703e6,1.0799851625226948e6,4.338005555559006e6
1.0e-5,2971.243474797816,10917.58568450519,1.0e-5,19373.47685021491,1.0e-5,6059.935867949826,4034.197257089694,10628.245048384071,5114.801493977678,1.0e-5,1364.064346281943,116.15249758477843,Sample 1188,4.1055835833637414e9,4.636304518077317e9,5.091978613386122e9,1.4420691253311841e9,5.30720934713576e8,10.147739355807607,1.808920981677097e7,10.147739355807605,1.770820444232436e7,10.147739355807605,6.334530645057755e6,1.8795908776856877e6,4.454939767372045e6
1.0e-5,1.0e-5,13470.42529309137,1.0e-5,18206.758386675563,1.0e-5,13598.199982855078,1.0e-5,10076.843825087115,4489.592169731766,1.0e-5,2552.8306568709813,1132.5248148910098,Sample 1189,4.1062375217474904e9,4.636976073963132e9,5.074389913019803e9,1.4055662303289838e9,5.307385522156419e8,9.760798494433944,2.642555947408126e7,9.760798494433942,9.581898874768753e6,9.760798494433942,8.1379736603229055e6,3.393517388027842e6,4.74445627229508e6
1.0e-5,4903.343456020507,9055.817012071284,1.0e-5,19771.903449622307,1.0e-5,9710.560597076455,1.0e-5,7983.990620626091,7220.900855838794,1.0e-5,1376.3124326956188,1495.0980944728403,Sample 1190,4.1042074393781376e9,4.626674716244858e9,5.048298897158851e9,1.3657156386947062e9,5.224672768667203e8,9.52509270350767,1.0271629715216344e7,9.525092703507669,2.50205070095253e7,9.525092703507669,6.537861359243891e6,1.1241945449233635e6,5.413666814320528e6
1.0e-5,2351.181484991686,11409.532486364513,1.0e-5,16685.84194821471,1.0e-5,8669.205260055553,1.0e-5,4766.5339140527885,12007.072140589307,1.0e-5,1643.1938451369738,94.5600707466624,Sample 1191,4.0961717383423085e9,4.623418911172202e9,5.036471517463259e9,1.3533523854120064e9,5.272471728298937e8,9.149283940474692,1.1557819908711443e7,9.149283940474692,2.468130962201195e7,9.149283940474692,6.467346263707027e6,1.9464268444403063e6,4.520919419266721e6
1.0e-5,810.7897860295433,12974.607580893808,1.0e-5,19123.19609421903,1.0e-5,10338.09798460908,1.0e-5,5274.455780848897,10229.734143171818,1.0e-5,1825.188871809629,981.1325542065134,Sample 1192,4.1061589780400586e9,4.621456547731657e9,5.02897424814169e9,1.3303329705116649e9,5.152975696915987e8,8.845796165763499,1.682676632475934e7,8.8457961657635,1.809376724352709e7,8.8457961657635,6.846754651171567e6,2.9447297100057513e6,3.902024941165829e6
1.0e-5,2601.379486495329,10527.812163509543,1.0e-5,16447.141799718145,1.0e-5,9245.99192794501,1.0e-5,275.71044108689324,16396.14125381436,1.0e-5,1415.6927887242605,1634.4409643461383,Sample 1193,4.1070978380744057e9,4.62732188094253e9,5.027570912012851e9,1.3207221050087667e9,5.2022404286812425e8,8.939572648099139,1.0332158787676493e7,9.387881858601135,2.528518734117027e7,8.491263437597144,5.998672993265063e6,2.2377001616908056e6,3.7609728315742575e6
1.0e-5,2773.5135184007718,10957.175792192846,1.0e-5,17917.641442126755,1.0e-5,9330.935715928212,1.0e-5,2231.598160034117,14354.505947690395,1.0e-5,770.8576288311694,1437.809499314909,Sample 1194,4.112233051096481e9,4.619380870833784e9,5.023441578973977e9,1.315269236017689e9,5.0714781973730326e8,8.88083858813275,9.75212054403991e6,8.88883179924386,2.4775019820996284e7,8.872845377021637,5.148321712141426e6,1.9330374554585181e6,3.2152842566829054e6
1.0e-5,2135.6370777760476,11408.440663336634,1.0e-5,18209.598982730025,1.0e-5,10566.951197317037,1.0e-5,962.2872674797126,14875.721698088388,1.0e-5,1822.1961642471729,705.213671321014,Sample 1195,4.112365215422833e9,4.619448362658694e9,5.025899394620403e9,1.3199852111592793e9,5.0708314723586106e8,9.08773525089267,9.95546209056239e6,9.17849440529301,2.4541389666032884e7,8.996976096492334,6.613545752635678e6,2.0801352411266137e6,4.533410511509065e6
1.0e-5,1988.6515254935812,11497.592879747883,1.0e-5,19687.834802613514,1.0e-5,8856.424179399346,1.0e-5,1493.8369319507362,14170.444906461044,1.0e-5,2042.3462922974738,653.2767301141622,Sample 1196,4.1089447429611335e9,4.618900561831172e9,5.022614555016884e9,1.3173838052414632e9,5.099558188700382e8,8.914460201554295,1.034888392500006e7,8.94641755752993,2.4172549789676867e7,8.88250284557866,7.041227915656692e6,2.1278309552373565e6,4.913396960419342e6
1.0e-5,2094.715405453426,11892.46967972307,1.0e-5,18976.251794252366,1.0e-5,10403.043761531488,1.0e-5,1297.8237061620166,14623.607275953935,1.0e-5,1224.2762041526832,877.0211253972456,Sample 1197,4.1137615763433986e9,4.617039370281868e9,5.020059152087698e9,1.3093173575501282e9,5.0327779393846923e8,8.913051334152492,1.0894891146656414e7,8.938404367905905,2.322652666377701e7,8.887698300399077,5.828270806492849e6,2.250087521801184e6,3.578183284691658e6
1.0e-5,1710.0627843484813,12089.15143290281,1.0e-5,19815.77310624361,1.0e-5,10135.09982840155,1.0e-5,655.5711456603397,14784.14925336418,1.0e-5,1698.9001524696862,1041.2688380146828,Sample 1198,4.111001281827896e9,4.616580928704697e9,5.017910371746484e9,1.308238532960375e9,5.0557964687680024e8,8.780498038836381,1.1536129849961529e7,8.844021694812016,2.2614688100921303e7,8.716974382860746,6.5914653409320535e6,2.425825390798593e6,4.1656399501334624e6
1.0e-5,2534.7013831964255,11661.20816389863,1.0e-5,19277.405682891957,1.0e-5,9307.63686925197,1.0e-5,1028.6338388242282,15181.645691439624,1.0e-5,945.1582066835814,740.4030859445822,Sample 1199,4.110340820645428e9,4.61702791634819e9,5.019624325513373e9,1.3118799140331287e9,5.066870957027625e8,8.724333027011134,1.0225320360768234e7,8.783458916320104,2.412384232811979e7,8.665207137702172,5.483969474520949e6,2.1498925560427643e6,3.334076918478183e6
178.89998653342872,2082.0000426326264,11727.624743706428,1.0e-5,19130.486164105656,1.0e-5,9842.017581350237,1.0e-5,969.0668677202465,15200.26326665147,1.0e-5,929.5516567470087,964.1579417421163,Sample 1200,4.114047880784358e9,4.616062542100629e9,5.018709177702459e9,1.3073079325199308e9,5.020146613162708e8,8.841553953812225,1.130224610996253e7,8.88294701457677,2.2701298895162545e7,8.800160893047684,5.389220166850625e6,2.365542602081787e6,3.0236775647688354e6
226.6275484765003,2390.6538246955897,11538.708863952797,1.0e-5,19285.423576636716,1.0e-5,10341.56280423746,1.0e-5,747.532549470161,15101.410427254674,1.0e-5,1075.0686068802675,957.3031119448765,Sample 1201,4.1126552126679163e9,4.616041867070032e9,5.017944170163832e9,1.3071912605897155e9,5.0338665440211546e8,8.710198169838273,1.0591338641682282e7,8.76717946872506,2.3498065457068216e7,8.653216870951484,5.680812201469936e6,2.233131870991054e6,3.4476803304788815e6
208.30104406629178,1722.8869523352432,12153.27214808375,1.0e-5,19564.242764953673,1.0e-5,10216.212814321678,1.0e-5,843.3623202340585,14968.924561335834,1.0e-5,1175.7286547585804,915.9247672943225,Sample 1202,4.1130281968594565e9,4.615911717806136e9,5.017888498450921e9,1.30683708223625e9,5.028835209466796e8,8.637357384183995,1.2160067490096528e7,8.66941268044529,2.1847460042892102e7,8.605302087922707,5.801580337350998e6,2.545332232664287e6,3.256248104686711e6
379.4409463159899,1591.4894798623056,11941.246114854754,1.0e-5,18966.846094540422,1.0e-5,10151.258739678084,1.0e-5,612.6502775245534,15399.210839297713,1.0e-5,1179.7950547737257,978.1910244719311,Sample 1203,4.112699928457411e9,4.6158496574971895e9,5.017432812376219e9,1.3063160387978382e9,5.031497290397783e8,8.716846968536027,1.246113084779981e7,8.783655885486244,2.164516103453184e7,8.650038051585808,5.743607667020796e6,2.615331894050579e6,3.1282757729701954e6
482.0970382057691,1800.99308357284,11657.372337820234,1.0e-5,19311.21700045244,1.0e-5,10223.092706989704,1.0e-5,765.7809845381753,14998.608977666516,1.0e-5,1332.6224794658967,974.7703301073769,Sample 1204,4.1126347857093606e9,4.615789746159057e9,5.017265106667723e9,1.3061056814670272e9,5.031549604496965e8,8.859375407540437,1.1737640289325962e7,8.90168107309389,2.232720703473839e7,8.81706974198698,6.017473193048979e6,2.467718134356329e6,3.5497550586926416e6
304.90671309872624,1975.7198301255976,11772.347454651885,1.0e-5,19420.057722425634,1.0e-5,10227.834175651507,1.0e-5,817.5497257533349,15048.752135346083,1.0e-5,1091.3999205408409,1004.7237773031372,Sample 1205,4.1137230402667947e9,4.615753787332141e9,5.0177947994230385e9,1.3061127712471404e9,5.0203074706534636e8,8.758857239697546,1.1622872919834811e7,8.7965003963033,2.233894509636247e7,8.721214083091786,5.673078223011655e6,2.4333086550150393e6,3.2397695679966044e6
388.05133897204956,1708.5678980374698,11888.986800919587,1.0e-5,19396.316889985555,1.0e-5,10182.53181861481,1.0e-5,748.6187830428657,15067.584775360803,1.0e-5,1254.1497441148695,945.5651112227479,Sample 1206,4.112876425844685e9,4.615709056715098e9,5.01729130125691e9,1.3059971199540367e9,5.028326308704136e8,8.907971406952324,1.2104270555111742e7,8.950603652383952,2.192434183460678e7,8.865339161520696,5.898090558589451e6,2.5395391078806245e6,3.3585514507088247e6
455.5503798455776,1799.1770549390733,11734.770592545116,1.0e-5,19173.515061248636,1.0e-5,10114.161577871628,1.0e-5,763.5272386426545,15173.905523732,1.0e-5,1169.501203724547,947.7819862847872,Sample 1207,4.1127990924605494e9,4.615700480141183e9,5.017198446633365e9,1.305897320664997e9,5.029013876806338e8,8.811341067800884,1.1898570485655248e7,8.855028522243233,2.2170431950337257e7,8.767653613358538,5.762233723859635e6,2.499035299205861e6,3.263198424653778e6
439.4960310260167,1652.0280566327972,11865.671063054671,1.0e-5,19133.05768869188,1.0e-5,10158.390444283934,1.0e-5,751.9799236987675,15222.539558598432,1.0e-5,1141.757611196779,970.1346493780849,Sample 1208,4.113381684534957e9,4.615697151991669e9,5.017487486920742e9,1.3058961373148584e9,5.023154674567121e8,8.960845007498426,1.2302669862232609e7,9.004171697374504,2.172296243443337e7,8.91751831762235,5.702590547140201e6,2.579946911343066e6,3.1226436357971234e6
425.8517565684654,1690.052179258171,11856.924386984341,1.0e-5,19254.930306835187,1.0e-5,10191.243822505456,1.0e-5,738.8536167862553,15153.925430685036,1.0e-5,1192.2200513869693,968.5988017397594,Sample 1209,4.1131794812653127e9,4.615679288435075e9,5.017339481070631e9,1.3058201924408739e9,5.024998071697623e8,8.770547102961567,1.2177966789293354e7,8.813865404368828,2.1844543100687157e7,8.727228801554297,5.792748581408646e6,2.5548077137938812e6,3.2379408676147703e6
400.1084239689237,1811.4159664085316,11790.658030585317,1.0e-5,19280.334801927354,1.0e-5,10202.970136842383,1.0e-5,758.4395682895558,15139.658444080576,1.0e-5,1150.0276891012147,969.3892982887569,Sample 1210,4.113399784759556e9,4.615678056913577e9,5.017438086400646e9,1.3057983311281602e9,5.0227827215402097e8,8.861220945998742,1.1906763953311214e7,8.904581189750058,2.2096746863724932e7,8.81786070224743,5.737799305145944e6,2.500800102053275e6,3.2369992030926705e6
393.349879155435,1789.1246512683294,11815.984558833208,1.0e-5,19314.310510868174,1.0e-5,10179.704014716834,1.0e-5,757.0331138076106,15130.515332917472,1.0e-5,1164.2161224836366,966.4085742305895,Sample 1211,4.1133171176014686e9,4.615677936751084e9,5.017406589992679e9,1.3058181256328053e9,5.0236081914961535e8,8.868650724763707,1.1976194355010768e7,8.913703848813277,2.2028422628711678e7,8.823597600714137,5.759833919225373e6,2.5139742476169295e6,3.2458596716084457e6
392.24258486919996,1799.56003066109,11815.540277182507,1.0e-5,19323.497874853772,1.0e-5,10205.562572123577,1.0e-5,752.8792105755795,15121.845698736854,1.0e-5,1166.6667633480251,966.6954917041373,Sample 1212,4.113297711040366e9,4.615675608881688e9,5.017386396650752e9,1.3057994733794491e9,5.023778978413221e8,8.714672756269692,1.1940745457241807e7,8.757015210291957,2.2064006270951454e7,8.672330302247428,5.76678131584965e6,2.506378696256418e6,3.2604026195932184e6
407.5353804373403,1767.3064128428125,11822.044410033026,1.0e-5,19261.07549983136,1.0e-5,10194.168714756868,1.0e-5,753.1970069397522,15158.503826211614,1.0e-5,1147.3865433362853,968.2102260274423,Sample 1213,4.113386859677105e9,4.615672348116338e9,5.017413657663413e9,1.3057681075333822e9,5.022854884392329e8,8.768079559630335,1.2018158521757964e7,8.812785461457677,2.1988392794792227e7,8.723373657802984,5.730001598745032e6,2.5205554695469765e6,3.209446129198045e6
394.671892696111,1758.1196471088692,11849.568174587865,1.0e-5,19290.36760410333,1.0e-5,10200.499727054468,1.0e-5,759.5865396167375,15144.535048015014,1.0e-5,1146.4701004767703,965.4198300364022,Sample 1214,4.113445925115294e9,4.615671077311948e9,5.0174366836296215e9,1.3057563648320012e9,5.022251521966539e8,8.817619980865366,1.207962886014165e7,8.858913668220962,2.191819719271702e7,8.776326293509765,5.7299591636225525e6,2.5339545847447095e6,3.1960045788778486e6
1.0e-5,1.0e-5,15479.912144712744,1.0e-5,29010.55411257504,1.0e-5,25957.34153309181,1.0e-5,7267.096476040571,1.0e-5,1.0e-5,3042.9214199730936,3218.5601960506992,Sample 1215,4.0886287326169224e9,4.7445789761379595e9,5.403733602693615e9,1.9742594966323462e9,6.559502435210373e8,13.759055080235246,3.2275117937965848e7,11.771216022264232,1.0040759551347401e7,15.746894138206263,1.1987259562627546e7,5.234126271337438e6,6.753133291290128e6
1.0e-5,2198.583251982751,14259.747653847451,1.0e-5,35526.696271873865,1.0e-5,22447.883895547704,1.0e-5,4362.910452135948,1.0e-5,1.0e-5,2491.1697763896864,7634.957953916935,Sample 1216,3.996228030856319e9,4.757829920681461e9,5.387336399359369e9,2.020614847180957e9,7.616018898251419e8,13.007071726990132,2.9097353692004878e7,12.650871086368413,1.980991901846469e7,13.363272367611849,1.4072010465923505e7,5.3427569358792845e6,8.729253530044237e6
1.0e-5,1.0e-5,16407.74602574535,1.0e-5,32804.84411206452,1.0e-5,19721.775831893076,1.0e-5,7330.54245928696,1.0e-5,1.0e-5,4018.6570884279895,1.0e-5,Sample 1217,4.039323288945343e9,4.6787993343293085e9,5.2126894999643345e9,1.707256376654019e9,6.394760453839654e8,11.015208333333334,2.9805786553940736e7,10.647222222222226,1.205281099940944e7,11.383194444444447,1.3533084546896815e7,4.90252099265625e6,8.630563554240601e6
1.0e-5,1.0e-5,14832.691457108132,1.0e-5,20849.380549136455,1.0e-5,21914.338793950614,1.0e-5,8897.248792337012,3783.4894612627177,1.0e-5,1.0e-5,3911.994647841914,Sample 1218,4.1223985565768905e9,4.685121697028724e9,5.204824450311722e9,1.6021286470178308e9,5.627231404518331e8,10.628784521109012,3.443727849438917e7,10.5988892715816,2.7961719586809687e6,10.65867977063642,5.339271887020827e6,5.339271854239913e6,0.032780904999999964
10104.6322940528,1.0e-5,6139.672777263469,1.0e-5,22939.9030353162,1.0e-5,20053.251330966217,1.0e-5,9535.243110185014,1.0e-5,1.0e-5,3275.1499675348805,2502.261178349751,Sample 1219,4.097343504905091e9,4.705739221450411e9,5.187126612087928e9,1.5711704978203537e9,6.083957165453198e8,11.868800992711614,3.016222412018609e7,10.664031021592098,1.0948609125015767e7,13.073570963831132,1.2498345240401125e7,4.606122866954768e6,7.892222373446361e6
1.0e-5,1.0e-5,16441.40735586066,1.0e-5,25549.934686284523,1.0e-5,17798.646945378157,1.0e-5,9135.848676643785,940.6604069746276,1.0e-5,2678.3080017029642,2647.1927568502883,Sample 1220,4.0567770027329593e9,4.652620183278877e9,5.107296940573135e9,1.5051966951344335e9,5.958431805459185e8,10.181999899390885,3.1287411811301112e7,9.810623672757828,8.245350969958426e6,10.553376126023945,1.0752060069289481e7,4.912343419182968e6,5.83971665010653e6
5305.992283677843,399.9446287004165,13213.466509202908,1.0e-5,27465.06689780219,1.0e-5,21070.83773187864,1.0e-5,6100.519632693227,3905.217489659542,1.0e-5,402.3476895473394,942.2846955803614,Sample 1221,4.073295261873241e9,4.656812742154194e9,5.103895388020442e9,1.4776827720134487e9,5.83517480280953e8,9.727036674186094,3.389334515833314e7,9.714814451963873,5.023276277578427e6,9.739258896408318,7.083561531224677e6,5.96189332734095e6,1.12166820388373e6
517.0168250947665,934.5474045124753,11469.475137795875,1.0e-5,19143.005035643844,1.0e-5,13947.794276676454,1.0e-5,12964.762650419045,1.0e-5,1.0e-5,3718.9494195580346,2566.0075906144475,Sample 1222,4.1003062579770284e9,4.651022612964404e9,5.100303970012674e9,1.4492790690839152e9,5.50716354987376e8,10.485686929216552,2.4101768740384653e7,10.29709049989498,1.3129665014998822e7,10.674283358538124,1.0872444033934746e7,2.578907143780757e6,8.293536890153977e6
1.0e-5,2465.8873500511095,13187.045670272853,1.0e-5,24600.693688376858,1.0e-5,13519.060645371754,1.0e-5,12668.384069391203,462.00231302910123,1.0e-5,1025.0852642836714,1212.186734974369,Sample 1223,4.115359516951222e9,4.638332738084649e9,5.070360304642074e9,1.387028354248275e9,5.229732211334267e8,9.640224480697333,2.2592124810172174e7,9.405888803108594,1.2079362231833983e7,9.874560158286076,6.623213637049327e6,2.7254154195174007e6,3.897798217531924e6
1.0e-5,1.0e-5,15179.916844449874,1.0e-5,23349.014758075395,1.0e-5,13290.836924147938,1.0e-5,9454.453293963921,2330.4128641577613,1.0e-5,3165.2530789048096,2283.2386465200548,Sample 1224,4.060276043953544e9,4.637750857183721e9,5.077395750144361e9,1.4567645991514575e9,5.774748132301768e8,9.711017428691454,2.8377442205986824e7,9.70563298424701,1.0160918140164271e7,9.7164018731359,1.0808447213344824e7,4.144345942858955e6,6.664101270485873e6
1.0e-5,1.0e-5,14252.917538785388,1.0e-5,18708.897061995693,1.0e-5,13388.163252337763,1.0e-5,12202.166416982509,3671.6257080474434,1.0e-5,198.0615322446278,1421.296025338914,Sample 1225,4.12294020857933e9,4.639025187635242e9,5.07700089544641e9,1.3920363946782475e9,5.160849790559125e8,9.483796975845415,3.2171558980924368e7,9.483754309178746,2.625571746647122e6,9.483839642512082,4.56022111749542e6,4.209584623108437e6,350636.4943869832
6097.123419841303,1.0e-5,8680.503990703895,1.0e-5,23815.065565042732,1.0e-5,12722.990757014762,1.0e-5,9599.233492958609,2395.5543490024406,1.0e-5,3131.6366064684375,1186.7153622851322,Sample 1226,4.0967389685245886e9,4.638831467061593e9,5.061017020744864e9,1.3864636059035468e9,5.420924985370046e8,9.595568422684307,2.6250311568490084e7,9.59022120046209,1.00189302508618e7,9.60091564490653,1.0242169297334716e7,3.786103808214513e6,6.456065489120213e6
3621.510784005674,1.0e-5,12239.881905910792,1.0e-5,20478.731347487505,1.0e-5,11443.14756357362,1.0e-5,12333.483807000279,2855.5469881597833,1.0e-5,660.9802984593001,1.0e-5,Sample 1227,4.1049605085858793e9,4.632106854101215e9,5.059270393853615e9,1.3814734250201337e9,5.271463455153365e8,9.523750000000005,3.2377500094691753e7,9.029166666666667,3.2801321775348205e6,10.018333333333334,5.6253483151235385e6,4.363951270482588e6,1.2613970446409753e6
1962.3616501719605,1.0e-5,14329.562424445001,1.0e-5,24851.24861521955,1.0e-5,10785.19576170294,1.0e-5,10597.589153895315,3669.9563041572246,1.0e-5,412.6391657827767,1.0e-5,Sample 1228,4.099276679356618e9,4.629446977720819e9,5.055365392583458e9,1.3820071280894785e9,5.301702983642019e8,9.146805555555558,3.2182574130340472e7,9.144166666666665,3.12091837177653e6,9.149444444444446,5.598836088955732e6,4.820261521632951e6,778574.5673227748
3374.5918055937095,1.0e-5,11624.056262662209,1.0e-5,21593.08016193858,1.0e-5,11679.598013646795,1.0e-5,9497.354688110448,5513.674192954024,1.0e-5,1.0e-5,1963.6836034267767,Sample 1229,4.1165086818000875e9,4.626329541903274e9,5.043575393569418e9,1.3443125634354737e9,5.0982086010318637e8,9.051221023230415,3.0081734682434164e7,9.051093023230415,3.9842103885444137e6,9.051349023230415,4.567820612360473e6,4.567820585193716e6,0.02716675499999998
1702.0660599965602,1.0e-5,13329.567246144465,1.0e-5,22009.453245317847,1.0e-5,14249.57342204829,1.0e-5,1784.738531746732,11181.560415716776,1.0e-5,2710.4540028122956,800.814948149298,Sample 1230,4.102739461826599e9,4.626098015196013e9,5.037635549636372e9,1.3464336222501307e9,5.2335855336941475e8,9.031197887418616,1.84092412781842e7,9.0292107763075,1.6762030613070909e7,9.033184998529723,8.858598037848325e6,3.677467633364907e6,5.181130404483429e6
1965.5404234136683,1.0e-5,12471.357167161927,1.0e-5,22295.199019786232,1.0e-5,12366.457737040426,1.0e-5,3599.777733054384,10637.733999202077,1.0e-5,1505.3513224300798,1055.9965894063237,Sample 1231,4.1208949489594183e9,4.6212326191692705e9,5.036682060504062e9,1.3312365528794346e9,5.003376702098526e8,9.128821490191136,1.9937998431997385e7,9.127860156857803,1.3419564465882454e7,9.129782823524469,6.547544281350126e6,3.815043746495487e6,2.732500534854634e6
5089.167091766515,1.0e-5,10558.486937252726,1.0e-5,21883.73141482733,1.0e-5,14752.593196658758,1.0e-5,78.49923063041075,13718.164841788008,1.0e-5,651.9846256380193,1545.353718126913,Sample 1232,4.117805040517805e9,4.623035037749329e9,5.03127398460472e9,1.3217078909423065e9,5.052299972315233e8,8.82318145528251,2.1033293848826848e7,8.821568344171398,1.2807895578967813e7,8.824794566393619,5.6694559811946135e6,4.407693207555995e6,1.2617627736386356e6
2999.4459229743875,1.0e-5,12553.908349338422,1.0e-5,22531.232367417866,1.0e-5,12468.852950541226,1.0e-5,2153.9342435864432,12287.113675853938,1.0e-5,632.6520759972449,890.0099386789806,Sample 1233,4.1137273565926023e9,4.617986043680384e9,5.025338393923075e9,1.3189633875731645e9,5.042586870877816e8,8.638573072295735,2.160577178542133e7,8.637355294517963,1.2105932755308207e7,8.639790850073519,5.489711732657775e6,4.321637684565288e6,1.1680740480924812e6
1675.4116401786453,1.0e-5,12722.189537516126,1.0e-5,20334.466609575313,1.0e-5,12974.295880621818,1.0e-5,350.41939780488883,14360.281710968648,1.0e-5,1226.0907065651732,1685.274795012564,Sample 1234,4.116182144026861e9,4.618108082064656e9,5.024997545053963e9,1.315704864016409e9,5.019259380377947e8,8.838563469481203,1.857392710521273e7,8.838889358370093,1.5151689346937887e7,8.838237580592313,6.104123202700822e6,3.8507499224626888e6,2.2533732802381306e6
3307.958169242044,1.0e-5,11350.390465897364,1.0e-5,21138.578041405737,1.0e-5,12274.83429282817,1.0e-5,1533.7617228937356,12925.392785973572,1.0e-5,1404.4727022869856,1204.3476551568788,Sample 1235,4.1147481784385085e9,4.617245885421542e9,5.021409396659522e9,1.310824729458994e9,5.024977069830341e8,8.80592495933627,1.8877333577529658e7,8.805209181558498,1.4877760683244472e7,8.806640737114055,6.466187683192726e6,3.846584104745569e6,2.6196035784471757e6
2560.868388175676,1.0e-5,12600.228050440648,1.0e-5,21460.4056539487,1.0e-5,13017.767176609295,1.0e-5,1.0e-5,14578.304354720738,1.0e-5,1035.9964393270943,679.1615666918362,Sample 1236,4.1170325498894124e9,4.617117779795205e9,5.023164102217442e9,1.3121778747502642e9,5.0008522990579295e8,8.825733399789966,1.911341244016355e7,8.834332956395716,1.4455679333566746e7,8.817133843184205,5.8903318729665205e6,4.006271761897119e6,1.8840601110694066e6
2315.799059206687,1.0e-5,12475.639655820212,1.0e-5,21732.100045707473,1.0e-5,12729.301898853511,1.0e-5,1.0e-5,14438.338851944318,1.0e-5,1126.1012375942944,1268.9902111157637,Sample 1237,4.1177986719448113e9,4.61613537519857e9,5.020680961964884e9,1.307427876786387e9,4.9833670325375926e8,8.870174942491076,1.879015947720006e7,8.873587036168878,1.4551454045594573e7,8.866762848813275,6.018918860761373e6,3.9639612631158098e6,2.0549575976455675e6
2838.019875202572,1.0e-5,11871.811617716789,1.0e-5,22012.51973204483,1.0e-5,12552.578780769736,1.0e-5,1.0e-5,14245.29748738096,1.0e-5,1284.1741150465289,1357.8158877520736,Sample 1238,4.117524927798567e9,4.616018996232792e9,5.020264236516725e9,1.30698454900209e9,4.9849406843422496e8,9.191410863810129,1.852095376494528e7,9.194801624154593,1.4798270704864236e7,9.188020103465663,6.291001139980013e6,3.9247789936185437e6,2.3662221463614726e6
2247.2751884756167,1.0e-5,12194.765245369988,1.0e-5,21316.677409798744,1.0e-5,12437.046743232966,1.0e-5,1.0e-5,14468.958573955217,1.0e-5,1383.16215647666,1465.566229926694,Sample 1239,4.117046741586028e9,4.616005525496597e9,5.020037830841395e9,1.3070233946001663e9,4.9895878391056883e8,8.787203506259191,1.800162067347201e7,8.799008535853817,1.5420486803187635e7,8.775398476664568,6.351494161070039e6,3.817014551149675e6,2.5344796099203518e6
2847.6141123549037,1.0e-5,11890.475731231398,1.0e-5,21408.365139157686,1.0e-5,12693.695211818513,1.0e-5,1.0e-5,14497.47833444828,1.0e-5,1127.857500565682,1314.5747221269098,Sample 1240,4.1177928459659023e9,4.615827380004845e9,5.019913654476024e9,1.306207082981301e9,4.980345340389428e8,8.847946029195548,1.8623799090538774e7,8.853512936567949,1.474733182095396e7,8.84237912182315,6.011493798140221e6,3.9395433005888416e6,2.0719504975513907e6
2545.756368581288,1.0e-5,12124.498124767008,1.0e-5,21679.16901213238,1.0e-5,12506.810044944952,1.0e-5,1.0e-5,14436.932572728938,1.0e-5,1217.9777664477551,1317.8367664147672,Sample 1241,4.117739885177399e9,4.615726209265537e9,5.019716046419885e9,1.3059659983968332e9,4.9798632408813846e8,8.781183562486877,1.8486090479943532e7,8.785658656164676,1.4839790213511795e7,8.776708468809078,6.139967972161338e6,3.911187989661184e6,2.228779982500147e6
2472.3485817234778,1.0e-5,12142.316907684984,1.0e-5,21469.128885424794,1.0e-5,12490.555599457313,1.0e-5,1.0e-5,14500.720782923949,1.0e-5,1252.0505484709322,1295.6704043722818,Sample 1242,4.11768811785448e9,4.615715531090658e9,5.019729905529949e9,1.3060561621147618e9,4.980274132361783e8,9.159814464881327,1.8321315187142234e7,9.169514827809282,1.5035902575052386e7,9.15011410195337,6.164599536334534e6,3.876316344570206e6,2.2882831917643226e6
2627.179558175963,1.0e-5,12049.61027420038,1.0e-5,21545.539758872965,1.0e-5,12532.240548636424,1.0e-5,1.0e-5,14480.218175197704,1.0e-5,1198.0652132351206,1300.7997527993443,Sample 1243,4.117740932016144e9,4.615677006893788e9,5.019604687064847e9,1.3057914352197607e9,4.979360748776448e8,8.87009560084016,1.8479453129543554e7,8.87457069451796,1.4864288312665965e7,8.865620507162362,6.10309606746498e6,3.909644703234861e6,2.193451364230133e6
2709.2098850093757,1.0e-5,11966.513847130404,1.0e-5,21497.312524773464,1.0e-5,12553.31049061903,1.0e-5,1.0e-5,14482.714653511151,1.0e-5,1192.2294831707688,1316.9708223390564,Sample 1244,4.1177202905092106e9,4.615679161670065e9,5.019603703854018e9,1.3058079555287604e9,4.979588711608544e8,9.162586580844364,1.847831242191089e7,9.167061674522161,1.4873538565272437e7,9.158111487166568,6.096473771139617e6,3.910791305530719e6,2.1856824656089074e6
2631.879782673631,1.0e-5,12044.933981040633,1.0e-5,21424.592172452016,1.0e-5,12569.816179717596,1.0e-5,1.0e-5,14532.201562105873,1.0e-5,1155.1061583959377,1312.676045469131,Sample 1245,4.1179009375261426e9,4.615678411252499e9,5.019672380794604e9,1.305765412810568e9,4.977774737263562e8,8.855045376601558,1.851899356015391e7,8.861653950640623,1.482734897780478e7,8.848436802562489,6.030901363026136e6,3.9168413127910257e6,2.1140600502351224e6
2655.4975872274426,1.0e-5,12019.05520779865,1.0e-5,21488.187229966174,1.0e-5,12548.80855505037,1.0e-5,1.0e-5,14497.746716293632,1.0e-5,1184.2086953332268,1311.2455211602894,Sample 1246,4.1177716937144566e9,4.615673026772563e9,5.019606578805528e9,1.3057684371240354e9,4.979013330581066e8,8.765433404956946,1.848666793050557e7,8.77204197899601,1.4861529710968861e7,8.758824830917877,6.0802787227380425e6,3.9114151559379245e6,2.1688635668001147e6
2617.8563271815483,1.0e-5,12057.00364818359,1.0e-5,21515.21428203808,1.0e-5,12538.835867676256,1.0e-5,1.0e-5,14496.990092842067,1.0e-5,1182.91620635689,1307.9073152818291,Sample 1247,4.11781144056107e9,4.615671328143254e9,5.019619238764856e9,1.305755708825388e9,4.9785988758218414e8,9.157812438423349,1.8511718583640195e7,9.162903272841843,1.4829267801147014e7,9.152721604004851,6.077622126520832e6,3.912590731753712e6,2.1650313947671237e6
1.0e-5,2061.1460816183794,16633.032301507446,1.0e-5,39076.77510365275,4011.175427777797,20747.37734073463,1.0e-5,5044.045954824495,1.0e-5,1.0e-5,1215.138232369756,378.4718509351195,Sample 1248,4.0110278658231554e9,4.774312940322062e9,5.4741590524211235e9,2.1629772986970296e9,7.632850744989065e8,14.509928435370721,3.2980511963990346e7,14.501803435370718,1.5718322394302964e7,14.51805343537072,1.0377833307095265e7,5.693773781552815e6,4.684059525542475e6
1.0e-5,4984.111224240164,10287.909313479293,1.0e-5,22470.178711074834,1.0e-5,25945.905032438168,1.0e-5,11005.58762164507,1.0e-5,1.0e-5,1.0e-5,3859.0101243460654,Sample 1249,4.1521007433571825e9,4.761822685000021e9,5.427562069007367e9,1.9412007096575294e9,6.097219416428387e8,13.707233437618152,1.904655652595942e7,12.822786125729886,2.0635306111315276e7,14.591680749506406,5.892371605200216e6,2.0808380344497068e6,3.811533570750494e6
1.0e-5,1.0e-5,16203.977767957389,1.0e-5,28256.201946077952,1.0e-5,22176.38304079629,1.0e-5,8548.008664354016,1.0e-5,1.0e-5,3016.733343739115,1670.6818272670391,Sample 1250,4.076598881225628e9,4.697074256065796e9,5.274738330365831e9,1.77580352344024e9,6.204753748401679e8,12.58960103066583,3.1024437410048887e7,10.423116241965975,9.656939635463016e6,14.756085819365676,1.1465201167603662e7,4.953267369375502e6,6.511933798228176e6
1.0e-5,2544.2678832259744,15207.506252802588,1.0e-5,23410.47724329891,7010.048760123792,15309.567987767794,1.0e-5,11216.351422962,1.0e-5,1.0e-5,1.0e-5,559.4322476785333,Sample 1251,4.090542756905179e9,4.6755930247153e9,5.153766347013643e9,1.5413969124068081e9,5.850502678101201e8,10.352107913337537,2.6809515361836877e7,10.178844024448646,1.1637847625563173e7,10.525371802226426,6.179721653529016e6,3.93641217109732e6,2.2433094824316897e6
1.0e-5,8632.705940936019,8818.168681567617,1.0e-5,31995.57960400122,1.0e-5,21170.866381486383,1.0e-5,7795.213456962227,1.0e-5,1.0e-5,1430.0023650878152,1536.3497477446676,Sample 1252,4.065854009992757e9,4.690145422861519e9,5.245086822302549e9,1.7341742117508214e9,6.242914128687623e8,11.340653571455578,9.790485196669018e6,10.903583704977947,3.085765852668806e7,11.777723437933206,9.527836375470268e6,959085.653063594,8.568750722406674e6
1.0e-5,3104.1662959429545,14138.020461193817,1.0e-5,25174.083400644085,1.0e-5,17943.976247912055,1.0e-5,10442.759748001248,1.0e-5,1.0e-5,1385.6023700841315,3286.8549552973177,Sample 1253,4.0627917699244914e9,4.659447202823797e9,5.127255482280842e9,1.5322719918133938e9,5.966554328993056e8,10.132982590548208,2.2541836287436876e7,9.777898824448648,1.703356703650654e7,10.488066356647767,8.92194280116617e6,3.0863926845269985e6,5.835550116639194e6
1.0e-5,2832.136831254915,14140.427138261213,1.0e-5,24718.356183053143,315.9088470330664,17185.073636993748,1.0e-5,10020.532877476475,1622.9916997831608,1.0e-5,1639.100633824164,1.0e-5,Sample 1254,4.0859451176157856e9,4.642401641701326e9,5.090316226554661e9,1.4522856937922091e9,5.564565240855404e8,9.721597222222226,2.120807507818071e7,9.707500000000003,1.5954754890753495e7,9.735694444444444,8.145383107452312e6,2.75627022166257e6,5.389112885789751e6
1.0e-5,1.0e-5,9341.447708076506,4159.557676868097,14364.612667242061,4158.4046641136165,13196.672152774498,1.0e-5,15396.456006263277,343.979411762472,1.0e-5,1.0e-5,3153.881894723682,Sample 1255,4.1319450935221205e9,4.669863602585341e9,5.15267470840831e9,1.5035407207091587e9,5.37918509063221e8,11.792060676328505,2.676569091810251e7,11.792060676328505,9.288935423179021e6,11.792060676328505,4.461488626254793e6,2.7031667472606488e6,1.7583218789941308e6
1.0e-5,2044.3466126628969,12190.986421935828,1.0e-5,23505.140212995397,327.987944279984,13869.46174371378,1.0e-5,11494.71623576979,1241.3145774505906,1.0e-5,1758.796903388131,2543.0347899915387,Sample 1256,4.1144920324958024e9,4.640453290676748e9,5.092708357313813e9,1.430471391455077e9,5.259612581809462e8,9.841064062717916,2.2060513532895707e7,9.808270596429319,1.2566140600425899e7,9.873857529006509,7.615705941344728e6,2.7041279322695537e6,4.911578009075178e6
1.0e-5,614.7646552501953,15936.51736056858,1.0e-5,24822.299648808428,1.0e-5,13173.922982702088,1.0e-5,9644.15470927186,3817.4322995702614,1.0e-5,1.0e-5,1817.3701604497426,Sample 1257,4.0861416661966977e9,4.634224370765202e9,5.068747172612292e9,1.417128308262686e9,5.480827045685042e8,9.396133263095987,3.110406367920724e7,9.393024596429324,5.19763956088709e6,9.399241929762654,5.352997759960225e6,4.793896527678457e6,559101.2322817605
728.0086967844912,4134.10014416023,9735.652913466578,1.0e-5,19944.694295107412,1.0e-5,8036.765932768558,1.0e-5,16662.421280023733,1.0e-5,1.0e-5,1.0e-5,277.7573919408005,Sample 1258,4.1208656864045844e9,4.650169313373858e9,5.105620322297691e9,1.440205644816941e9,5.2930362696927416e8,9.997083712833442,2.1973062810677145e7,9.241780087544635,1.3930555594602056e7,10.752387338122244,4.456027412131191e6,1.6759091484689242e6,2.780118263662247e6
4338.652705195226,1.0e-5,10870.24494855041,1.0e-5,21430.4955856763,1.0e-5,12417.654345755269,1.0e-5,10841.56030620848,4228.269460864545,1.0e-5,1.0e-5,1040.1689063913843,Sample 1259,4.1240219704211473e9,4.628813011947401e9,5.053625454456752e9,1.3544159265449536e9,5.047910415262537e8,9.101176614072678,3.110399906119417e7,9.100439502961567,2.68088288456346e6,9.101913725183794,4.470521938295727e6,4.470521912652771e6,0.025642949999999984
2080.230143478671,1.0e-5,11827.740438567898,1.0e-5,20849.471674220757,1.0e-5,9161.080837163816,1.0e-5,9592.21665204208,4495.698146372564,1.0e-5,3677.421661041709,1.0e-5,Sample 1260,4.0960980652739124e9,4.637160525675575e9,5.045905403520923e9,1.3585522160923579e9,5.410624604016633e8,9.166666666666668,2.412564933784555e7,9.166666666666668,1.25791151532886e7,9.166666666666668,1.0210191003258415e7,3.1589506075597885e6,7.051240395698643e6
1001.7851931549595,1.0e-5,13136.931998077285,1.0e-5,19889.845916556256,1.0e-5,11838.98244175146,1.0e-5,4848.179158091341,9963.918069482213,1.0e-5,1975.7240445647863,976.6920621693279,Sample 1261,4.112212162137891e9,4.623807085699019e9,5.030853603431432e9,1.3256879590259535e9,5.1159492356112826e8,9.029347625162782,1.963278548160667e7,9.029347625162782,1.4920466524472909e7,9.029347625162782,7.169004365919694e6,3.557407548953598e6,3.611596816966098e6
2872.0933340545917,1.0e-5,11897.247268926752,1.0e-5,23085.355631057908,1.0e-5,10531.311884535224,1.0e-5,4963.76130478118,9207.572795135322,1.0e-5,1592.546875793776,974.0086565236177,Sample 1262,4.110553983399305e9,4.621702281564643e9,5.027887543601378e9,1.3235188222388098e9,5.111482981653377e8,8.775993364965348,2.139108779318733e7,8.775234920520903,1.2752408790528497e7,8.776751809409793,6.963515220332178e6,3.963585284623417e6,2.9999299357087696e6
1718.5527503171231,1.0e-5,13132.776121484594,1.0e-5,21734.5124831596,1.0e-5,11872.298929145842,1.0e-5,2456.126809839542,12595.143167282591,1.0e-5,586.7740622121903,1104.1076147920337,Sample 1263,4.120434061541218e9,4.618821419526418e9,5.025985858767103e9,1.3127162364665723e9,4.983873579851999e8,8.871737974879233,2.08282867710589e7,8.87100086376812,1.2508010681677202e7,8.872475085990338,5.185188782724044e6,4.130685659168372e6,1.0545031235556765e6
3107.5204436657305,1.0e-5,11263.884398672642,1.0e-5,21097.876399683213,1.0e-5,12105.570483774563,1.0e-5,2608.987619119915,11782.600716767447,1.0e-5,1424.4731626102928,1775.1534081580626,Sample 1264,4.114429961498201e9,4.619113095335392e9,5.025297414733407e9,1.3170517726332207e9,5.046831338371914e8,8.961589712623399,1.9445922909688793e7,8.961461712623398,1.4394510687113132e7,8.961717712623399,6.5440227242694795e6,3.8577216495177625e6,2.686301074751721e6
3158.12434034087,1.0e-5,11613.43280083694,1.0e-5,21716.99726548833,1.0e-5,11202.714618408072,1.0e-5,2508.1882618483455,12382.829733403163,1.0e-5,989.7828640121437,896.3653751030557,Sample 1265,4.1174912968911567e9,4.617158910578888e9,5.021853029843954e9,1.309055852217864e9,4.996676136877308e8,8.793960598949804,1.9990778475792523e7,8.793244821172026,1.350708640297112e7,8.79467637672758,5.792784147314018e6,3.979154367555662e6,1.8136297797583586e6
2425.2916375629025,1.0e-5,12482.283934230958,1.0e-5,21641.463802090704,1.0e-5,12519.727603220601,1.0e-5,688.7664270595044,13723.700127436214,1.0e-5,1148.2712420335026,1342.2056648665339,Sample 1266,4.114341156752321e9,4.617071006678986e9,5.0219812025612955e9,1.3125502416912854e9,5.0272984992666435e8,8.668716639277466,1.9449849353887923e7,8.66795819483302,1.4214708691504695e7,8.669475083721911,6.127996215679195e6,4.006846980992432e6,2.121149234686757e6
2498.8629986917317,1.0e-5,12079.449750689555,1.0e-5,20908.116494821294,1.0e-5,11523.951133370567,1.0e-5,1905.2832545425438,13233.040906984914,1.0e-5,820.0241337226267,1312.0573156424964,Sample 1267,4.1171484148640223e9,4.616363102609924e9,5.02103450415683e9,1.308557490839713e9,4.992146877459025e8,8.7604007452636,1.9741562179671586e7,8.760358078596937,1.377023476342035e7,8.760443411930272,5.481031829231551e6,3.984431055891602e6,1.4966007733399514e6
2248.9568604393844,1.0e-5,12224.90721145967,1.0e-5,21453.745674951653,1.0e-5,12056.61934526642,1.0e-5,905.3833089371096,13771.456887601827,1.0e-5,1211.8323558044494,1264.480002799481,Sample 1268,4.1184842456610713e9,4.616239243646316e9,5.02232219781623e9,1.3099209063250735e9,4.9775499798524404e8,9.123162601680317,1.875099456182369e7,9.122446823902541,1.457123217134467e7,9.123878379458098,6.058389027958844e6,3.8570053975818655e6,2.201383630376975e6
2634.5943592527296,1.0e-5,12246.96741758764,1.0e-5,21468.298701006508,1.0e-5,12429.172902286862,1.0e-5,639.3930685668828,14146.930587777826,1.0e-5,802.0452674267643,1154.7444911728066,Sample 1269,4.118924989111816e9,4.616066223392017e9,5.021061736638584e9,1.307132260773334e9,4.971412342802013e8,8.822191833060295,1.9658030854536425e7,8.821454721949179,1.3644651416534264e7,8.822928944171403,5.5086638138106745e6,4.049569024321638e6,1.4590947894890385e6
2327.970400035781,1.0e-5,12386.456520701715,1.0e-5,22022.12929539889,1.0e-5,11820.209510907578,1.0e-5,821.1777371792385,13874.083180779537,1.0e-5,971.1736133182211,1188.4763169767425,Sample 1270,4.118531963885143e9,4.61591516750375e9,5.020656433980271e9,1.3068657365716488e9,4.973832036186075e8,9.122056938752365,1.942908393005477e7,9.121298494307919,1.381313987835309e7,9.122815383196809,5.763347920334443e6,3.9976118024243084e6,1.7657361179101272e6
2637.2648126078834,1.0e-5,12025.290073398028,1.0e-5,21727.94895650916,1.0e-5,11872.514727732125,1.0e-5,966.3689156027658,13689.241844709837,1.0e-5,1094.1913844958995,1223.0839992676817,Sample 1271,4.117486883355071e9,4.615792705262837e9,5.01983188332667e9,1.30638417803543e9,4.983058219077661e8,8.740323615668975,1.9160130852934778e7,8.739586504557865,1.4193280012627687e7,8.74106072678009,5.945787005154439e6,3.9443148690519207e6,2.0014721361025213e6
2530.292188725755,1.0e-5,12216.152297024613,1.0e-5,21496.784051737308,1.0e-5,11643.922502393427,1.0e-5,1252.0481815499966,13770.334267537413,1.0e-5,764.5951562189865,1099.7300131779973,Sample 1272,4.1187991708107767e9,4.615816672940593e9,5.020534123453598e9,1.3064524031558266e9,4.97017502129816e8,8.82875440113422,1.9701268003895406e7,8.828038623356441,1.3595821087825384e7,8.829470178911993,5.414383254501034e6,4.028718681325019e6,1.385664573176009e6
2579.1533414394517,1.0e-5,12073.503472297669,1.0e-5,21394.25360381785,1.0e-5,11982.323949446778,1.0e-5,933.2170944425765,13886.25953480811,1.0e-5,964.924883528266,1240.6684026423811,Sample 1273,4.118348647015848e9,4.615741028791965e9,5.020076714581989e9,1.3060637533561647e9,4.973923817761166e8,9.13080695521949,1.9254236133648712e7,9.130091177441711,1.4070290957588816e7,9.131522732997269,5.717243046922103e6,3.960031217211994e6,1.757211829710103e6
2417.439492575856,1.0e-5,12240.007392779346,1.0e-5,21594.11775227484,1.0e-5,12063.988065948493,1.0e-5,672.0055891789511,14025.702238498397,1.0e-5,1054.976555484572,1236.8020312270605,Sample 1274,4.11809835603589e9,4.615704740611729e9,5.019875268657619e9,1.305947440667619e9,4.9760638457583874e8,8.825407952236928,1.911547859248993e7,8.825712507792483,1.4196515287745222e7,8.825103396681373,5.863919120501723e6,3.943831522513731e6,1.9200875979879964e6
2574.7400346190325,1.0e-5,12099.510467414211,1.0e-5,21544.961797055297,1.0e-5,11951.0792200086,1.0e-5,872.586394791141,13896.930111682534,1.0e-5,987.576721169998,1221.5792303090504,Sample 1275,4.11820328686328e9,4.615683206917475e9,5.01987045271886e9,1.3058544116569655e9,4.974799200541949e8,8.8258540389414,1.9254274593691003e7,8.825138261163627,1.4060110060285598e7,8.826569816719179,5.762941484841221e6,3.963649656845178e6,1.7992918279960454e6
2411.686106930181,1.0e-5,12220.405967423094,1.0e-5,21482.844622194054,1.0e-5,11873.597432988923,1.0e-5,901.2632521639053,13930.814984392486,1.0e-5,972.538166583455,1233.7673851926256,Sample 1276,4.118303582919929e9,4.615695202653167e9,5.019929769229901e9,1.305860752886708e9,4.973916197332378e8,8.737736801848351,1.923712437248952e7,8.737021024070573,1.4073716110292627e7,8.738452579626127,5.724754457777656e6,3.9568115843601683e6,1.7679428734174874e6
2531.447521902351,1.0e-5,12157.53929513103,1.0e-5,21624.1968707062,1.0e-5,11905.234185049192,1.0e-5,861.5652036227136,13929.99241034637,1.0e-5,938.0448012104023,1223.859248499406,Sample 1277,4.118483545152093e9,4.6156852140953865e9,5.02000498699452e9,1.3058412147415624e9,4.972016689432936e8,9.129475212560392,1.9362067067139953e7,9.128759434782612,1.3920115948855579e7,9.130190990338166,5.691498565235585e6,3.9842543353370456e6,1.7072442298985415e6
2475.099741806368,1.0e-5,12200.5108408395,1.0e-5,21600.143166937356,1.0e-5,11943.355204538886,1.0e-5,804.0724249438146,13971.345764114034,1.0e-5,968.8518977806016,1226.9327221941867,Sample 1278,4.118381148658904e9,4.615676124929755e9,5.01992278751828e9,1.3057883014479e9,4.972949762708508e8,8.836219048813273,1.9286906521571055e7,8.835503271035497,1.4003813663244259e7,8.836934826591051,5.734099020757529e6,3.9714251614777483e6,1.7626738592797797e6
2487.024787797913,1.0e-5,12168.26258891005,1.0e-5,21541.089611006966,1.0e-5,11950.228216486143,1.0e-5,825.3415442807624,13948.988793194616,1.0e-5,993.3292555677432,1235.4130380664255,Sample 1279,4.1182581895028825e9,4.615673499238321e9,5.019851441923788e9,1.305771195106373e9,4.9741530973543924e8,8.832526507288385,1.9226093203809056e7,8.831810729510607,1.4080665684418704e7,8.833242285066163,5.76654273584888e6,3.958545899113274e6,1.8079968367355978e6
2543.0985579420094,1.0e-5,12125.555537349239,1.0e-5,21577.788276270327,1.0e-5,11915.149175836847,1.0e-5,869.4538558211302,13907.501246572847,1.0e-5,976.7012078125132,1230.3314842876894,Sample 1280,4.1182749708607154e9,4.6156727301558695e9,5.01985554831833e9,1.3057633956200757e9,4.973977592951545e8,8.737126442386055,1.9287389189172365e7,8.736410664608279,1.4015302652722303e7,8.737842220163834,5.746826047718076e6,3.967855987043735e6,1.7789700606743381e6
14649.71451134867,1.0e-5,1.0e-5,3005.135092650644,33528.67518120496,1.0e-5,1.0e-5,19266.373630839073,1.0e-5,9038.314393164468,1.0e-5,1.0e-5,1.0e-5,Sample 1281,4.1082461833155985e9,4.829544825523603e9,5.523161507490345e9,2.108532006141487e9,7.212986422080051e8,13.508055555555554,3.809917085046335e7,14.485277777777775,7.980387308694382e6,12.530833333333334,7.43608187210184e6,7.323974269231504e6,112107.6028703277
4976.511675501817,1.0e-5,1.0e-5,10090.912164989639,40447.210691158645,1.0e-5,1.0e-5,10949.05800562186,1.0e-5,3930.8368220111006,7120.119381705798,1.0e-5,1745.240056622216,Sample 1282,3.955031911849381e9,4.772017739666e9,5.351109919672596e9,1.9751701878298104e9,8.169858278166192e8,13.326970293173709,4.1511753489438646e7,13.31220540428482,1.2490787411238717e7,13.34173518206259,2.349528867273585e7,2.1513455395949014e7,1.9818332767868997e6
9427.101048165192,1.0e-5,1.0e-5,6923.863705586742,30800.824276708492,1.0e-5,1.0e-5,14034.49291472385,499.45329859555875,8811.385873196255,1802.302985209857,1.0e-5,2666.741504461187,Sample 1283,4.045476782119631e9,4.691204656360176e9,5.188067276478309e9,1.6394531144768102e9,6.457278742405457e8,10.624608977987817,3.3337512540901873e7,10.922945270783453,9.05634825134923e6,10.326272685192189,1.057369614343603e7,9.929483515381832e6,644212.6280541874
58.44871102038497,1.0e-5,2260.252888999357,15380.7189642939,30359.374322180167,1.0e-5,1.0e-5,14667.692866322262,1568.4187120233735,8839.188463397153,1994.2170462691565,1.0e-5,1.0e-5,Sample 1284,4.0529019177198396e9,6.580568050480713e9,1.0555225648791142e10,1.047698132938173e10,2.527666132760874e9,68.60937499999999,1.0618876037310818e8,127.90333333333336,2.9472844886287432e7,9.315416666666671,9.786862675475806e6,5.187521210176529e6,4.599341465299304e6
165.94938932803692,1.0e-5,4586.367892220038,12865.155491381138,29799.74728630186,1.0e-5,1.0e-5,13527.77983396165,1135.849124264238,9899.750696588075,1634.6984445372507,1.0e-5,1.0e-5,Sample 1285,4.04717277480126e9,4.99700385769982e9,6.309627492017274e9,3.5750783515334687e9,9.498310828985597e8,25.358680555555555,2.8417025064438835e7,41.37777777777779,2.8034863220675208e7,9.339583333333339,9.32497606653914e6,5.1740642291268045e6,4.150911837412352e6
2993.0137293581492,1.0e-5,3.8034504519019903,15984.277069694135,32031.685144172705,1.0e-5,3363.2728835479306,12746.229773620085,1728.3321935346332,7673.223410327925,1542.1742714497743,1.0e-5,1.0e-5,Sample 1286,4.0460025033356104e9,4.803306856404424e9,5.631272334245034e9,2.413235308750034e9,7.57304353068813e8,15.580347222222217,2.4644392256483126e7,21.623888888888896,2.25300469745334e7,9.53680555555556,9.496343738179028e6,5.943729598073969e6,3.552614140105065e6
4014.9343008037627,1.0e-5,2194.644834000526,11715.205277611414,29917.757447290962,1.0e-5,1079.21331854127,10085.968162550469,1.0e-5,10766.367549948358,2092.3824887729766,1.0e-5,1.0e-5,Sample 1287,4.024957252612694e9,4.691056843516486e9,5.27270854854958e9,1.8294030009699812e9,6.66099590903792e8,11.923750000000004,2.52073229549231e7,14.294166666666671,1.8274913812080767e7,9.553333333333335,1.0451668178557726e7,8.203226286496007e6,2.2484418920617322e6
1871.524915587609,1.0e-5,3631.775251990318,11620.270614332334,29385.591304282,1.0e-5,2987.0626857511566,10086.365481472732,1.0e-5,10237.522781604195,3033.0808632975277,1.0e-5,1.0e-5,Sample 1288,4.0353377724970393e9,4.648638698392547e9,5.098035730668236e9,1.512094990446886e9,6.133009258955071e8,10.08777777777778,1.8583282042669978e7,10.362777777777778,2.2188837170400552e7,9.812777777777782,1.163816722494695e7,8.592020186618589e6,3.046147038328371e6
6916.997976179686,1.0e-5,2588.6746108286397,8570.942234382868,27086.287588587213,1.0e-5,4434.54978336787,10687.677324829498,1.0e-5,11685.125576647622,646.9334207055927,1.0e-5,1.0e-5,Sample 1289,4.0685193753151174e9,4.644977888686739e9,5.085605558604079e9,1.4577138532063026e9,5.764585133716216e8,9.605555555555556,2.5004145246849053e7,9.793611111111117,1.3449742883809635e7,9.417500000000008,7.156270178190394e6,6.043375151376122e6,1.1128950268142712e6
2000.493626429494,1.0e-5,3193.6504438413335,8261.990114165728,19653.873579499683,1.0e-5,1.0e-5,10080.261307717325,433.8359393775712,13206.347581128774,3595.5025215348237,1.0e-5,2464.1905829098896,Sample 1290,4.079940079347187e9,4.695057373229894e9,5.218867223924597e9,1.6627369952721124e9,6.151172938827069e8,11.189280232367153,2.029994953504389e7,12.535700268641047,2.088538384481564e7,9.842860196093255,1.1756526721292818e7,9.990665571930407e6,1.7658611493624125e6
3350.8703693698953,1.0e-5,1227.6372290874567,10851.639886679097,22777.956636200062,1.0e-5,1479.1455704694836,10542.070229308541,3223.2578237904954,9773.572839880635,1605.669880350784,1.0e-5,2999.8060464939394,Sample 1291,4.0828141240744553e9,4.65746571310662e9,5.103702445109011e9,1.4671250530369463e9,5.746515890321647e8,9.528254907372402,2.011041271348409e7,9.551895989876082,1.819805558200513e7,9.504613824868729,8.273147986873493e6,6.285502479702702e6,1.9876455071707994e6
4191.022520978136,1.0e-5,4737.491491091593,5882.669006011187,24822.691309081194,1.0e-5,1801.5264126067548,4520.257843939504,1.0e-5,15535.618676778011,1.0e-5,1.0e-5,1278.2712798770565,Sample 1292,4.1051586554395237e9,4.6551959748935375e9,5.104163896267263e9,1.4479731622014666e9,5.500373194540133e8,10.052976053203114,1.779664183045767e7,10.979189159882386,1.8675843113606613e7,9.12676294652384,5.029820888355664e6,3.638175866862075e6,1.391645021493588e6
6475.289798502661,1.0e-5,91.27428830941808,8043.897524161435,22652.69635892112,1.0e-5,4796.069023721394,4271.881800704841,1.0e-5,14559.299437203523,1206.5619248202147,1.0e-5,1448.057144878515,Sample 1293,4.104621350944164e9,4.635626721238905e9,5.068275472456558e9,1.3963028727300467e9,5.310053702947409e8,9.434505777441712,1.9918580327483315e7,10.07941296803193,1.5560721227415115e7,8.789598586851502,6.652912635029153e6,5.853074242639645e6,799838.3923895077
3051.501509588368,1.0e-5,3386.9931277785413,8662.783494575224,25576.693502100614,1.0e-5,6493.711253888139,4623.1734191707965,1.0e-5,13669.26810723417,816.2996940017696,1.0e-5,1612.875550661601,Sample 1294,4.11127245030298e9,4.629814587814665e9,5.059260321111425e9,1.377433604105206e9,5.1854213751168525e8,9.454016409997902,1.3855323012813628e7,9.608611164251212,2.031922284058141e7,9.29942165574459,6.119698294182694e6,3.987972867137695e6,2.1317254270449905e6
1322.935322586189,1.0e-5,4873.149313823743,6970.613598953058,22417.265885690078,1.0e-5,5301.602833426023,3609.3107129450377,1.0e-5,13967.451975056554,3161.0876540265085,1.0e-5,1385.3249993978166,Sample 1295,4.0965229998712277e9,4.630320713518991e9,5.048829489080497e9,1.3708152647707753e9,5.3379771364776415e8,9.57993220982987,1.3351694180733126e7,9.582640543163203,2.237599909362971e7,9.577223876496536,9.39485971398498e6,7.227241356364288e6,2.167618357620713e6
4780.288270664125,1.0e-5,2513.7946410652735,7960.47027875769,22096.51806831212,1.0e-5,7611.844740247109,4873.629144277644,1.0e-5,14256.659749082282,820.3806784454772,1.0e-5,1390.4755980546215,Sample 1296,4.1117661419621196e9,4.624364703140536e9,5.035812591175967e9,1.3354943372492793e9,5.12598561178417e8,8.957221743583286,1.6830846713571794e7,8.986283757865994,1.7494770624590896e7,8.92815972930057,5.912500971993541e6,4.616563416882364e6,1.2959375551111712e6
4907.1406672446365,1.0e-5,5640.417631503786,4925.854896597993,23727.14581050106,1.0e-5,6800.504770068943,2867.243647423354,1.0e-5,14621.781599637014,430.87185611746185,1.0e-5,1193.6784267925373,Sample 1297,4.1023331648421044e9,4.622086665210079e9,5.033860394826843e9,1.3433009596015031e9,5.197535003679747e8,8.714856270657425,1.7661842067278296e7,8.715784253224113,1.702603080475132e7,8.713928288090738,5.469130293432418e6,4.277202247127478e6,1.1919280463049312e6
4184.506148823659,1.0e-5,1911.6686442742025,8629.416223671185,23784.842842460388,1.0e-5,8784.487514478871,1683.0193929417737,1.0e-5,13877.293027326006,1873.4514858715038,1.0e-5,710.2002157774731,Sample 1298,4.1106226062316666e9,4.619806492783562e9,5.025082339514887e9,1.3197355800145457e9,5.091838865518952e8,8.939577382839742,1.6765499428750461e7,8.939616620919976,1.721598438928962e7,8.939538144759506,7.41278168917726e6,6.052925802036551e6,1.3598558871407202e6
4246.527331171299,1.0e-5,2883.9130714591915,7497.511507453525,22540.108939676873,1.0e-5,8536.817203752309,1919.890735270432,1.0e-5,14770.508254152624,852.7113055286571,1.0e-5,1410.4559922573026,Sample 1299,4.1157917966885076e9,4.617845561867641e9,5.024893651446909e9,1.3161499443376696e9,5.020537651791341e8,9.241662183154803,1.5368637902459037e7,9.242594760344472,1.8159936710222322e7,9.240729605965138,5.713727924065879e6,4.344467652665086e6,1.3692602714007832e6
5368.06140195987,1.0e-5,818.723964608602,9052.022562316548,24184.759603075698,1.0e-5,9978.508390998359,851.6491754224655,1.0e-5,14072.868618387287,874.8803310040342,1.0e-5,1139.7519227063012,Sample 1300,4.113609877653243e9,4.621954700731662e9,5.04616500633525e9,1.356765434285595e9,5.0834482307841915e8,8.865090674102083,1.7786973053628296e7,9.412355596597354,1.592865840676313e7,8.317825751606806,5.963881001019196e6,4.815301229562378e6,1.1485797714568158e6
4396.058577773415,1.0e-5,1995.6724712014513,8310.06676506506,22857.128949499194,1.0e-5,8910.672041930373,1327.4508742787004,1.0e-5,14485.487932153777,1257.1545095804984,1.0e-5,1146.1531527406976,Sample 1301,4.111628280060697e9,4.617374819513517e9,5.024047045573999e9,1.3190909915737844e9,5.057465394528206e8,9.011395737639154,1.6105306714888537e7,9.258363404620882,1.7683329989068877e7,8.764428070657432,6.378857530740876e6,5.049433105175953e6,1.329424425564915e6
4269.715032951829,1.0e-5,2328.1829829178405,8446.02760291629,23448.229019316343,1.0e-5,9717.28626184385,1562.2124428911015,1.0e-5,14183.573261649657,1036.601301185537,1.0e-5,1154.7042675335404,Sample 1302,4.1142741987985754e9,4.6165629448187895e9,5.021055845052613e9,1.3112745464878614e9,5.0228874602021426e8,9.01896513604285,1.581608665542667e7,9.168685376013444,1.7662523306627642e7,8.869244896072257,6.111110432266598e6,4.6785424860533485e6,1.4325679462132414e6
4756.711518510168,1.0e-5,2166.2408917237076,7948.577574704292,22546.89900922889,1.0e-5,9049.978195686406,1627.9612660694074,1.0e-5,14612.655012708985,975.4132488575485,1.0e-5,1132.5957193196948,Sample 1303,4.11291715128684e9,4.616250835098483e9,5.01958810619696e9,1.3100082260085979e9,5.033336838116432e8,8.769439072022685,1.6407526944761936e7,8.769607195841216,1.727662084613956e7,8.769270948204163,5.945846888656455e6,4.729354088151189e6,1.216492800505255e6
3459.7499718108706,1.0e-5,3674.5640184139684,7854.958184581405,23538.090345115877,1.0e-5,8553.139100689412,1521.9056732024171,1.0e-5,14783.654917216816,709.3235750454762,1.0e-5,954.72439033236,Sample 1304,4.1156422738058906e9,4.6170357335195465e9,5.022093001680556e9,1.3115079960356746e9,5.01393459713656e8,8.785710476496533,1.3910362012957444e7,8.83775337714766,1.950078938577688e7,8.733667575845415,5.53299579774662e6,3.8157549988026195e6,1.7172407989439897e6
4170.961803359441,1.0e-5,2835.408137060892,7884.997532905406,23322.748309025854,1.0e-5,9182.338987743144,1220.1590368229065,1.0e-5,14581.025733027225,918.4747742975595,1.0e-5,1023.0446896018383,Sample 1305,4.115649454917732e9,4.61605562311745e9,5.019910883180747e9,1.3081166883263137e9,5.00406168199718e8,8.829174163915145,1.5282068884980833e7,8.83010674110481,1.8095179997001495e7,8.828241586725476,5.839450026126336e6,4.391509396529591e6,1.4479406295967412e6
4365.7307019732,1.0e-5,2207.02021395503,8157.226730610768,22708.77299514095,1.0e-5,9654.306426485153,1348.9299806692488,1.0e-5,14371.22639612105,1301.6011141365886,1.0e-5,1038.8519664708185,Sample 1306,4.1147902149876857e9,4.61601959071031e9,5.01910291538233e9,1.3073960250666647e9,5.012293757226239e8,9.081781327641254,1.5968898704630818e7,9.081924246670873,1.754474797906812e7,9.081638408611644,6.39308544486744e6,5.07696807133146e6,1.3161173735359847e6
4551.383378355737,1.0e-5,2110.5089726696724,8128.998912153085,22847.997879993476,1.0e-5,9613.964077290948,1203.5935100104311,1.0e-5,14428.705594688838,1172.1320113782497,1.0e-5,1063.923659792278,Sample 1307,4.1147757199153495e9,4.615807118222364e9,5.018548343261856e9,1.3065138483859968e9,5.010313983070146e8,9.116385395484144,1.6172732322224857e7,9.213750536735986,1.7314018088624846e7,9.019020254232306,6.21430576967198e6,4.942521188591644e6,1.2717845810803317e6
4478.132856009666,1.0e-5,2304.371634241008,8007.813498854583,22505.77808417666,1.0e-5,9405.53726988189,1466.0366994605404,1.0e-5,14553.715024101526,1145.2861080991063,1.0e-5,996.214121229707,Sample 1308,4.1146353629458337e9,4.615816816248759e9,5.018665518694454e9,1.306878858194314e9,5.011814533029257e8,8.921271443919345,1.595872296565142e7,8.921439567737869,1.75849025246482e7,8.92110332010082,6.14537829441122e6,4.859582982840276e6,1.285795311570938e6
4253.178495414254,1.0e-5,2389.900519085761,8107.935386275012,22731.98346260266,1.0e-5,9453.709151719517,1338.102616286748,1.0e-5,14469.406698272936,1208.5870138462737,1.0e-5,1065.4638418933775,Sample 1309,4.1144754391375494e9,4.615755504137682e9,5.0182711479968815e9,1.3063113527185316e9,5.01280065000133e8,8.801953749884479,1.5709173417685384e7,8.827483129216557,1.780470494375212e7,8.776424370552405,6.252363660374442e6,4.893248146894827e6,1.3591155134796188e6
4402.786013296583,1.0e-5,2222.3369994840987,8157.704249712938,22997.19912489848,1.0e-5,9710.884612514756,1143.9915501283558,1.0e-5,14366.640852193852,1191.2673867692138,1.0e-5,1106.7982061513749,Sample 1310,4.114949664016132e9,4.615734623800414e9,5.018463496105218e9,1.3062427043938906e9,5.007849597842819e8,9.221875613799623,1.5971420365082819e7,9.22201853282924,1.7471910375157658e7,9.22173269477001,6.250904126206193e6,4.92459658966781e6,1.3263075365383823e6
4367.725023760746,1.0e-5,2386.4121434849835,8052.456598933869,22840.59734728612,1.0e-5,9561.939158327541,1310.9048561760474,1.0e-5,14477.275567240593,1091.4451452489905,1.0e-5,1094.2952184270346,Sample 1311,4.115378559775498e9,4.615720215208826e9,5.018626321551412e9,1.3061538681185002e9,5.003416554333282e8,8.823134473450958,1.5739470066463022e7,8.823277392480575,1.7689801109090462e7,8.822991554421343,6.084014835965253e6,4.73623190183315e6,1.3477829341320912e6
4381.166583476809,1.0e-5,2375.697678338354,8114.262836428499,23123.81876780616,1.0e-5,9569.847890034585,1148.1117989501904,1.0e-5,14465.665504547684,1001.5973159615531,1.0e-5,1140.0154365758806,Sample 1312,4.1152577489709373e9,4.615761945581482e9,5.018643213693545e9,1.3062667328346715e9,5.0050419661054504e8,8.720594869334173,1.5776395958676154e7,8.747329785843313,1.76274337128177e7,8.693859952825038,5.976875827904104e6,4.616087769251679e6,1.360788058652416e6
4446.631844156101,1.0e-5,2264.7639486111575,8170.739410122103,23136.50980521777,1.0e-5,9680.491075807817,1123.504957993498,1.0e-5,14410.881403228048,1061.1809528635317,1.0e-5,1084.9355604834334,Sample 1313,4.1151975244537826e9,4.615697999217554e9,5.018410737035134e9,1.305925950398931e9,5.0050047476377183e8,9.083354268557025,1.5914960093439277e7,9.20610587011132,1.7495190074970152e7,8.960602667002732,6.068259214206306e6,4.729767040013828e6,1.3384921741924805e6
4389.330239194345,1.0e-5,2316.9425077908704,8132.4946739435545,23000.277624174716,1.0e-5,9601.19565804832,1181.5006359489707,1.0e-5,14445.414949105087,1088.5430930386528,1.0e-5,1093.0182373366933,Sample 1314,4.1150635065380077e9,4.615680287738566e9,5.018285463259793e9,1.305827132243013e9,5.006167812005586e8,8.793025064146185,1.5851078237721339e7,8.818554443478261,1.7582137345678814e7,8.767495684814115,6.09578458072901e6,4.751412558020917e6,1.3443720227080928e6
4386.8239720625925,1.0e-5,2320.4222964086393,8130.8341569492995,23017.287114683426,1.0e-5,9628.00485367608,1177.7284086454024,1.0e-5,14437.831314870995,1080.8461158761916,1.0e-5,1107.1532817244522,Sample 1315,4.1152049680864263e9,4.615679418684162e9,5.018357875842502e9,1.3058313649144156e9,5.004744505977357e8,8.728147884204994,1.5864951134821495e7,8.729535578491916,1.755382195509214e7,8.726760189918089,6.085199421312432e6,4.746251601900747e6,1.338947819411683e6
4384.230846208514,1.0e-5,2329.12404975554,8120.621270221898,23004.140314153647,1.0e-5,9610.613948562026,1180.552612759624,1.0e-5,14448.07928296012,1080.4814558287885,1.0e-5,1100.7356186169038,Sample 1316,4.1152334469934855e9,4.61567362567536e9,5.018344983631832e9,1.30578289459482e9,5.004401786818741e8,9.110128122117201,1.5823551448365033e7,9.207532501449279,1.759500163102475e7,9.012723742785134,6.081603570605401e6,4.737251587826739e6,1.3443519827786642e6
4381.999229585706,1.0e-5,2332.7927807151523,8121.55173008884,23011.035530050434,1.0e-5,9612.122333956171,1179.779660096902,1.0e-5,14446.982570195827,1078.8570102693648,1.0e-5,1099.973026484548,Sample 1317,4.1152396011960607e9,4.615672944908275e9,5.018344609377535e9,1.305776672650733e9,5.004333437122137e8,8.82013109821466,1.5785091337267261e7,8.820313255324512,1.763219388656592e7,8.81994894110481,6.079697567148605e6,4.7272231610669745e6,1.3524744060816364e6
4441.798174178552,1.0e-5,2257.538237949066,8126.952836747862,22948.79733180268,1.0e-5,9620.203154740362,1178.1442157811646,1.0e-5,14444.459123921031,1102.0406582007301,1.0e-5,1097.8935897002748,Sample 1318,4.1150070362713776e9,4.615671639829244e9,5.018218385064692e9,1.3057580940287635e9,5.006646035578661e8,8.962564143835328,1.5960540993905194e7,9.021079634278513,1.7483070990047425e7,8.904048653392145,6.114358731154681e6,4.798005239605116e6,1.3163534915495564e6
1.0e-5,1.0e-5,20841.79709034462,1.0e-5,35993.49241819904,1.0e-5,5090.588071550573,1.0e-5,8579.913662062238,1.0e-5,1.0e-5,3148.218504085431,1.0e-5,Sample 1319,3.9184290238063297e9,4.769665849602085e9,5.311949822158986e9,1.935804770909557e9,8.51236825795755e8,12.925069444444446,4.566337995928207e7,11.094305555555557,1.1597705261510715e7,14.755833333333332,1.6032743653515091e7,7.833160647850174e6,8.199583005664925e6
1.0e-5,1.0e-5,19531.900905245402,1.0e-5,27351.282860100586,1.0e-5,19176.709708908216,1.0e-5,8433.035283768411,1.0e-5,1.0e-5,3811.196961953444,370.283567457366,Sample 1320,4.043864356076019e9,4.697481935747907e9,5.15631608831054e9,1.5712858847971551e9,6.536175796718879e8,10.42367775110271,3.2340078840157963e7,10.136612868725056,1.1726774742912939e7,10.710742633480363,1.4000297289556503e7,5.203368507824979e6,8.796928781731557e6
1.0e-5,1.0e-5,15155.584472498835,1.0e-5,34860.880506027126,1.0e-5,14540.117679543027,1.0e-5,8707.354444278208,1.0e-5,1.0e-5,3567.8042784656936,1.0e-5,Sample 1321,4.0773230246615834e9,4.688093926663273e9,5.239734972328658e9,1.7140529933324604e9,6.107709020016891e8,12.405347222222218,2.9154302836104553e7,11.644305555555555,1.0245337680070825e7,13.166388888888891,1.1998726380942423e7,4.596048021353652e6,7.402678359588801e6
1.0e-5,1.0e-5,14935.919292832834,1.0e-5,27592.95274066028,1.0e-5,9207.55910884159,2708.024889431999,12014.939002797511,1.0e-5,1.0e-5,2729.8885398517887,1.0e-5,Sample 1322,4.090846857853732e9,4.66061268675494e9,5.172180827556298e9,1.5929021105039234e9,5.697658289012082e8,11.23902777777778,2.9700304827263128e7,9.805833333333332,7.725197497255852e6,12.672222222222224,9.62121940139771e6,4.213450984470855e6,5.407768416926879e6
1.0e-5,1.0e-5,13427.438487369249,1.0e-5,26877.77654590793,1.0e-5,7791.171586418838,1.0e-5,12496.874579853702,1.0e-5,1.0e-5,3954.981972252729,1.0e-5,Sample 1323,4.066621395789943e9,4.653941784926268e9,5.155638177763726e9,1.5907131748112404e9,5.873203891363249e8,11.030833333333335,2.829336708930035e7,10.68861111111111,1.0517546697200852e7,11.37305555555556,1.165535096233906e7,3.7131237453783825e6,7.942227216960682e6
1.0e-5,1.0e-5,13190.013187757915,1.0e-5,24066.010023670042,1.0e-5,14196.40729659878,1.0e-5,11998.565661491539,1.0e-5,1.0e-5,3776.8572124550433,1115.9630003871364,Sample 1324,4.1095075243352823e9,4.648787478869951e9,5.129733316963248e9,1.5011716307212615e9,5.392799545346694e8,10.198729960092418,2.593647557669644e7,9.841639852131902,9.63913715428384e6,10.55582006805293,1.057242913914472e7,3.309706764049633e6,7.262722375095122e6
1.0e-5,1.0e-5,14256.251344121156,1.0e-5,22264.88783240239,1.0e-5,9175.795142861683,1.0e-5,13530.597716786027,785.9242630489629,1.0e-5,2687.50019251384,1.0e-5,Sample 1325,4.0894744316631002e9,4.637252944682367e9,5.077916108772525e9,1.4291048411995823e9,5.47778513019267e8,9.969444444444447,2.965127875883024e7,9.280277777777778,7.127112525933135e6,10.658611111111114,8.783465765370194e6,3.696307784370892e6,5.087157980999334e6
1.0e-5,1.0e-5,14953.877599320667,1.0e-5,25245.454466025873,1.0e-5,9911.699312920478,1.0e-5,11366.560070873045,1712.5390150663966,1.0e-5,2676.2983511772923,1.0e-5,Sample 1326,4.072974924496208e9,4.629851733460757e9,5.066210856356254e9,1.4295950547555406e9,5.568768089645491e8,9.535763888888894,2.9474073265355695e7,9.51416666666667,7.617970213021355e6,9.557361111111115,9.279225722675374e6,4.102806203431366e6,5.176419519244029e6
1.0e-5,1.0e-5,13705.654867649315,1.0e-5,22495.28813610733,1.0e-5,9593.41665916183,1.0e-5,12265.885754308538,1812.0743621461827,1.0e-5,1909.0208749489066,2699.6948683509145,Sample 1327,4.094896561951649e9,4.638826958825593e9,5.066364610051714e9,1.3990056993261843e9,5.439303968739434e8,9.67198186515438,3.047099698537913e7,9.457331581600503,5.764560461780103e6,9.886632148708255,7.829309847932986e6,4.0944689238716294e6,3.7348409240613775e6
1.0e-5,1.0e-5,14887.979865541025,1.0e-5,17616.554448210834,1.0e-5,12712.493646957058,1.0e-5,12971.427020895177,2655.6402384625844,1.0e-5,1028.5118818766923,1048.5398891772397,Sample 1328,4.1038767893109465e9,4.642670640466779e9,5.071932367678451e9,1.3973173055791755e9,5.387938511558319e8,9.598258496534346,3.2750199399116904e7,9.302425163201011,3.99147004326133e6,9.89409182986768,6.041776807328762e6,4.105433602738136e6,1.936343204590626e6
1.0e-5,756.842593686175,13374.584747447188,1.0e-5,20929.554226006134,1.0e-5,13101.071259608034,1.0e-5,11554.264736486779,2302.422393519746,1.0e-5,1679.8802569193656,2419.897082332531,Sample 1329,4.0996242022157016e9,4.630133095982228e9,5.060718646158265e9,1.3916799941186016e9,5.305088937665269e8,10.036829009031718,2.697607446851371e7,10.03248078680949,8.49437236788734e6,10.041177231253934,7.308051580300611e6,3.4593099253197606e6,3.8487416549808467e6
1.0e-5,2714.3517958173466,12216.155731205961,1.0e-5,18912.76909870399,1.0e-5,8910.578218668461,1.0e-5,14398.707875137949,1799.7854643205194,1.0e-5,183.7907220102921,1587.9953961857523,Sample 1330,4.091312441310246e9,4.632537810820473e9,5.059704699723059e9,1.3955591473153985e9,5.412253695102266e8,9.083515833522368,2.504400644357838e7,9.060497822600293,1.1661209566834994e7,9.106533844444442,4.903125596791456e6,2.4812433735943846e6,2.421882223197077e6
1.0e-5,5698.201144293158,9341.390573285234,1.0e-5,20490.037812267623,1.0e-5,12821.012613910892,1.0e-5,10178.406467991772,3585.9013372238383,1.0e-5,2067.23367682727,683.4444726807592,Sample 1331,4.1059594555503745e9,4.637807277227078e9,5.056661999633886e9,1.3695572664903212e9,5.31847821676704e8,9.222966453098088,1.1929047092611248e7,9.222250675320309,2.4089742295368854e7,9.223682230875866,8.042328386262162e6,912668.1281675249,7.12966025809464e6
1.0e-5,972.317973477651,13431.025078289807,1.0e-5,21334.596681050512,1.0e-5,10430.703158258473,1.0e-5,7901.413295833035,7035.512390792498,1.0e-5,1408.8379444586371,1020.7088578929341,Sample 1332,4.105639887742272e9,4.622722889190588e9,5.03525378170315e9,1.34214478647344e9,5.170830014483162e8,8.939723034362528,2.1787832585881308e7,8.939723034362528,1.2919376018079692e7,8.939723034362528,6.522294044363187e6,3.197736801882809e6,3.3245572424803674e6
1.0e-5,4298.850848574527,11577.956552947564,1.0e-5,26467.912425833747,1.0e-5,13186.87382420079,1.0e-5,4317.151162778736,9024.481384986619,1.0e-5,261.3335079469878,704.4511740873821,Sample 1333,4.1301684973783827e9,4.633421048562188e9,5.067932415267272e9,1.3722752845939727e9,5.0325255118380564e8,9.092367327284178,1.0544144948084133e7,9.087399549506404,2.254138704786712e7,9.097335105061962,5.204996254237549e6,1.8535727315431242e6,3.3514235226944196e6
1.0e-5,3020.9810053686424,10936.178139547115,1.0e-5,20257.54469861853,1.0e-5,11250.386307551113,1.0e-5,3945.1129026132103,10931.869750723694,1.0e-5,1566.6889955786598,1479.4475436824819,Sample 1334,4.1158237141973624e9,4.62174906019014e9,5.032952843967395e9,1.3283329135472877e9,5.059253459927774e8,9.32221019143037,1.0184628659704892e7,9.322210191430372,2.385550542615032e7,9.322210191430372,6.593014695161863e6,1.8009497858551883e6,4.79206490930667e6
1.0e-5,1269.2380965740958,12950.541166026745,1.0e-5,20212.28500601616,1.0e-5,12730.295438840929,1.0e-5,1311.152639837967,13442.616725484775,1.0e-5,1718.2847655436344,871.8599543264288,Sample 1335,4.117063207441593e9,4.620886701129474e9,5.033111003669205e9,1.3282720987673426e9,5.038234936878808e8,9.192621343877336,1.340984402705879e7,9.194357454988447,2.0511489965380345e7,9.190885232766224,6.698127100427262e6,2.729660966116637e6,3.9684661343106246e6
1.0e-5,2760.589871406916,12059.96047469741,1.0e-5,21517.948673396357,1.0e-5,11223.416944543222,1.0e-5,2616.4084481118366,12657.982755808865,1.0e-5,480.11189873662306,991.8811493742083,Sample 1336,4.120633956508884e9,4.618883593720748e9,5.027061517706273e9,1.314605485182914e9,4.982496372118639e8,9.088521226675073,1.1369043743283907e7,9.088457226675072,2.201198742099534e7,9.088585226675072,5.013457439785879e6,2.2376881145732636e6,2.775769325212622e6
1.0e-5,1830.074611065115,12471.677412158328,1.0e-5,22061.697364432537,1.0e-5,11626.908458972644,1.0e-5,362.8294190783345,13904.758813945633,1.0e-5,1642.896456748192,1541.7156467631626,Sample 1337,4.1141000572614017e9,4.61788186430568e9,5.022608044441605e9,1.3132341673161283e9,5.037818070442786e8,8.885324079941192,1.2049484059080373e7,8.905085991472385,2.1604750510187093e7,8.86556216841,6.825683360510432e6,2.5530262565418105e6,4.272657103968627e6
1.0e-5,1811.1179271329102,12417.180617240976,1.0e-5,20794.648984244763,1.0e-5,10615.69053743399,1.0e-5,1281.8438151983776,13896.045465521716,1.0e-5,1510.9201731826226,747.4350924770761,Sample 1338,4.114573767050726e9,4.617258471938452e9,5.021305374435e9,1.3107785098808236e9,5.026847048877257e8,8.898992569796263,1.1848478468325483e7,8.907687325351818,2.197584342019457e7,8.890297814240705,6.388882097503447e6,2.448676202636151e6,3.9402058948673056e6
1.0e-5,1485.924065880363,12461.619586233237,558.9390182108809,21382.730484853302,1.0e-5,11562.844258083504,1.0e-5,685.1563123562141,14258.398447328775,1.0e-5,1147.202357705844,1061.6438842517418,Sample 1339,4.116850587821867e9,4.616570238369671e9,5.021211461473212e9,1.3090020967548864e9,4.9971965054780406e8,8.849437584835123,1.1773469647965278e7,8.860200185255204,2.1717145318425987e7,8.83867498441504,5.934630289430195e6,2.466784177363609e6,3.4678461120665846e6
1.0e-5,1909.016019671307,11935.856741549589,611.3828218991014,22054.806113134462,1.0e-5,10395.670408124712,1.0e-5,884.6992115121031,14086.424416812963,1.0e-5,1195.8182339479386,977.8525037863801,Sample 1340,4.115317744915489e9,4.616650078315961e9,5.020514071905042e9,1.3090603205786343e9,5.0133233340047157e8,8.842144215858015,1.056353594703573e7,8.852192293635792,2.2984642797273047e7,8.832096138080235,6.05679728498818e6,2.224472443554622e6,3.832324841433544e6
1.0e-5,1546.1892036112458,10730.670261722815,1879.022587730368,20693.590033527467,1.0e-5,10490.531251960261,1.0e-5,1735.502774944302,13624.102535702154,1.0e-5,1247.2879740570388,1080.5247611366808,Sample 1341,4.1147510274124126e9,4.616157380308595e9,5.019260243809877e9,1.3076120798987467e9,5.014063528961825e8,8.762008592438562,8.380475251014563e6,8.762355814660786,2.5335171380427733e7,8.761661370216343,5.991743313055524e6,1.7014859181347e6,4.290257394920829e6
1.0e-5,2528.5069169884773,9231.450379743477,2757.3735911834365,21727.386122228185,1.0e-5,10777.930244339606,1.0e-5,1901.4349287459252,12785.275492495173,1.0e-5,1532.9813438364433,932.1646366168603,Sample 1342,4.1122813017781277e9,4.616481656779961e9,5.018953420947084e9,1.30914388333608e9,5.04200355001833e8,8.69054381457677,5.59155799905647e6,8.691890036798993,2.8231741985304262e7,8.689197592354546,6.613354905597091e6,1.0913290838585831e6,5.5220258217385e6
1.0e-5,1812.0283126608717,10242.380896865612,2280.263516897627,21425.681955058593,1.0e-5,10632.379695231897,1.0e-5,1522.404047434709,13466.147344811969,1.0e-5,1416.6373261057145,941.5115867930649,Sample 1343,4.1141127307163906e9,4.615892067031387e9,5.018320997331137e9,1.306637196914496e9,5.0177933631499636e8,8.72490824045369,7.110019240686955e6,8.72731746267591,2.6558318865744304e7,8.72249901823146,6.323908139942388e6,1.449103445204945e6,4.874804694737433e6
1.0e-5,1229.6383559327705,11719.097534258055,1194.4864792282947,21327.25736336862,1.0e-5,10559.112714686833,1.0e-5,550.3046555068993,14480.872087148127,1.0e-5,1553.3289179380945,949.1210506634558,Sample 1344,4.114082657088848e9,4.615973464068603e9,5.018354402185464e9,1.306652683213477e9,5.018908069797547e8,8.909201356227683,1.018702877827538e7,8.934536667338794,2.3488714415923923e7,8.883866045116575,6.462054210911627e6,2.1529792144559515e6,4.309074996455673e6
1.0e-5,1658.9264736158036,11290.718111338814,1273.3789695769751,21170.459554322595,1.0e-5,10778.421685582987,1.0e-5,957.7531075543511,14147.756159454815,1.0e-5,1332.0380307350872,1034.5913958233023,Sample 1345,4.1158173745850153e9,4.615785221776291e9,5.018940456859228e9,1.3062783173571486e9,4.99967847191276e8,8.832413444822519,9.171764100665543e6,8.842149867044743,2.4378719276160274e7,8.822677022600297,6.144787850951134e6,1.9279952802459162e6,4.216792570705219e6
1.0e-5,1289.0374199038997,10629.847824696555,2254.4923832186855,21238.10017203839,1.0e-5,10729.201745724033,1.0e-5,1125.112186986337,13918.896429225118,1.0e-5,1479.1875119316996,1005.4676843989912,Sample 1346,4.114677738813645e9,4.615770785813244e9,5.018286597987292e9,1.3061246713476958e9,5.010930469995994e8,8.82175786055451,8.079188720066116e6,8.826626071665617,2.55454065308731e7,8.816889649443398,6.354753939223725e6,1.6759169624753022e6,4.678836976748413e6
1.0e-5,1531.708453855065,11144.13564660976,1521.927651833549,21137.14829372135,1.0e-5,10546.425937538617,1.0e-5,983.5378278700701,14160.861933662076,1.0e-5,1403.345695441961,977.1528128369096,Sample 1347,4.114526951452204e9,4.615699438342988e9,5.01803187683182e9,1.305837363868447e9,5.011724868907834e8,8.907546722957361,8.950896880344134e6,8.916574500735136,2.4701529568949565e7,8.898518945179589,6.2447248671479365e6,1.881094099551753e6,4.36363076759617e6
1.0e-5,1629.5474491856346,10931.486170078404,1668.9445163824014,21059.807562132348,1.0e-5,10601.021613490577,1.0e-5,1173.9899757823318,14017.187110792986,1.0e-5,1324.7904962888636,985.4069281650692,Sample 1348,4.114992242312455e9,4.615693633119927e9,5.018286897117239e9,1.3058879188020964e9,5.007013908074722e8,8.786972426065956,8.494564828028763e6,8.794271192732623,2.5132871995854113e7,8.779673659399288,6.12779527365103e6,1.7703570826819413e6,4.357438190969085e6
1.0e-5,1450.9806857367644,10936.1908390982,1829.2366795112068,21276.400744022896,1.0e-5,10576.362326457163,1.0e-5,1033.6390028223432,14075.577782473829,1.0e-5,1389.4237622187768,988.5854671566171,Sample 1349,4.114750288620436e9,4.615699850709151e9,5.018170511611038e9,1.3058908838924878e9,5.0094956208871484e8,8.748348591514388,8.439462956861226e6,8.755987480403277,2.5175347338630743e7,8.7407097026255,6.23236019678513e6,1.7722135857440645e6,4.460146611041064e6
1.0e-5,1465.4902469408191,11153.028487164825,1572.4591374732745,21208.84169779672,1.0e-5,10558.002064072843,1.0e-5,881.9636804279847,14209.838297684588,1.0e-5,1458.8199450663012,972.7974994480685,Sample 1350,4.1141952930496902e9,4.61568405485488e9,5.017862536654332e9,1.305845725404095e9,5.0148876180518967e8,8.709368991514387,8.834337472311327e6,8.719452635958834,2.4831946537709974e7,8.699285347069946,6.331820662133694e6,1.8684122098464607e6,4.463408452287235e6
1.0e-5,1628.0494518850408,10923.120629188072,1670.5844999687067,21196.431265935335,1.0e-5,10562.010493996351,1.0e-5,1077.3436637658147,14044.376801741913,1.0e-5,1386.1216825002325,983.8943982846092,Sample 1351,4.114686342533806e9,4.615679473222105e9,5.018074788945817e9,1.3057837621357226e9,5.009931306882992e8,8.846225670699434,8.392713904567204e6,8.854559004032769,2.523969878688957e7,8.837892337366101,6.229872162625007e6,1.760604176150215e6,4.469267986474804e6
1.0e-5,1531.1371052449867,10898.092871359417,1752.7421362291425,21182.18931016416,1.0e-5,10574.380655681089,1.0e-5,1025.2199046601652,14063.61768787772,1.0e-5,1460.3768797481189,983.1426826157325,Sample 1352,4.114362923289575e9,4.615675784347422e9,5.0179125223298025e9,1.3057863370226073e9,5.01312861057847e8,8.819955019323675,8.406812049002092e6,8.828635574879225,2.524985050431805e7,8.811274463768118,6.332916764911323e6,1.7622687739009513e6,4.570647991010368e6
1.0e-5,1559.0092342664448,11031.573072163605,1613.1660479218765,21140.096863771716,1.0e-5,10555.563049725795,1.0e-5,1028.690497385207,14117.290764030111,1.0e-5,1390.6901610914135,981.5379895967708,Sample 1353,4.114632787861569e9,4.615671912378979e9,5.018035636326094e9,1.3057665724116404e9,5.010391245174099e8,8.80499147851292,8.614666945895094e6,8.813672034068476,2.502752990088103e7,8.79631092295737,6.227138128939065e6,1.8106852530627854e6,4.416452875876265e6
1.0e-5,1561.6542874739878,11087.678244162487,1538.6243406472156,21045.839516787,1.0e-5,10527.25544459807,1.0e-5,1041.9119324781661,14144.62141480455,1.0e-5,1383.3193514887275,980.130227641923,Sample 1354,4.1145632015259814e9,4.615674233454292e9,5.018003334827336e9,1.3057692346743982e9,5.011110319283108e8,8.765984268935096,8.847233550338345e6,8.775012046712883,2.481294037661027e7,8.756956491157322,6.207674311286298e6,1.855941234299969e6,4.351733076986332e6
1.0e-5,1567.7094173992114,11023.69797873466,1607.4138249069329,21108.499696463477,1.0e-5,10537.62246441673,1.0e-5,1049.4861062258494,14111.335989823625,1.0e-5,1388.1793912788028,980.2049345947087,Sample 1355,4.114586411692797e9,4.615671707430886e9,5.018010364328622e9,1.3057626095335603e9,5.0108529573808926e8,8.856421143646294,8.611852950347818e6,8.86541419920185,2.5038333477213338e7,8.84742808809074,6.221016752739216e6,1.809878185717057e6,4.4111385670221485e6
1.0e-5,1.0e-5,17801.53115078333,1.0e-5,40397.82581507519,1.0e-5,22438.85010987644,1.0e-5,3724.1669679263846,1.0e-5,1.0e-5,3495.8161913858708,1998.0608468111425,Sample 1356,3.9853381750311847e9,4.724953746281653e9,5.310622983163168e9,1.9109540450134974e9,7.396155712504684e8,12.730003841839952,3.634390547716564e7,11.81045160218442,1.1843036729707848e7,13.649556081495492,1.4979707114291966e7,6.672066619200382e6,8.307640495091607e6
1.0e-5,1.0e-5,16982.889637494216,3823.3172909287955,33367.49255186517,1.0e-5,20404.033824885428,1.0e-5,8701.519432963694,1.0e-5,1.0e-5,1.0e-5,1.0e-5,Sample 1357,4.02604598631204e9,4.694487559244361e9,5.1915275175868025e9,1.6625214896172042e9,6.684415729323213e8,11.055972222222227,3.685577936063761e7,9.968333333333337,7.807981324073453e6,12.143611111111118,7.663562207527702e6,6.196773425114787e6,1.4667887824129087e6
1.0e-5,1.0e-5,16846.69181887378,1.0e-5,29766.514961147503,1.0e-5,20197.145550895548,1.0e-5,7546.759173774051,1.0e-5,1.0e-5,4534.327338713467,648.8120435234043,Sample 1358,4.049526681938874e9,4.674476536374423e9,5.139271414348746e9,1.5545396103841956e9,6.249498544355494e8,10.671419947279986,2.8312624241548903e7,10.351240912413358,1.33377619823226e7,10.99159898214661,1.4573417942377878e7,4.630629447013534e6,9.942788495364383e6
1.0e-5,1.0e-5,19137.03536914878,1.0e-5,27810.02320044259,1.0e-5,18755.064617730757,1.0e-5,7606.756881777841,2572.7903172980537,1.0e-5,1.0e-5,3374.080384155282,Sample 1359,4.0455720038890467e9,4.7369637331505575e9,5.437863066706103e9,2.0931903963726022e9,6.913917292615111e8,16.76057808653644,4.0179298068024464e7,10.264327618987611,4.63562482937769e6,23.256828554085278,6.910575142049804e6,6.910575105186054e6,0.036863739999999964
1.0e-5,1.0e-5,20360.581333883867,1.0e-5,32024.20004313343,1.0e-5,13723.019648156103,1.0e-5,7150.002630491646,2381.475188020719,1.0e-5,1512.847350450784,125.923413595658,Sample 1360,4.0084203066276474e9,4.671785623796562e9,5.131394123054837e9,1.5825823156854646e9,6.633653171689147e8,10.142317564167191,3.831229665216207e7,10.121831453056082,5.812097605364825e6,10.162803675278303,1.0003971872361507e7,6.60939336739323e6,3.394578504968303e6
1.0e-5,1.0e-5,16871.950552077535,1.0e-5,20782.860670975915,1.0e-5,17623.415995415562,1.0e-5,11378.81182645946,2781.5394258178694,1.0e-5,237.0940041269658,1.0e-5,Sample 1361,4.1211713812406654e9,4.684353956475037e9,5.198315881485497e9,1.5911064252552931e9,5.631825752343712e8,11.459583333333335,3.495614352171318e7,9.604583333333332,2.967680318037007e6,13.314583333333335,5.431404361851583e6,4.988336446155128e6,443067.9156964698
1.0e-5,1.0e-5,13146.80451421474,1.0e-5,22984.64666904324,1.0e-5,12323.390934964995,1.0e-5,12612.628101712633,248.84672206345527,1.0e-5,2890.0379139134816,3236.0877283095274,Sample 1362,4.129652819562795e9,4.669942104362858e9,5.15256072260925e9,1.5055265212928474e9,5.40289284800063e8,11.504912850451584,2.7537012762510348e7,9.932863830287749,8.118268445272729e6,13.076961870615426,9.311578908778088e6,3.5702346544068344e6,5.741344254371279e6
1.0e-5,1.0e-5,15749.306795630591,1.0e-5,26631.491936559865,1.0e-5,15641.703099586843,1.0e-5,7822.347370353509,4701.302534166202,1.0e-5,755.4447067722332,1093.5531067195725,Sample 1363,4.115964720148465e9,4.641653983637875e9,5.092042754650351e9,1.4264668055143619e9,5.256892634894094e8,9.462982299516911,2.9494672227518708e7,9.454937632850244,4.978969300883999e6,9.471026966183576,6.175174544651791e6,4.79462576118572e6,1.3805487834660814e6
1731.0558514233337,540.8884747776821,13181.280118631974,1.0e-5,20208.046623406462,1.0e-5,12588.27923980431,1.0e-5,13409.50387718274,783.2051649915774,1.0e-5,2111.167789382643,1.0e-5,Sample 1364,4.1025595357994733e9,4.642697793284223e9,5.0775861491111145e9,1.4099149691385329e9,5.401382574847496e8,9.88152777777778,2.8910662722818203e7,9.194444444444443,7.706742887018376e6,10.568611111111112,7.996782802472459e6,3.5249905897326814e6,4.471792212739785e6
3145.602188600592,2587.6885893101075,10486.87535517668,1.0e-5,24047.6184921535,1.0e-5,12401.182111352298,1.0e-5,12700.94101706284,1101.3572273276632,1.0e-5,1.0e-5,1510.7614012622003,Sample 1365,4.1179973265492997e9,4.641182984799243e9,5.066564583632759e9,1.3739488559169745e9,5.2318565824994355e8,9.293017706364212,2.6143544460808862e7,8.857229261919768,8.673432563037474e6,9.728806150808655,5.040638999230476e6,3.3865152832165905e6,1.654123716013866e6
1.0e-5,1140.4581234737188,13258.983681613641,1.0e-5,18333.271606076072,1.0e-5,10731.195541766529,1.0e-5,13741.09909879116,2698.459429826308,1.0e-5,16.86172237647345,1694.9740859036215,Sample 1366,4.1159685476466336e9,4.635446561029803e9,5.055929781775417e9,1.3604444548743966e9,5.1947801338316965e8,8.928605637261082,2.9094665520262394e7,8.928605637261082,6.121975043603432e6,8.928605637261082,4.3200444813615475e6,3.3628983660195125e6,957146.1153420251
2774.8056673149836,1.0e-5,11510.722262033254,1.0e-5,22811.29536052782,1.0e-5,8086.909729382634,1.0e-5,12206.15398839697,2476.0400288717883,1.0e-5,1971.9380713530975,431.91802305070405,Sample 1367,4.1060245435825047e9,4.633758277087059e9,5.050752481983534e9,1.3617221432975047e9,5.2773373350455457e8,9.194760071455576,2.9212383505145404e7,9.194760071455578,6.158470364148335e6,9.194760071455578,7.5804409142580815e6,3.851583802220365e6,3.7288571120377136e6
2154.7932448683127,1.0e-5,12780.686482539455,1.0e-5,23416.632515395097,1.0e-5,12235.360370729986,1.0e-5,5186.7591048905315,8215.903016661752,1.0e-5,1993.9773364942232,1086.2375719907643,Sample 1368,4.1098065823583145e9,4.624159359866259e9,5.032101954046688e9,1.330237965868804e9,5.143527775079442e8,8.819339633144295,2.1494499993051216e7,8.817566299810968,1.280075493591794e7,8.821112966477635,7.698419576226644e6,3.9176350660667624e6,3.7807845101599055e6
3637.3363301316926,1.0e-5,11715.920526283793,1.0e-5,21436.745051387577,1.0e-5,11155.797337776403,1.0e-5,6536.141082008908,9098.014206377697,1.0e-5,1.0e-5,293.5617618801051,Sample 1369,4.122589831861575e9,4.6235648828146515e9,5.038588240020778e9,1.3310217653653286e9,5.0097505095307636e8,8.858470762864949,2.547360834586585e7,8.858171651753837,8.170247875673958e6,8.858769873976058,4.3547370925704315e6,4.354737067475619e6,0.025094809999999985
1932.200953499678,1.0e-5,12279.026694753338,1.0e-5,22637.194074003666,1.0e-5,9802.76353865028,1.0e-5,4742.159747639241,10478.945201569024,1.0e-5,562.8988172147708,1592.9203657127907,Sample 1370,4.1200179260603824e9,4.624119189718523e9,5.046385608093201e9,1.3486341004074945e9,5.041012636581403e8,9.312069347448015,2.21721252452935e7,9.31202668078135,1.1330769178345663e7,9.312112014114682,5.196838829076563e6,4.1698667187593305e6,1.0269721103172306e6
1250.4066729648027,1.0e-5,12902.44916835659,1.0e-5,20382.215392282666,1.0e-5,11392.165678328942,1.0e-5,3582.395132289499,11658.866957540535,1.0e-5,1375.4250531204725,847.4126667414318,Sample 1371,4.117963050295209e9,4.620076976432199e9,5.029859441270789e9,1.3216788558141716e9,5.021139261369895e8,9.170551629615629,1.9339340434980527e7,9.170551629615629,1.444363528716886e7,9.170551629615629,6.140439436760927e6,3.689809160897702e6,2.4506302758632246e6
1549.6802025731129,1.0e-5,13920.2853473521,1.0e-5,23820.548448735233,1.0e-5,12190.216494769631,1.0e-5,386.61806369364876,14127.345929216413,1.0e-5,407.26883153885774,759.056504570348,Sample 1372,4.120739328670878e9,4.61962495552185e9,5.028459316342675e9,1.3165543484926224e9,4.988856268509719e8,8.820451377861795,2.1375850548033748e7,8.817930044528463,1.177822567984592e7,8.822972711195131,5.111156820425706e6,4.383893924609636e6,727262.8958160782
2625.75472546783,1.0e-5,12083.53393770802,1.0e-5,21742.24226522189,1.0e-5,11708.367832170914,1.0e-5,2474.9418685104483,12376.832110245059,1.0e-5,745.2389019472103,1398.1288339495475,Sample 1373,4.1189917644748588e9,4.617688022982324e9,5.0238095959443865e9,1.3109394044315915e9,4.9869625850746477e8,8.814646199201848,2.053962354499533e7,8.813930421424072,1.280845679038488e7,8.81536197697963,5.454540850411256e6,4.0905435620543216e6,1.3639972883569468e6
1615.2707360922814,1.0e-5,12967.73153922783,1.0e-5,22325.718400294354,1.0e-5,12010.119782215734,1.0e-5,340.5392323850952,14004.583176651397,1.0e-5,1405.5630208211285,1205.851354854732,Sample 1374,4.116713288972978e9,4.616629398571036e9,5.02109544116588e9,1.3088481947877462e9,4.9991610959805864e8,8.786807273051883,1.8655694217057418e7,8.787069161940769,1.471802222299857e7,8.786545384162993,6.425530257777451e6,3.8729034559453474e6,2.552626801832107e6
2499.3034960340324,1.0e-5,12124.542458681744,1.0e-5,21733.740397663296,1.0e-5,11030.02045983423,1.0e-5,2145.230657467217,12699.393072191919,1.0e-5,1313.491000619765,678.0180559485051,Sample 1375,4.1159591056099467e9,4.617074731976495e9,5.022576321307814e9,1.312118805029186e9,5.011156263665478e8,8.920161358244068,1.9165169834707256e7,8.919979802688513,1.4436552139894228e7,8.920342913799624,6.2232103428471405e6,3.837865109945044e6,2.3853452329021045e6
2202.5481525455816,1.0e-5,12578.296714667398,1.0e-5,22401.7743923595,1.0e-5,11894.59397365462,1.0e-5,591.6893561714869,13968.363424002608,1.0e-5,1061.7644808869409,1014.6234602929405,Sample 1376,4.1189589686641774e9,4.616231462116285e9,5.021994361713071e9,1.3087982926456792e9,4.9727249345210814e8,9.092217881957575,1.930849201877954e7,9.092362215290905,1.3887353651844788e7,9.092073548624244,5.905913535635162e6,3.9840448782246835e6,1.921868657410476e6
1753.4687505438014,1.0e-5,12921.977593009531,1.0e-5,21775.3275139632,1.0e-5,11752.42423721308,1.0e-5,533.8986368459138,14247.291847234706,1.0e-5,1167.9990841775289,889.8740068724782,Sample 1377,4.117472636546688e9,4.616072155612856e9,5.020699282198948e9,1.3078537722383516e9,4.9859951906616735e8,8.822091100945183,1.884941593227922e7,8.822416989834071,1.4534095225224588e7,8.821765212056293,5.992215512610221e6,3.892535448600169e6,2.099680064010053e6
2048.555853575444,1.0e-5,12511.098063938261,1.0e-5,22369.821620243478,1.0e-5,10976.71826452167,1.0e-5,979.3418160754243,13725.418937610868,1.0e-5,1220.3168783206445,1023.9643691278612,Sample 1378,4.116616115639371e9,4.616094130554965e9,5.019993460632273e9,1.30727667507021e9,4.994780149155942e8,8.804114859357277,1.898819722996788e7,8.8033990815795,1.4382421161882432e7,8.804830637135055,6.124673167636466e6,3.9089282823662665e6,2.2157448852701928e6
2177.8966946653636,1.0e-5,12351.990518098806,1.0e-5,21910.778626996373,1.0e-5,11632.269801461656,1.0e-5,767.2060048852126,13820.67095019194,1.0e-5,1317.0941243147129,1155.8123413075707,Sample 1379,4.116894262875405e9,4.615852327980788e9,5.019486988347356e9,1.3062273858385186e9,4.989580651053836e8,8.834232201806344,1.8695247439933773e7,8.833495090695235,1.4682380831069343e7,8.834969312917456,6.254740036796822e6,3.8554536646621837e6,2.399286372134643e6
1816.9998681157588,1.0e-5,12764.031440329767,1.0e-5,22127.06445926176,1.0e-5,11654.112564142146,1.0e-5,308.9391250233123,14342.92762380227,1.0e-5,1158.7389677133926,1166.3611220469934,Sample 1380,4.1179408639708557e9,4.615783751823209e9,5.019920076487006e9,1.3061155371799467e9,4.978428878523532e8,8.819169063474064,1.8873947153495777e7,8.81947361902962,1.4384548680082953e7,8.818864507918509,6.014197880934568e6,3.917900518490125e6,2.0962973624444304e6
2101.2730984538175,1.0e-5,12481.553107767691,1.0e-5,22057.700351985543,1.0e-5,11783.450912934624,1.0e-5,433.70630154820793,14131.239374034494,1.0e-5,1215.0459488172762,1220.2667629860962,Sample 1381,4.1175880541566772e9,4.615715672907871e9,5.019628533829965e9,1.3059533405953813e9,4.9812761875119394e8,8.702531802520479,1.8837362167347275e7,8.702815024742703,1.4451269087127682e7,8.702248580298258,6.115017237913848e6,3.9051278646383844e6,2.209889373275475e6
1911.7034821165487,1.0e-5,12608.113479873307,1.0e-5,22050.084714718087,1.0e-5,11776.965885674175,1.0e-5,231.5754510823206,14286.08954192462,1.0e-5,1347.0134862195896,1184.500969001142,Sample 1382,4.1171682445955086e9,4.61570931816881e9,5.019422459927165e9,1.3059673570900111e9,4.9854107357330155e8,8.849107991220333,1.8435107459693644e7,8.850432880109217,1.4885674147997275e7,8.847783102331443,6.295563876860397e6,3.8508812404377125e6,2.4446826364226774e6
1903.2459178941688,1.0e-5,12600.523409241327,1.0e-5,22017.18572625054,1.0e-5,11634.804682710115,1.0e-5,377.3692103962685,14224.541270175121,1.0e-5,1283.6790370105703,1193.4097717358843,Sample 1383,4.11735095293311e9,4.615698671673733e9,5.019488218940247e9,1.3059268132736511e9,4.983477187406223e8,9.096827391808445,1.8604592193168588e7,9.097131947364003,1.4704760617202898e7,9.096522836252891,6.1937144533107905e6,3.8651454420076134e6,2.328569011303173e6
1989.1450402150585,1.0e-5,12566.04289313561,1.0e-5,22091.4774447472,1.0e-5,11710.396096376455,1.0e-5,338.0643576703926,14226.131327589632,1.0e-5,1261.5242519715796,1187.568098095123,Sample 1384,4.117429294303061e9,4.615679508366358e9,5.0194584753745365e9,1.3058081480796554e9,4.9825021406329715e8,8.821926825456837,1.8682724829458635e7,8.82221004767906,1.4612592706924766e7,8.821643603234614,6.17522248367532e6,3.884582719271305e6,2.290639764404016e6
1996.11632496683,1.0e-5,12530.94815054369,1.0e-5,21991.816482472845,1.0e-5,11704.776588119796,1.0e-5,406.2505588396216,14175.09424355477,1.0e-5,1282.5952114058089,1195.3633700677062,Sample 1385,4.1173079021844583e9,4.615673824774551e9,5.019376420064132e9,1.305771113169255e9,4.9836592259009355e8,8.724352863894142,1.8632271262350366e7,8.724657419449699,1.4683693632639725e7,8.724048308338585,6.198417594640464e6,3.8690167467136737e6,2.3294008479267927e6
2042.0477677927609,1.0e-5,12501.897580720948,1.0e-5,21990.08442661693,1.0e-5,11733.421855351668,1.0e-5,427.3994818216721,14152.879768855506,1.0e-5,1264.963130295728,1196.2164871477212,Sample 1386,4.1173872437207303e9,4.615673223694089e9,5.019417109219569e9,1.3057737510243194e9,4.98285979973359e8,8.812254972904858,1.8688815749448363e7,8.812559528460413,1.4622085701358309e7,8.811950417349301,6.175515809514011e6,3.8772141167927356e6,2.2983016927212817e6
2020.5171458964537,1.0e-5,12527.310500193264,1.0e-5,22027.27047368056,1.0e-5,11733.598839974176,1.0e-5,383.31770278255914,14189.24595104498,1.0e-5,1262.2264106680645,1197.8106677262936,Sample 1387,4.1174241727940135e9,4.615671617606732e9,5.019428603964279e9,1.3057614175278127e9,4.982474448127185e8,8.814304996261292,1.867613904106213e7,8.814609551816849,1.4626626443576263e7,8.814000440705739,6.173379749750485e6,3.8806186796440887e6,2.2927610701063788e6
1.0e-5,20782.558890160315,1537.6147677071804,1.0e-5,52617.00020171307,1.0e-5,15602.144264174256,1.0e-5,799.2812323717546,1.0e-5,1.0e-5,1.0e-5,2435.3006474001613,Sample 1388,3.889658682096548e9,4.912515960439281e9,5.590223880254016e9,2.378273117972203e9,1.0228572783427339e9,14.086050067485825,1.829964552038591e6,13.213612338668351,6.6597092071729876e7,14.958487796303297,1.2933805462216733e7,60552.505579503624,1.2873252956637237e7
1.0e-5,260.91071395875315,17336.275513903765,1.0e-5,33332.819318721646,1.0e-5,30707.685245021534,1.0e-5,5903.191859705565,1.0e-5,1.0e-5,1.0e-5,5193.762036367163,Sample 1389,4.077390152417944e9,9.174289180546886e9,2.067849497715347e10,2.810531062134211e10,5.096899028128942e9,257.7953410529511,4.062197682373982e7,10.89075570552405,2.7067952873588663e8,504.6999264003783,7.661373758742496e6,7.331134765233743e6,330238.99350875046
1.0e-5,6861.653281843745,8525.181924096098,1.0e-5,26030.778394093355,1.0e-5,26334.096122203486,1.0e-5,8902.474454004174,1.0e-5,1.0e-5,1.0e-5,6045.293117144763,Sample 1390,4.117030650128788e9,4.78704539620565e9,5.548385337982807e9,2.192694629631177e9,6.700147460768627e8,14.780766283259828,1.548601582359705e7,13.918029956815804,2.694879221448694e7,15.643502609703846,6.693606987483393e6,1.6810544096878858e6,5.012552577795502e6
1.0e-5,7114.349347701687,13952.271650624978,1.0e-5,39862.7312696534,1.0e-5,23100.626760245028,1.0e-5,3943.2312151422584,860.9211054624554,1.0e-5,1.0e-5,2314.3274457226626,Sample 1391,3.9968906791488056e9,4.715144374756343e9,5.223733886714992e9,1.7354327195248334e9,7.182536956075375e8,11.033982519428697,1.5716502591655409e7,10.710051519428696,3.164344054937379e7,11.357913519428697,8.852132567971542e6,2.8005941458370346e6,6.051538422134511e6
1.0e-5,17735.17829006259,1.0e-5,1.0e-5,23332.259225632177,1.0e-5,14328.387202681322,1.0e-5,10087.279437255891,2304.6359763996634,1.0e-5,1.0e-5,815.4406262306484,Sample 1392,4.0984354045644794e9,4.70342075155212e9,5.174723901111163e9,1.5475916461057258e9,6.049853469876412e8,10.479490343625297,7.8190129843850965e6,10.468753232514182,3.3037274711988054e7,10.490227454736404,6.236140097050601e6,0.026319839999999987,6.236140070730759e6
1.0e-5,4517.87391923884,15013.458964839088,1.0e-5,27013.455174198207,1.0e-5,18397.53220699301,1.0e-5,9793.66961007268,1365.6284624987613,1.0e-5,1.0e-5,1.0e-5,Sample 1393,4.073526236264401e9,4.655956551592054e9,5.099665409603703e9,1.46984803135095e9,5.824303153276532e8,9.647638888888885,1.979640882350373e7,9.54138888888889,1.9192089325717825e7,9.753888888888888,6.260891324242889e6,2.652758957761617e6,3.608132366481254e6
1.0e-5,5606.154005774371,9102.804752251644,1.0e-5,23535.2266616203,1.0e-5,15047.01813858277,1.0e-5,10168.072066039447,213.34041612853457,1.0e-5,2660.341552255409,5823.414559500595,Sample 1394,4.070065209345614e9,4.685737537857685e9,5.160171952580929e9,1.564541157958558e9,6.156723285120713e8,10.382802541062809,1.5158741974990157e7,10.186607810964093,2.5709253770371016e7,10.578997271161525,1.1574236959596701e7,1.4358689997453552e6,1.0138367959851352e7
1.0e-5,5184.187590085091,10925.112386603601,1.0e-5,26838.87080477021,1.0e-5,15429.844345433354,1.0e-5,8706.159865874344,3243.727836586025,1.0e-5,1.0e-5,3010.1138804262273,Sample 1395,4.1116235697305894e9,4.64733037849007e9,5.098284914115605e9,1.4376158800105512e9,5.357068087594807e8,9.876607832724215,1.5028380856335482e7,9.87051894383533,1.999512187566262e7,9.882696721613108,5.478203319543895e6,1.8660846941214022e6,3.6121186254224814e6
1.0e-5,4324.951955211847,9350.330539188226,1.0e-5,15095.352584895347,1.0e-5,11867.603677147108,1.0e-5,17045.940720939077,1.0e-5,1.0e-5,342.5388243473871,1328.147173418061,Sample 1396,4.145332085369108e9,4.663374973245885e9,5.102963463131937e9,1.397219867648881e9,5.180428878767769e8,9.984859402898554,2.175128805101291e7,9.496112829699646,1.3980363287569456e7,10.473605976097458,4.567107392998993e6,1.245164585193888e6,3.3219428078051056e6
1.0e-5,4591.669026123698,10236.116229720916,1.0e-5,21631.768708313888,1.0e-5,13958.423918310791,1.0e-5,10577.080696219371,1807.1914286313763,1.0e-5,3166.742785665218,1183.9000260971711,Sample 1397,4.0983949002297115e9,4.642676665666016e9,5.063669893865838e9,1.3862682218359485e9,5.442817654363041e8,9.481757940180634,1.499866674650947e7,9.475123495736195,2.1726780258016616e7,9.488392384625083,1.0210238533508804e7,1.193688494123277e6,9.016550039385539e6
5716.151295307944,945.6882714392923,8952.557118732397,1.0e-5,23472.206183262268,1.0e-5,9403.638903967383,1.0e-5,13588.668273496442,1420.6931918812231,1.0e-5,1.0e-5,372.1007059835817,Sample 1398,4.1161832530788e9,4.736523965490152e9,5.539761748961807e9,2.226816279354661e9,6.203407124113525e8,19.43621291623609,3.2236273269720323e7,8.616588306070156,7.936173541236061e6,30.255837526402015,4.759746327785596e6,4.38840944723214e6,371336.8805534496
1165.5479047219433,1.0e-5,14448.35712957541,1.0e-5,24010.03586362865,1.0e-5,13032.938214928527,1.0e-5,11371.213563042988,3119.0731813371117,1.0e-5,1.0e-5,552.7086780406956,Sample 1399,4.127244012355656e9,4.648295945713837e9,5.135191612315628e9,1.4948432665617635e9,5.210519333581808e8,10.689915076916618,3.2058621963383555e7,9.237628854694398,2.3210477786173616e6,12.142201299138843,4.65153547916748e6,4.651535450373214e6,0.02879425999999998
3654.0024430374838,274.82584680168515,12698.925954928805,1.0e-5,26988.73611255461,1.0e-5,10329.142768035916,1.0e-5,10226.567808364602,3245.8106455547927,1.0e-5,1.0e-5,1047.0687697698106,Sample 1400,4.090735095141212e9,4.634643231080396e9,5.070158023723148e9,1.4149377212246885e9,5.43908135939184e8,9.558481112077297,3.3108443760565735e7,9.085922556521739,2.8421071715255035e6,10.031039667632847,5.399448204871872e6,5.219943510215897e6,179504.69465597635
3090.630485522515,1.0e-5,12592.586901946075,1.0e-5,23615.498029007478,1.0e-5,11012.10045516968,1.0e-5,10596.48234181236,4066.124299854822,1.0e-5,1.0e-5,970.8016559855291,Sample 1401,4.1067145275388255e9,4.624027997088506e9,5.044512804449688e9,1.3582830842720444e9,5.173134695496805e8,9.12432199277463,3.196684753476213e7,9.122869103885742,2.4769603035822283e6,9.125774881663522,4.789330280497469e6,4.789330252789482e6,0.02770798
5048.951450992696,1.0e-5,10293.763789877787,1.0e-5,20119.22863847396,1.0e-5,10476.658472925577,1.0e-5,8764.241694213288,6254.670213742726,1.0e-5,1.0e-5,3075.112117881987,Sample 1402,4.087795485330055e9,4.635927921406088e9,5.074208179561053e9,1.4246929523859637e9,5.481324360760331e8,9.290250508170553,3.172417121750182e7,9.290250508170553,5.143022674855952e6,9.290250508170553,4.973534360953547e6,4.97353433288892e6,0.028064619999999985
4362.221948150073,1.0e-5,11360.501615943911,1.0e-5,21091.00940396605,1.0e-5,14227.09977937656,1.0e-5,4528.557464231376,10020.794209939637,1.0e-5,1.0e-5,1544.5278698984675,Sample 1403,4.1173632103223324e9,4.624948614694816e9,5.038169221478034e9,1.3340266179389205e9,5.0758540437248296e8,8.971948334887628,2.4492441020253066e7,8.97100833488763,9.578787518848922e6,8.972888334887628,4.625804211812754e6,4.625804184549458e6,0.027263289999999996
3625.222788913586,1.0e-5,10670.1655474122,1.0e-5,22250.207180575046,1.0e-5,11842.985872595496,1.0e-5,4206.581585935917,9658.659444421171,1.0e-5,1756.81241783889,1758.8063108636668,Sample 1404,4.1149465713971267e9,4.622954128476451e9,5.03445668864596e9,1.3310126774183433e9,5.08007557079324e8,9.39639266082756,2.0251403663307145e7,9.395634216383119,1.3659770767674733e7,9.397151105272007,7.183955517480093e6,3.8306208540238724e6,3.353334663456213e6
5376.563739764907,1.0e-5,10392.89542684327,1.0e-5,24002.468954925705,1.0e-5,12867.269844857745,1.0e-5,470.2191815569443,13230.192338360634,1.0e-5,462.0223066479467,1438.6605362199246,Sample 1405,4.1145920676783295e9,4.619581429518715e9,5.027348575580435e9,1.3205236539638262e9,5.0498936184038556e8,8.739299133039278,2.2165449599034186e7,8.736617577483724,1.141323714007517e7,8.741980688594836,5.476266183357119e6,4.59010305462068e6,886163.1287364536
2166.36835697052,1.0e-5,12723.099198863476,1.0e-5,20646.247729107658,1.0e-5,11745.62496560314,1.0e-5,4336.971036471212,10627.76213058476,1.0e-5,1213.699639353548,732.0011129993684,Sample 1406,4.112883149467896e9,4.620836350803273e9,5.027244650068282e9,1.320769799865394e9,5.0795320133537734e8,8.815816284856123,2.0861974272440985e7,8.81577361818946,1.3365701208919141e7,8.815858951522793,6.145056110425886e6,3.913620656054958e6,2.2314354543709285e6
4846.934491097029,1.0e-5,10093.506512492628,1.0e-5,21038.86189182725,1.0e-5,12568.197264293303,1.0e-5,1906.4999625414541,12731.507462208094,1.0e-5,1045.032239189775,742.4635532796034,Sample 1407,4.1181130717164073e9,4.619865797744764e9,5.031457109278043e9,1.3249353490949135e9,5.01752726028357e8,9.050076918924596,1.9744040044021223e7,9.049361141146822,1.400079093439509e7,9.050792696702379,5.926604768572047e6,3.9777766260960265e6,1.9488281424760204e6
3636.2715870732336,1.0e-5,11216.903712690537,1.0e-5,21053.29167606813,1.0e-5,11382.680915978965,1.0e-5,3283.895367592245,12095.108425742745,1.0e-5,305.6363621922915,1156.9087241296131,Sample 1408,4.1205185580735183e9,4.618059397328662e9,5.025432254391249e9,1.3122865533803172e9,4.9754083925514334e8,9.083064795631172,2.1431494796396814e7,9.083022128964508,1.1966137228875117e7,9.083107462297841,4.752389846643205e6,4.1934440068021743e6,558945.8398410381
3614.6163340161334,1.0e-5,11898.782493254863,1.0e-5,22886.96406095728,1.0e-5,12589.213218377365,1.0e-5,778.9111167570268,13537.43975474689,1.0e-5,697.1832885009603,760.3554291345266,Sample 1409,4.117981250564805e9,4.6173861886075945e9,5.023561604725246e9,1.3117557702780943e9,4.994049380427897e8,8.793836544633482,2.0676743487513505e7,8.792084544633484,1.2677131984799104e7,8.795588544633485,5.547117391989751e6,4.263511766501296e6,1.283605625488464e6
3438.3845601614535,1.0e-5,11375.506432564303,1.0e-5,21270.89625736292,1.0e-5,12526.748245386729,1.0e-5,1140.0957692504292,13463.353264791844,1.0e-5,877.4262663541981,1521.0954586975502,Sample 1410,4.116974105057501e9,4.616848998273696e9,5.022206243083914e9,1.3105893828366299e9,4.998748932161955e8,8.798152482545685,1.983323316357147e7,8.797415371434575,1.367213808432801e7,8.7988895936568,5.695627106519856e6,4.0668639956155033e6,1.628763110904354e6
4203.72079796942,1.0e-5,10661.07855699677,1.0e-5,21788.027859233353,1.0e-5,11475.669135603868,1.0e-5,1428.2954551163643,13315.566087787704,1.0e-5,816.3338087372936,1232.6601168976804,Sample 1411,4.116724842895002e9,4.616462899220444e9,5.020528333434711e9,1.307868924753977e9,4.997380563254414e8,8.68919252089897,2.005044202079431e7,8.688476743121193,1.3435115308790872e7,8.689908298676745,5.617245172498634e6,4.0966340473804246e6,1.520611125118206e6
4381.448397749868,1.0e-5,10957.06008583079,1.0e-5,22224.812404693144,1.0e-5,12350.719640815441,1.0e-5,117.10549217573534,14609.11153672398,1.0e-5,274.44148223725546,1172.8237722294086,Sample 1412,4.1199225651676903e9,4.616242324605089e9,5.021538144138935e9,1.30691139850509e9,4.9631975943739873e8,8.709539821214035,2.0797558939137787e7,8.708646359336274,1.2387925236629043e7,8.710433283091788,4.861047727746073e6,4.355392622202136e6,505655.1055439432
3511.4404356391383,1.0e-5,11452.418911635903,1.0e-5,22155.4375782789,1.0e-5,12325.707479847995,1.0e-5,477.1229645578368,13974.183819940175,1.0e-5,887.5581892897342,1239.5706180059992,Sample 1413,4.1184677875156827e9,4.615995979982707e9,5.020628723700025e9,1.306793679901659e9,4.975281924670244e8,9.092504105314012,1.9747550912671614e7,9.091702994202901,1.3510571646034263e7,9.09330521642512,5.724185057228778e6,4.092696155071191e6,1.63148890215759e6
3475.240604577858,1.0e-5,11422.25377206807,1.0e-5,21611.37476879682,1.0e-5,11709.434274991489,1.0e-5,1332.6341375879404,13589.542862780974,1.0e-5,673.422205034409,1136.692654321649,Sample 1414,4.1184547243809233e9,4.615876163729344e9,5.020416050856851e9,1.3065012136034334e9,4.974214393484207e8,8.78671134013863,2.0098504115433898e7,8.785995562360853,1.3232628149747862e7,8.787427117916407,5.34084789960105e6,4.105586756305647e6,1.2352611432954127e6
3937.0711406653886,1.0e-5,11097.360221494724,1.0e-5,21859.061064968886,1.0e-5,12197.79667384801,1.0e-5,468.17907563927906,14216.682347650974,1.0e-5,633.7977855385011,1255.9961949214903,Sample 1415,4.1186446407156663e9,4.615795154804063e9,5.020211266017398e9,1.3059827365150654e9,4.971505140883968e8,8.661233919554718,2.012092956869738e7,8.660475475110276,1.315648983307877e7,8.661992363999165,5.339225124104516e6,4.172807756913932e6,1.1664173671905897e6
4010.7963296853827,1.0e-5,11071.106229006535,1.0e-5,22211.77109234673,1.0e-5,11994.377194028017,1.0e-5,421.76054156709887,14220.644456869572,1.0e-5,613.4677133976924,1208.5562687972404,Sample 1416,4.118648250496471e9,4.61574751581873e9,5.020205056146115e9,1.3060143459770305e9,4.970992653222594e8,8.746445438395298,2.026225866661839e7,8.745665660617522,1.2974311007556232e7,8.747225216173078,5.332767472407546e6,4.202185899794607e6,1.1305815726129503e6
3980.015346044864,1.0e-5,10982.88645845278,1.0e-5,21699.753264667106,1.0e-5,12136.034421766097,1.0e-5,520.9560574411606,14159.944017422164,1.0e-5,752.8304465420156,1225.0357537828756,Sample 1417,4.118024932017242e9,4.615717415058159e9,5.019867037123721e9,1.305991727172041e9,4.976924830409173e8,8.769282658181059,1.9833287167235155e7,8.768545547069946,1.3509427152798068e7,8.770019769292169,5.501298284572947e6,4.113209814898986e6,1.3880884696739572e6
3812.815325194709,1.0e-5,11175.033951797703,1.0e-5,21842.0423090783,1.0e-5,12103.961470705446,1.0e-5,562.6291068099697,14137.151768932858,1.0e-5,685.7486466199255,1231.7573582669527,Sample 1418,4.118522585289795e9,4.615686860428818e9,5.020039407347283e9,1.3058693689759533e9,4.971642751390228e8,8.770624471119511,2.0010057353605e7,8.76986602667507,1.3270853488951854e7,8.771382915563958,5.403550940634722e6,4.142602108263325e6,1.260948832371403e6
3895.5442345536007,1.0e-5,11127.71526657891,1.0e-5,21912.19120441328,1.0e-5,11968.469717332395,1.0e-5,619.4934302324463,14158.609075899036,1.0e-5,566.087794557086,1232.4434598897965,Sample 1419,4.118905027092048e9,4.615691868533049e9,5.020208807941255e9,1.3058207202574117e9,4.967868414410007e8,9.038614501575298,2.027675971878936e7,9.037856057130854,1.2969140496592972e7,9.039372946019745,5.229904152809247e6,4.189225545763179e6,1.0406786070460684e6
3915.202628566348,1.0e-5,11104.10123098208,1.0e-5,21987.3085786208,1.0e-5,12096.016768050895,1.0e-5,437.141070587719,14221.680399725334,1.0e-5,663.0481912281207,1247.3872346953342,Sample 1420,4.1185713040866547e9,4.615678251060596e9,5.020021240459967e9,1.305792925772683e9,4.971069469739418e8,8.656556979836171,2.009778280577198e7,8.655798535391728,1.3161391253886836e7,8.657315424280615,5.386245405156119e6,4.1657589324453017e6,1.2204864727108232e6
3960.070017311708,1.0e-5,11058.14487953948,1.0e-5,21919.710229212447,1.0e-5,12096.020361757955,1.0e-5,448.55435124764915,14235.993520056038,1.0e-5,648.9671536226818,1246.3201572586972,Sample 1421,4.1185584756327667e9,4.615674928756489e9,5.020010235112385e9,1.305787065835513e9,4.9711645312372255e8,9.051913245536655,2.0081379888245013e7,9.051154801092212,1.318813814460212e7,9.0526716899811,5.361500197633928e6,4.166701100117151e6,1.194799097516776e6
3919.737844764233,1.0e-5,11094.98582058019,1.0e-5,21901.920994227235,1.0e-5,12089.187319118264,1.0e-5,483.19064589206977,14217.275618787706,1.0e-5,640.8531846281217,1245.137086913976,Sample 1422,4.1186181639136596e9,4.615671863116773e9,5.020027312803536e9,1.3057645985766418e9,4.970536992031135e8,8.663512725687884,2.0100543095229756e7,8.66275428124344,1.316579146051176e7,8.664271170132327,5.345930303066508e6,4.1667461766079036e6,1.1791841264586071e6
3912.5831856078667,1.0e-5,11109.073569974034,1.0e-5,21938.025378011323,1.0e-5,12097.1682384741,1.0e-5,460.7447119395604,14227.667240613975,1.0e-5,640.5031291023961,1244.3065392933074,Sample 1423,4.1186510910081377e9,4.61567051968558e9,5.020036911261358e9,1.3057522118289988e9,4.970194286774422e8,8.763016016257094,2.0110826145796757e7,8.762257571812645,1.3148339004197722e7,8.763774460701534,5.348154885882555e6,4.169741987860617e6,1.1784128980219378e6
1.0e-5,1.0e-5,20124.396646887093,1.0e-5,53218.23036813191,1.0e-5,18346.79162597224,1.0e-5,1.0e-5,4606.746090414908,1.0e-5,1.0e-5,1.0e-5,Sample 1424,4.1589182265434203e9,4.871030432097603e9,5.401438938079046e9,1.77292921751707e9,7.12112205554182e8,11.149444444444446,4.3820325191888094e7,11.084444444444445,2.8768065461036763e6,11.214444444444448,8.357107449534042e6,8.35710741668044e6,0.03285360000000002
1.0e-5,1.0e-5,18364.50843774205,1.0e-5,26246.018633018768,1.0e-5,28108.265294496447,1.0e-5,1.0e-5,10044.375729901561,1.0e-5,1.0e-5,538.3321383974877,Sample 1425,4.1169590813365045e9,4.74755531929714e9,5.275952833617153e9,1.6873912666006622e9,6.305962379606353e8,10.978042069313169,3.517648447072898e7,10.961097624868728,7.009082961580197e6,10.994986513757617,6.666983303108711e6,6.666983269485154e6,0.03362355499999997
1.0e-5,1.0e-5,21962.967155200386,1.0e-5,34929.57578186283,1.0e-5,21336.19780772051,1.0e-5,1.0e-5,7712.744006061046,1.0e-5,1.0e-5,175.695613157822,Sample 1426,4.005695116135759e9,4.691206297713643e9,5.148472344545573e9,1.6000432752417457e9,6.855111815778843e8,10.17707052720017,4.127374520692603e7,10.153181638311283,4.480557649507223e6,10.20095941608906,8.0242145696414e6,8.02421453391242e6,0.03572898
10062.007813680993,1.0e-5,9123.385814997837,1.0e-5,31898.470855417778,1.0e-5,21554.890844542864,1.0e-5,1.0e-5,9251.714442884686,1.0e-5,1.0e-5,1.0e-5,Sample 1427,4.129476345737115e9,4.6971392670363035e9,5.161907161429004e9,1.4971987100845888e9,5.67662921299189e8,9.604305555555557,3.1438691084178895e7,9.585833333333337,5.975179673228864e6,9.622777777777783,6.289132162172536e6,6.2891321378553575e6,0.024317180000000018
1.0e-5,1.0e-5,16504.250554518836,1.0e-5,26645.29697697968,1.0e-5,16792.921795494975,1.0e-5,1.0e-5,13080.738910882374,1.0e-5,1.0e-5,310.6766277897065,Sample 1428,4.1380664867551403e9,4.649186851974269e9,5.087261156770976e9,1.3872689748125427e9,5.11120365219129e8,9.256034143667296,2.4568042894779533e7,9.246012810333967,9.073572822711296e6,9.266055477000632,4.931183848190559e6,4.931183820608347e6,0.02758221
5018.566863698578,1.0e-5,12981.658423126799,1.0e-5,27808.272602568963,1.0e-5,15053.779340818473,1.0e-5,1.0e-5,12389.498330759654,1.0e-5,1.0e-5,1.0e-5,Sample 1429,4.1124608202106023e9,4.634760631021286e9,5.050520440021498e9,1.3538194288111084e9,5.222998108106838e8,8.772777777777781,2.6080435002511665e7,8.762638888888894,8.543694047319109e6,8.782916666666672,5.351803118836532e6,5.35180309193378e6,0.026902749999999982
4054.5826089343145,1.0e-5,12474.246127781445,1.0e-5,21607.098768760286,1.0e-5,19851.836235112205,1.0e-5,1.0e-5,12555.029261803726,1.0e-5,1.0e-5,3238.8346218904267,Sample 1430,4.115245207142234e9,4.652012035530577e9,5.087639405629888e9,1.408021568586965e9,5.367668283883424e8,9.297895089477002,2.5882210166557893e7,9.294465978365896,1.0018292188174093e7,9.301324200588112,5.338408730845316e6,5.338408701600983e6,0.02924432499999999
1391.2908301688556,1.0e-5,14579.250769600396,1.0e-5,26177.030746998542,1.0e-5,14795.800438847005,1.0e-5,1.0e-5,12837.072151034443,1.0e-5,1.0e-5,2767.0028900089974,Sample 1431,4.116140014035823e9,4.633470767317267e9,5.0518887253873005e9,1.354166669421511e9,5.1733075328144497e8,8.960721109556816,2.4733986449917007e7,8.95615999844571,9.197238166896023e6,8.965282220667927,5.132143744493451e6,5.132143715268394e6,0.029225049999999985
2533.7394399328455,1.0e-5,13581.856053198282,1.0e-5,22314.960172721007,1.0e-5,14957.449271349022,1.0e-5,1.0e-5,14408.74227495265,1.0e-5,1.0e-5,771.3653582517211,Sample 1432,4.123964657988454e9,4.624988528340938e9,5.036627228769306e9,1.3243012712092216e9,5.0102387035248375e8,8.768857997647551,2.2271572033094026e7,8.76608409132535,1.124078463513636e7,8.771631903969752,4.598896934803389e6,4.598896908208112e6,0.026595269999999994
1128.1013733188688,1.0e-5,14560.372489545742,1.0e-5,24189.59846665351,1.0e-5,12092.786699380615,1.0e-5,1.0e-5,14777.341229648642,1.0e-5,1.0e-5,508.08475513092947,Sample 1433,4.1230145155560646e9,4.622075319072024e9,5.034365716136094e9,1.323641597644099e9,4.9906080351595974e8,8.792334009157743,2.203443083250153e7,8.789677658391097,1.1099821044441529e7,8.794990359924391,4.545695463721059e6,4.545695436938453e6,0.026782604999999998
3627.523237417841,1.0e-5,12313.199158917061,1.0e-5,24961.913416385578,1.0e-5,13738.06336134112,1.0e-5,1.0e-5,13698.771948220203,1.0e-5,1.0e-5,1393.9656815104233,Sample 1434,4.1225938875005465e9,4.6213702874542675e9,5.035046189246736e9,1.3261282035386574e9,4.98776399953721e8,9.052585251165722,2.2781289263829377e7,9.049081251165722,1.0177504003904326e7,9.056089251165721,4.757009956698302e6,4.757009930318671e6,0.02637962500000001
2602.007063310117,1.0e-5,13125.16948993664,1.0e-5,22917.457507193787,1.0e-5,12779.129143604465,1.0e-5,1.0e-5,14756.256650181396,1.0e-5,1.0e-5,849.2907143882012,Sample 1435,4.1201314708087063e9,4.617526108180368e9,5.025411065125797e9,1.3131645512625206e9,4.973946373716623e8,8.824123584709096,2.1689710765676215e7,8.822304438731361,1.1475709543061605e7,8.825942730686831,4.515720718690637e6,4.515720692445295e6,0.026245334999999977
4667.725332767073,1.0e-5,11081.423147292211,1.0e-5,21922.258085766953,1.0e-5,12451.12948306368,1.0e-5,1.0e-5,15238.20438978018,1.0e-5,1.0e-5,1.0e-5,Sample 1436,4.1257193886565175e9,4.621164818146158e9,5.036376158599749e9,1.3258681103968222e9,4.954454294896411e8,8.784166666666671,2.101321306642753e7,8.796527777777783,1.2232056815493174e7,8.771805555555556,4.372749009532472e6,4.372748985350397e6,0.024182070000000003
2561.4721041447137,1.0e-5,12484.95190401344,1.0e-5,20619.160493549258,1.0e-5,12308.395824941135,1.0e-5,1.0e-5,15813.955670581414,1.0e-5,1.0e-5,473.76597410835336,Sample 1437,4.1269041497355013e9,4.618438557268182e9,5.030269729075638e9,1.3151967511475935e9,4.9153440753268075e8,8.982109578827979,2.0032419157853324e7,9.012627064650284,1.3012141014556007e7,8.951592093005678,4.169706513547287e6,4.169706488540357e6,0.02500691999999999
4159.6834855967445,1.0e-5,11358.408015376146,1.0e-5,21444.902170569818,1.0e-5,13539.280325990374,1.0e-5,1.0e-5,14843.938983257,1.0e-5,1.0e-5,1213.7127350687533,Sample 1438,4.1217531885704494e9,4.618042223625536e9,5.025622752975209e9,1.3114500937544334e9,4.962890350550863e8,9.036698611804242,2.1232351658682678e7,9.035838097626549,1.2029099947412511e7,9.037559125981936,4.447021499247794e6,4.447021473953315e6,0.025294474999999997
3586.3658822356165,1.0e-5,11888.618781730258,1.0e-5,22565.53685019775,1.0e-5,11838.883895411893,1.0e-5,1.0e-5,15183.685522902382,1.0e-5,1.0e-5,485.2456094570322,Sample 1439,4.1247409212055507e9,4.61705909198369e9,5.026256066286959e9,1.310712119384677e9,4.9231817077813995e8,8.728267479647135,2.09073267910415e7,8.733022649569419,1.198726318547543e7,8.723512309724851,4.369193383039728e6,4.369193357998167e6,0.025041554999999976
2777.0810377305465,1.0e-5,12395.005056618968,1.0e-5,21820.321542249076,1.0e-5,12242.766001725124,1.0e-5,1.0e-5,15275.362918871824,1.0e-5,1.0e-5,1002.4562174198793,Sample 1440,4.12400646522237e9,4.616364645602008e9,5.024567282517414e9,1.30876345421045e9,4.92358180379638e8,9.007347158958204,2.0655287350421116e7,9.01062883213611,1.2258253905483864e7,9.0040654857803,4.322355022812147e6,4.322354997146767e6,0.025665374999999994
3392.4229592061265,1.0e-5,12033.051203575398,1.0e-5,23137.84017258253,1.0e-5,11852.784444804905,1.0e-5,1.0e-5,14869.223222326007,1.0e-5,1.0e-5,1039.6056044611796,Sample 1441,4.1224322214917183e9,4.616410072345008e9,5.023310073653018e9,1.3077778534693105e9,4.939778508532895e8,8.98265796462928,2.1303552017068192e7,8.981145672673806,1.159315220361375e7,8.984170256584754,4.466064302774038e6,4.466064277215546e6,0.025558484999999995
3028.8884411572467,1.0e-5,12260.871517032665,1.0e-5,22438.328814743392,1.0e-5,12077.959755495378,1.0e-5,1.0e-5,14950.919786005457,1.0e-5,281.7633329055445,802.2395774762241,Sample 1442,4.122185436032638e9,4.615943300096406e9,5.022328503298183e9,1.306528270467323e9,4.937578640637679e8,8.983858725435834,2.043464508511059e7,8.984985322369251,1.2544026068129396e7,8.98273212850242,4.787332918359621e6,4.281106099062205e6,506226.8192974228
3122.413533003751,1.0e-5,12214.689428217767,1.0e-5,22290.985257542354,1.0e-5,12052.504496874944,1.0e-5,1.0e-5,15118.616889592799,1.0e-5,1.0e-5,981.3326286727353,Sample 1443,4.12215813415507e9,4.615816677856919e9,5.022183041220983e9,1.306391270429976e9,4.936585437018498e8,8.710555675446338,2.096388946984096e7,8.711703605713089,1.2010396882073369e7,8.709407745179588,4.390882637310849e6,4.3908826117389565e6,0.025571884999999996
2736.8144167497467,1.0e-5,12486.298206249441,1.0e-5,21930.389161111343,1.0e-5,11949.420522700831,1.0e-5,1.0e-5,15257.86654964977,1.0e-5,161.2609215925156,746.2103547109616,Sample 1444,4.1224822496771326e9,4.615793767362331e9,5.022295712299758e9,1.3063154075600536e9,4.933115176851988e8,8.80030257009032,2.039720258535287e7,8.80640238924596,1.2611305729812335e7,8.79420275093468,4.553631150962334e6,4.26647486156923e6,287156.28939311043
2543.972920475305,1.0e-5,12608.254349563082,1.0e-5,22078.16291511644,1.0e-5,12086.042672402053,1.0e-5,1.0e-5,15091.773252940262,1.0e-5,231.38999035780822,995.0499898153346,Sample 1445,4.12178305138198e9,4.615793280228347e9,5.021903796170811e9,1.306231260731294e9,4.940102288463665e8,8.762817682713715,2.038817734377355e7,8.765146168536026,1.2622846800440509e7,8.76048919689141,4.685331800191676e6,4.27052506807687e6,414806.73211480747
2709.751789800029,1.0e-5,12512.947399056535,1.0e-5,22017.19695358401,1.0e-5,11773.938866579523,1.0e-5,1.0e-5,15358.094848020442,1.0e-5,1.0e-5,839.1815775629927,Sample 1446,4.1228662998625956e9,4.6157579843639e9,5.022384542740975e9,1.3061448012554553e9,4.928916845013042e8,9.01182719626129,2.0694443125142783e7,9.017049442428068,1.226461914537393e7,9.006604950094523,4.3277691286391765e6,4.327769102986452e6,0.025652719999999997
2786.779418774361,1.0e-5,12451.835581591718,1.0e-5,21869.698791170526,1.0e-5,11905.610397144652,1.0e-5,1.0e-5,15341.066429769762,1.0e-5,40.77995645851235,809.272727485926,Sample 1447,4.1225667023484855e9,4.615712224067326e9,5.022167914070832e9,1.306056901725853e9,4.9314552171884054e8,8.712922503423654,2.060474980637322e7,8.720063989245963,1.2395104336541994e7,8.705781017601348,4.382162753903745e6,4.309587405974771e6,72575.34792897588
2863.511466613709,1.0e-5,12359.338453367634,1.0e-5,22054.117425970082,1.0e-5,12042.826062245287,1.0e-5,1.0e-5,15172.980305464293,1.0e-5,93.87065867018917,968.3702155593056,Sample 1448,4.1222886994972477e9,4.615704508785167e9,5.02195260852248e9,1.3059120087625468e9,4.9341580928791875e8,9.013527951648815,2.0627869138381567e7,9.015881642260034,1.2352892682612017e7,9.0111742610376,4.48898235826078e6,4.320607281642554e6,168375.07661823387
2746.8534491713767,1.0e-5,12450.190258730718,1.0e-5,22015.843187686056,1.0e-5,11987.155136226165,1.0e-5,1.0e-5,15203.741968639595,1.0e-5,116.0622250576472,938.9146484303475,Sample 1449,4.122273612467358e9,4.615684361925982e9,5.021893303639181e9,1.3058286328850214e9,4.934107494586243e8,8.727966987901707,2.0545228016558304e7,8.730320678512925,1.244103019608877e7,8.72561329729049,4.509962158973551e6,4.302157421613578e6,207804.73735997512
2887.1065219352713,1.0e-5,12353.967514363767,1.0e-5,22084.232415025417,1.0e-5,11919.492209799704,1.0e-5,1.0e-5,15226.242125149516,1.0e-5,71.88892818106629,885.3468352150778,Sample 1450,4.1225004387091794e9,4.615681409484155e9,5.021987875734044e9,1.3057939032747536e9,4.9318097077497566e8,8.710227605293008,2.0640559786291372e7,8.713484073682006,1.2329881805704976e7,8.706971136904016,4.450102706158055e6,4.321386554612107e6,128716.15154595015
2808.119705465224,1.0e-5,12402.189299461454,1.0e-5,21905.27553434024,1.0e-5,11986.909000736547,1.0e-5,1.0e-5,15262.090977439977,1.0e-5,90.19199241366412,884.5846562679136,Sample 1451,4.1224711433878036e9,4.615678437719517e9,5.0219691430004425e9,1.3057887048935654e9,4.932072943317127e8,9.007889830959888,2.0540205012683347e7,9.01218796601555,1.2451607388209673e7,9.003591695904227,4.46084037299375e6,4.299664217286033e6,161176.15570771828
2783.4218448627144,1.0e-5,12424.438795246555,1.0e-5,21969.626208413745,1.0e-5,11948.387191163456,1.0e-5,1.0e-5,15246.561546667124,1.0e-5,105.9538858837584,875.7837436699206,Sample 1452,4.1224493286753764e9,4.615674565571285e9,5.021947051994565e9,1.3057702097424679e9,4.932252368959091e8,8.71592116567948,2.052507782177702e7,8.720219300735145,1.2460904174528573e7,8.711623030623821,4.485984321548712e6,4.296605360860562e6,189378.96068815127
2804.5282778537844,1.0e-5,12411.864345637303,1.0e-5,21937.42116871643,1.0e-5,11937.575749657026,1.0e-5,1.0e-5,15287.724064333504,1.0e-5,43.636011431722636,908.0886611891739,Sample 1453,4.122530878827824e9,4.615673848054633e9,5.021989399141323e9,1.3057740714001887e9,4.9314296922680926e8,8.70694347851292,2.063487609634446e7,8.71022515169083,1.234668361840068e7,8.70366180533502,4.397148878490888e6,4.319121239053094e6,78027.63943779742
2798.6413163284365,1.0e-5,12414.251031541866,1.0e-5,22002.214340514798,1.0e-5,11938.261209044986,1.0e-5,1.0e-5,15245.32085309121,1.0e-5,83.13653307745655,901.5536848205502,Sample 1454,4.1224577098779087e9,4.61567130280426e9,5.021942693882614e9,1.3057563750830588e9,4.9321359292635185e8,8.99957365293004,2.0584387122230362e7,9.00283012131904,1.2394693733274242e7,8.99631718454105,4.458068030763356e6,4.309353893142015e6,148714.13762133865
1.0e-5,2515.987298665725,20148.613373204727,1.0e-5,28705.173890135444,1.0e-5,12047.340771089237,1.0e-5,11264.201956762632,1.0e-5,1.0e-5,1.0e-5,1.0e-5,Sample 1455,4.021106292401716e9,4.773490663425899e9,5.54621431688628e9,2.2978316779449463e9,7.523843710241821e8,18.11020833333334,3.1707524384825017e7,10.380138888888892,1.7789647775281463e7,25.840277777777782,7.499393965920124e6,4.809600929379076e6,2.6897930365410484e6
1.0e-5,3386.5638971608996,17569.08541461562,1.0e-5,30311.957010664933,1.0e-5,17501.503419744,1.0e-5,9955.777916950216,1.0e-5,1.0e-5,1.0e-5,1.0e-5,Sample 1456,4.0350492307068095e9,4.676280903307111e9,5.175159020031621e9,1.6389879060493226e9,6.412316726003014e8,11.35138888888889,2.5718989047644585e7,9.785555555555561,1.7131712314319618e7,12.917222222222222,7.182809853066068e6,3.942398674011145e6,3.240411179054925e6
1.0e-5,1.0e-5,13745.225078094587,4208.451638411656,14489.941831755415,1.0e-5,10877.924555220266,1.0e-5,17236.31662626914,27.861971739630548,1.0e-5,1.0e-5,1.0e-5,Sample 1457,4.1038408550978928e9,4.707444855738549e9,5.18578418213953e9,1.5602826534426165e9,6.036040006406568e8,10.441944444444447,3.235811704873981e7,9.887361111111115,9.707302960852886e6,10.996527777777782,5.041071379016162e6,3.1951145199107435e6,1.8459568591054154e6
1.0e-5,4291.260398667504,12764.263744566078,1.0e-5,23682.64235123818,1.0e-5,16642.04708334642,1.0e-5,13217.548373788159,1.0e-5,1.0e-5,1.0e-5,1.0e-5,Sample 1458,4.107842387927715e9,4.655789082860715e9,5.137084690986976e9,1.5105379111855216e9,5.479466949330004e8,10.294722222222227,1.9998943915206105e7,9.468472222222227,1.6707528694495993e7,11.120972222222228,5.358642331015683e6,2.133573071530404e6,3.225069259485268e6
1.0e-5,1545.3008849944042,17544.280082892074,1.0e-5,26914.867276103356,1.0e-5,18137.80417521631,1.0e-5,9219.474456346557,2317.164420465243,1.0e-5,1.0e-5,1.0e-5,Sample 1459,4.0672899320016627e9,4.651115810859427e9,5.096916404621515e9,1.47542706638194e9,5.838258788577644e8,9.635138888888891,3.039012170553335e7,9.614444444444441,8.6110684693455e6,9.655833333333334,6.159793173729198e6,4.729156643792073e6,1.4306365299371222e6
1.0e-5,3586.5698011652394,11994.772380631077,1.0e-5,21562.340584982645,1.0e-5,6836.620360490285,1.0e-5,16006.692886210145,340.0649443408632,1.0e-5,1.0e-5,1.0e-5,Sample 1460,4.104899683146963e9,4.650422541660852e9,5.090258579685045e9,1.4251949345622756e9,5.455228585138888e8,9.595000000000002,2.3290364551714037e7,9.087500000000004,1.3594565610328179e7,10.102500000000004,4.812393523921717e6,2.1378595727257463e6,2.6745339511959585e6
1.0e-5,2530.781824846592,12556.241021087593,1.0e-5,22099.564129583712,1.0e-5,11642.158791160358,1.0e-5,14039.964677592594,1029.8753611386862,1.0e-5,1.0e-5,1390.175187966649,Sample 1461,4.126756284245669e9,4.638862021146525e9,5.073686617757668e9,1.3817549301231403e9,5.1210573690085655e8,9.896575303864742,2.3975708474451195e7,9.39886736639362,1.0167323545985635e7,10.394283241335858,4.568142980111172e6,2.6478843818455194e6,1.9202585982656423e6
1.0e-5,2551.930290034929,11224.3756423505,1.0e-5,21927.27654017259,1.0e-5,8759.600397572383,1.0e-5,13953.404245429077,2474.9366892889934,1.0e-5,1.0e-5,1.0e-5,Sample 1462,4.1266584246359735e9,4.64694534305518e9,5.158088130940587e9,1.542572494190021e9,5.2028691841920626e8,10.572361111111112,2.365435424160597e7,10.568472222222224,1.0661590865563374e7,10.576250000000002,4.1451450415227134e6,2.3518800091353212e6,1.7932650323873824e6
1.0e-5,2106.6014748838716,12633.521397415634,1.0e-5,22503.225713063905,1.0e-5,8047.365169862619,1.0e-5,13359.919739033678,2404.8722651495173,1.0e-5,1.0e-5,1125.1859580609087,Sample 1463,4.0982787968119044e9,4.630330786210954e9,5.065003513293992e9,1.4013974435651257e9,5.3205198939904886e8,9.667384896408324,2.598194080549214e7,9.65382419487503,9.554540284002837e6,9.680945597941612,4.708905264141109e6,3.0391066934962887e6,1.6697985706448022e6
3866.6317272570536,1676.3141319191072,9505.613956550882,1.0e-5,17807.998892104493,1.0e-5,8746.962490910315,1.0e-5,14829.051891253546,1330.9093203440616,1.0e-5,677.7531041044614,929.7538402580614,Sample 1464,4.088000319467882e9,4.636160360838752e9,5.06216425380324e9,1.4001678272998464e9,5.481600413708696e8,9.44353766431422,3.053488201963073e7,9.118914685948337,6.990761782770426e6,9.768160642680112,5.71170972275517e6,3.410095713491173e6,2.3016140092640053e6
3633.581088678535,1.0e-5,9766.258517303506,2014.1230323278417,21906.424354021743,1.0e-5,8868.510546714306,1.0e-5,13057.141521814045,1026.2444401553848,1.0e-5,1806.8683636798237,1402.6240162098788,Sample 1465,4.072202591650105e9,4.633479447863911e9,5.062283126061188e9,1.41888421260836e9,5.612768562138052e8,9.272721136820003,2.956961829020794e7,9.20893254198698,8.200137847440013e6,9.336509731653015,8.1299331419313075e6,3.768285410246113e6,4.361647731685215e6
4184.097806144788,1.0e-5,11308.216419397726,1.0e-5,20364.622735519788,1.0e-5,9477.233029246765,1.0e-5,11325.592133793854,4650.92590702442,1.0e-5,44.988868978683705,412.3916635124661,Sample 1466,4.1003852934226117e9,4.624413867898648e9,5.042314488277128e9,1.3598298152329965e9,5.240285744760363e8,8.970360471917665,3.2311524069473844e7,8.970360471917665,3.1404923071855623e6,8.970360471917665,4.620817356476158e6,4.535381609144957e6,85435.7473312096
1528.3742821018068,1.0e-5,11954.57386819118,1.0e-5,19059.555230387163,1.0e-5,15006.039118081684,1.0e-5,9930.101991402222,3034.0149358398694,1.0e-5,3470.344417917942,2250.004608091725,Sample 1467,4.105395281171667e9,4.64671196419594e9,5.076919261432724e9,1.40173127749784e9,5.413166830242729e8,10.139708084183995,2.5279512597718876e7,10.139013639739554,1.1400786332902573e7,10.140402528628442,1.0286616639827006e7,3.2853777502433336e6,7.001238889583665e6
2891.366561744229,1.0e-5,366.586082874642,11658.673694990213,23115.18036401321,1.0e-5,14008.834635997046,1.0e-5,11248.379726803727,2024.448240045441,1.0e-5,1957.3628020990204,606.1826461212066,Sample 1468,4.121595876544195e9,4.629401047324088e9,5.054238249138485e9,1.3574795744086869e9,5.0780517077989286e8,9.257448041881963,1.8105497480973784e7,9.249072041881968,1.5724049593556756e7,9.265824041881967,7.471797005050957e6,1.918208952380312e6,5.553588052670631e6
1.0e-5,1.0e-5,1831.2803026326733,12288.523607185363,18849.90819281254,1.0e-5,12499.727208895036,1.0e-5,12128.283848344636,3204.290659795498,1.0e-5,1062.0971836090612,1963.2152772977863,Sample 1469,4.109772845246264e9,4.628201039093268e9,5.045705306423075e9,1.3534367285066164e9,5.1842819384700435e8,8.974355488762864,1.1077502535982965e7,8.974355488762864,2.395037761428573e7,8.974355488762864,5.904271805162502e6,267704.6679527436,5.636567137209749e6
1877.348460969475,1.0e-5,1.0e-5,13059.554846303512,22997.40334995055,1.0e-5,11948.433424535608,1.0e-5,10357.103951865272,3852.634342708611,1.0e-5,1085.900573934078,1260.6650299000335,Sample 1470,4.1144490150690823e9,4.620151729467466e9,5.029282648566709e9,1.3239645525968688e9,5.05702714398384e8,8.886033346649867,1.4044712977817398e7,8.8850506799832,1.9636933943993837e7,8.887016013316533,6.142641838044816e6,1.3630464356697984e6,4.779595402374991e6
2241.0042750157004,1.0e-5,1.0e-5,12523.665114366358,19558.51402141887,1.0e-5,11839.490581790378,1.0e-5,9925.473444911946,6162.611939069011,1.0e-5,156.77868099289083,613.7715727645866,Sample 1471,4.123367103275708e9,4.621249834281632e9,5.033416491299963e9,1.3222160450425858e9,4.978827310059242e8,9.063398128166352,1.4725933043175906e7,9.063398128166352,1.8896426574879892e7,9.063398128166352,4.360962683250845e6,1.6051049821471588e6,2.75585770110369e6
3204.0154414824738,1.0e-5,1.0e-5,11642.565949035174,21238.625201576702,1.0e-5,11472.171373535117,1.0e-5,9160.069980256805,5884.096508558651,1.0e-5,943.1662423541873,646.7866453108468,Sample 1472,4.11836997948555e9,4.618571905080647e9,5.0256269765754175e9,1.3143120685846386e9,5.002019255950975e8,8.894872111615213,1.6385760255147077e7,8.894690556059654,1.7223228511750087e7,8.895053667170764,5.683394078970757e6,2.0711585441931263e6,3.612235534777635e6
2680.7563366732834,1.0e-5,1.0e-5,12216.746368496133,20573.361199843814,1.0e-5,10623.702722024373,1.0e-5,8834.544033767608,7191.129251857206,1.0e-5,1.0e-5,885.6873252418735,Sample 1473,4.1191228684100895e9,4.61728035239636e9,5.022733717218796e9,1.3090642136311424e9,4.981574839862712e8,8.737994721907164,1.5017955712419666e7,8.737994721907167,1.8517246763182797e7,8.737994721907167,4.2339276235293485e6,1.9045396355534408e6,2.329387987975893e6
3447.409344766463,1.0e-5,1.0e-5,11352.627458599321,21047.73310184921,1.0e-5,10836.56641137671,1.0e-5,8439.478564819201,7032.698438806737,1.0e-5,400.91484936165074,1093.4952224344067,Sample 1474,4.117775234834648e9,4.616651833499431e9,5.021748131743113e9,1.3090691951521468e9,4.988765986647822e8,8.71406543045579,1.652025605262909e7,8.71404409712246,1.6996142352612883e7,8.714086763789128,4.8902500359607395e6,2.2733659583234694e6,2.6168840776372706e6
2470.699360219071,1.0e-5,1.0e-5,12388.329619112399,21277.81693684521,1.0e-5,11370.84473194952,1.0e-5,8014.546212177837,7342.458579836611,1.0e-5,485.46880265878093,929.3595343847627,Sample 1475,4.1193019439480863e9,4.616395971314699e9,5.021877261125099e9,1.3080566069874125e9,4.970940273666126e8,8.78982214341525,1.3516546503626406e7,8.78975814341525,1.982947786244022e7,8.78988614341525,4.982491254775832e6,1.7306406482189237e6,3.251850606556904e6
2505.653066187859,1.0e-5,1.0e-5,12051.441991033867,21205.53577529144,1.0e-5,10115.89334109352,1.0e-5,8337.585146125295,7144.408400422349,1.0e-5,830.5059615616146,858.4338024845251,Sample 1476,4.1157605664129157e9,4.616583646782862e9,5.020424724852177e9,1.3085052365085757e9,5.008230803699462e8,8.719318433984457,1.3710388938028691e7,8.719318433984458,1.9936468058141496e7,8.719318433984458,5.464488908592606e6,1.7050634065433997e6,3.7594255020492114e6
2990.864992489461,1.0e-5,1.0e-5,11806.343215786452,20823.863127210076,1.0e-5,10613.774866980068,1.0e-5,8025.540981136213,7672.799268431365,1.0e-5,383.4823308600695,884.124973295802,Sample 1477,4.1175943026914434e9,4.615943486673632e9,5.019989517066822e9,1.30644124476857e9,4.983491839821882e8,8.70188752816635,1.4954665403559666e7,8.701887528166353,1.8572523975720283e7,8.701887528166353,4.805322491813756e6,2.027223426649496e6,2.778099065164268e6
2935.3456118534386,1.0e-5,1.0e-5,11981.026997128625,21621.949894400484,1.0e-5,10657.808640518791,1.0e-5,7688.3296211469315,7817.797481625861,1.0e-5,282.1411705805621,934.4744459524735,Sample 1478,4.118770777435887e9,4.61592163545146e9,5.020581559100308e9,1.30647070531327e9,4.9715085801557326e8,8.899053218021429,1.4596570206359588e7,8.899031884688096,1.873153006592244e7,8.899074551354763,4.718699190376908e6,2.0239552637724562e6,2.694743926604458e6
2764.3068001850747,1.0e-5,1.0e-5,12059.347513972612,21090.420003850984,1.0e-5,10758.039176859716,1.0e-5,7833.90276803338,7754.027570481533,1.0e-5,381.24931459756,953.5892562343997,Sample 1479,4.117802289238163e9,4.615774342247824e9,5.019902973996785e9,1.3062293165075839e9,4.9797205300966114e8,8.715023013274523,1.4185480347848793e7,8.715023013274527,1.926619107848771e7,8.715023013274527,4.824497562671541e6,1.9089478368331455e6,2.915549725838384e6
2971.2930125485514,1.0e-5,1.0e-5,11772.498152751776,21041.070161844495,1.0e-5,10686.613892531115,1.0e-5,7890.758387892822,7649.814068368266,1.0e-5,507.57878509975706,924.9864615128005,Sample 1480,4.117716352647402e9,4.615749412385518e9,5.019853052132414e9,1.3062403392319074e9,4.980330597381164e8,8.782830185129175,1.4715268846735978e7,8.782830185129173,1.8753128807355575e7,8.782830185129173,4.9975936697434215e6,2.0007216632832882e6,2.9968720064601237e6
2735.9004261216273,1.0e-5,1.0e-5,12106.944286925933,20917.019812947856,1.0e-5,10709.68630820761,1.0e-5,7790.17403565482,7973.212805911411,1.0e-5,232.05560436945154,910.2828145079562,Sample 1481,4.1185053359197083e9,4.615723351493678e9,5.020091570479759e9,1.3059544535461316e9,4.9721801557396996e8,8.805399116614158,1.4139996327250909e7,8.805399116614156,1.9284241380558595e7,8.805399116614156,4.581273970641191e6,1.9062521047417407e6,2.6750218658994604e6
2711.6564144531217,1.0e-5,1.0e-5,12083.92499812413,20833.112093507974,1.0e-5,10862.32562980418,1.0e-5,7817.9295635411,7809.093279646766,1.0e-5,428.01101780193846,914.9300990998314,Sample 1482,4.117687129347549e9,4.615712613483104e9,5.019651475454582e9,1.3059032080785115e9,4.9802548413555485e8,8.81097264268011,1.402334832262951e7,8.810972642680115,1.9468653133965105e7,8.810972642680115,4.867009880966627e6,1.8693017155470983e6,2.997708165419526e6
2794.2295940861945,1.0e-5,1.0e-5,12011.44407950956,20966.574520329577,1.0e-5,10710.959117242906,1.0e-5,7810.766877447621,7841.238413530847,1.0e-5,373.6292167601324,915.196835513204,Sample 1483,4.117891040687735e9,4.615681748411057e9,5.019698581040037e9,1.305824372981281e9,4.9779070772332263e8,8.803273310480996,1.4244176961023062e7,8.803273310480996,1.921611961221875e7,8.803273310480996,4.795915609981327e6,1.9226345457628246e6,2.873281064218505e6
2747.3319083731944,1.0e-5,1.0e-5,12100.736792743346,21114.2925153377,1.0e-5,10710.2431248339,1.0e-5,7737.590005381692,7901.327755534363,1.0e-5,328.77540706121,909.6489825402284,Sample 1484,4.1181028219232883e9,4.615686563481612e9,5.019818726695279e9,1.3058480679856563e9,4.975837415583243e8,8.715505127872298,1.4076898756680623e7,8.715505127872298,1.934882249410419e7,8.715505127872298,4.74204597080293e6,1.9045663449360856e6,2.837479625866843e6
2887.6606820399784,1.0e-5,1.0e-5,11969.92486975649,21035.91419363225,1.0e-5,10738.249168116508,1.0e-5,7745.194178982365,7898.284562224299,1.0e-5,321.98619724407746,917.5096713813962,Sample 1485,4.1179911831276445e9,4.61568133370847e9,5.019740441140499e9,1.3058083654448829e9,4.976901505808254e8,8.61470165767696,1.4498376340702638e7,8.614701657676958,1.894761733565186e7,8.614701657676958,4.7334430875344025e6,1.9836070021749367e6,2.7498360853594677e6
2793.6233216598325,1.0e-5,1.0e-5,12034.313896014874,20995.792498805273,1.0e-5,10728.117158335479,1.0e-5,7772.993126594093,7880.0873248713815,1.0e-5,347.998269182466,916.0972992767166,Sample 1486,4.1179542228599763e9,4.615672475406315e9,5.019695573772646e9,1.305764449279e9,4.9771825254633904e8,8.712965522159209,1.4206242814223139e7,8.71296552215921,1.924514712808555e7,8.71296552215921,4.762778724684687e6,1.9266177646243696e6,2.8361609600603217e6
26.45299933759821,1.0e-5,13751.073215808528,1.0e-5,50437.99356913456,1.0e-5,13271.786538608903,1.0e-5,1.0e-5,1.0e-5,1.0e-5,9505.843399256699,3492.5552312000127,Sample 1487,4.0754820918982058e9,4.90636817800372e9,5.49854082014215e9,2.0152313703823743e9,8.308860861055144e8,13.517140535055667,2.3632465523656677e7,13.065778868388998,3.1050958385554567e7,13.968502201722327,2.7526589685872473e7,4.616829576927283e6,2.2909760108945187e7
5948.9610449005,1.0e-5,13722.33266091644,1.0e-5,45645.93582079035,1.0e-5,4212.975927566975,1.0e-5,1.0e-5,9021.069482154018,1.0e-5,1.0e-5,1.0e-5,Sample 1488,4.0666586637239327e9,4.828694769434853e9,5.336503540923636e9,1.7776536486884873e9,7.6203610571092e8,11.506388888888889,4.535689563264114e7,11.463333333333335,5.368063096690127e6,11.549444444444443,8.90857917948012e6,8.908579147820154e6,0.031659975000000014
2387.0561966232785,1.0e-5,15472.754471194932,1.0e-5,44082.657510222,1.0e-5,15876.297763608292,1.0e-5,1.0e-5,4631.954496696908,1.0e-5,3404.0740071894547,1.0e-5,Sample 1489,3.9834470057718863e9,4.722287697806717e9,5.301784084092348e9,1.897833464606092e9,7.388406920348305e8,12.568333333333339,3.4152679818941735e7,12.521250000000007,1.3941719562358651e7,12.615416666666667,1.4446223058097558e7,6.642792217232312e6,7.803430840865227e6
7356.407738906902,1.0e-5,9823.11808763707,1.0e-5,39061.152871844555,1.0e-5,10569.745685478829,1.0e-5,1.0e-5,6869.355652492253,1.0e-5,2846.8460486986933,2227.529346172219,Sample 1490,3.994302910674083e9,4.693037944855089e9,5.173866213208473e9,1.6603915708877726e9,6.987350341810063e8,10.718128857802986,3.234659543667706e7,10.688118413358545,1.3643618178329123e7,10.748139302247427,1.3528217567042649e7,6.617565518883975e6,6.91065204815867e6
1.0e-5,1.0e-5,18538.23701518602,1.0e-5,33648.70060894611,1.0e-5,9948.017329673092,1.0e-5,1.0e-5,9797.8812441307,1.0e-5,2493.740919695513,1.0e-5,Sample 1491,4.0119216611502657e9,4.6657348661149435e9,5.108533177516372e9,1.5394098277675347e9,6.538132049646775e8,9.824583333333331,2.9699273354693737e7,9.810555555555558,1.3724507987543486e7,9.838611111111108,1.1441672738223033e7,5.962978294215302e6,5.47869444400776e6
4025.104847564473,1.0e-5,13396.903026992646,1.0e-5,33881.89691815026,1.0e-5,17345.525077116654,1.0e-5,1.0e-5,8608.162470395979,1.0e-5,2428.2094299847804,1.0e-5,Sample 1492,4.0973650765739613e9,4.663017481611184e9,5.116932807790188e9,1.4734830573952286e9,5.65652405037223e8,9.549999999999997,2.4999319418739688e7,9.531111111111112,1.2034199179761259e7,9.568888888888889,9.989396471694293e6,5.059271981763376e6,4.930124489930945e6
3714.4908383382417,1.0e-5,12841.185640875841,1.0e-5,30560.38163377146,1.0e-5,11610.02602848696,1.0e-5,1.0e-5,12517.822697515307,1.0e-5,1.0e-5,1058.1304515757092,Sample 1493,4.1192451376763825e9,4.639950582419849e9,5.061989109961617e9,1.3647824998270035e9,5.207054447434669e8,9.321826015458935,2.5781181705056444e7,9.311997126570049,8.264280218583406e6,9.331654904347827,5.335921522990467e6,5.335921495048088e6,0.027942380000000006
2344.988396293281,1.0e-5,13163.110386109263,1.0e-5,27916.29019973069,1.0e-5,12308.241748110044,1.0e-5,1.0e-5,11223.355780330503,1.0e-5,3380.446902733341,389.84524494709586,Sample 1494,4.0963356488074017e9,4.632598320594557e9,5.041368801237578e9,1.353803633073198e9,5.362626717871555e8,9.047152235454735,1.848189929629863e7,9.040346679899178,1.7056976475660905e7,9.053957791010294,1.0539571608039517e7,3.892812648574311e6,6.646758959465217e6
2807.3351602765647,1.0e-5,11765.754053419965,1.0e-5,25302.562158272216,1.0e-5,7739.085414921563,1.0e-5,1.0e-5,13984.10336383443,1.0e-5,1783.974469803225,1372.6144298522836,Sample 1495,4.1019638828929543e9,4.628916133021099e9,5.034176815754001e9,1.337473615593948e9,5.2695225012814474e8,8.760368673177908,1.957762235834179e7,8.767557139844579,1.5454083506866489e7,8.753180206511237,7.597082585755452e6,4.15937622258224e6,3.437706363173233e6
7113.005669304117,1.0e-5,8772.870928092725,1.0e-5,26292.589989628246,1.0e-5,11491.311594663342,1.0e-5,1.0e-5,13023.33629993089,1.0e-5,955.2840693463091,970.2399355434999,Sample 1496,4.115352374093746e9,4.628838759978442e9,5.036296685636125e9,1.328402237200061e9,5.1348638588469565e8,8.935333299264862,2.1828555555797316e7,8.931594188153753,1.2214984352081932e7,8.939072410375973,6.4862683204591265e6,4.606444668829846e6,1.8798236516292905e6
1254.2579838702968,1.0e-5,13877.511933205673,1.0e-5,25510.900398521917,1.0e-5,11297.90333696682,1.0e-5,1.0e-5,13911.50493598566,1.0e-5,979.686436959082,928.3188894934495,Sample 1497,4.122363562914024e9,4.623601566849192e9,5.031515666084408e9,1.3170662024055998e9,5.012380039351678e8,8.983055630119726,2.0441434246535636e7,8.980053630119725,1.2682546866037244e7,8.986057630119726,6.043004981341895e6,4.265615878597487e6,1.7773891027444117e6
3566.953505408991,1.0e-5,11052.96084433865,1.0e-5,24494.5900110131,1.0e-5,10812.269452192397,1.0e-5,1.0e-5,13316.89612147935,1.0e-5,2191.9682158816554,1103.9953895495626,Sample 1498,4.11049470631987e9,4.620339182681619e9,5.0227613107783165e9,1.3146887325551434e9,5.0984447636174893e8,8.8916172431422,1.786349255748726e7,8.891905909808868,1.6048753011596836e7,8.891328576475528,7.997072141223769e6,3.815070630345754e6,4.182001510878032e6
4405.6106269592,1.0e-5,11532.1144612224,1.0e-5,24563.096685360637,1.0e-5,9646.878557048718,1.0e-5,1.0e-5,15037.007066058874,1.0e-5,1.0e-5,55.87642064970499,Sample 1499,4.1189712010543175e9,4.622996278068542e9,5.032884255656809e9,1.3238010321907582e9,5.0402507701422447e8,8.701704961562697,2.2121379913020015e7,8.705619055240497,1.1462792781632908e7,8.6977908678849,4.621397444036198e6,4.621397418621354e6,0.025414839999999984
3566.476465135864,1.0e-5,12748.865040501982,1.0e-5,25947.423026578243,1.0e-5,15317.64120579213,1.0e-5,1.0e-5,12383.791609408652,1.0e-5,871.1866434119341,1332.385271454123,Sample 1500,4.116216080169921e9,4.626397844415287e9,5.037562548736294e9,1.3325111728873808e9,5.101817642453656e8,8.944161113883643,2.2448792407360245e7,8.938488447216978,1.1259415806056146e7,8.949833780550309,6.359491574463006e6,4.683916592420031e6,1.6755749820429706e6
3364.8093415652843,1.0e-5,12158.036525936675,1.0e-5,24660.18220213596,1.0e-5,11846.2623360804,1.0e-5,1.0e-5,13847.207594881176,1.0e-5,794.1135173282137,1059.362313460153,Sample 1501,4.1167979491749988e9,4.618605701131227e9,5.024062277827424e9,1.312720905348624e9,5.018077519562281e8,8.73239774047469,2.0771329529106155e7,8.729694851585803,1.2524226944289038e7,8.735100629363583,5.857073910139043e6,4.373697812440575e6,1.4833760976984624e6
1916.1367923273228,1.0e-5,12800.049772528422,1.0e-5,23506.812595835087,1.0e-5,10436.39348559535,1.0e-5,1.0e-5,14213.828182859625,1.0e-5,1715.3100390416614,742.1992334262169,Sample 1502,4.1121525518513894e9,4.618139942608576e9,5.020782717438425e9,1.3112729404168851e9,5.0598739075718606e8,8.769011711279143,1.8248385053934246e7,8.782289955723588,1.5501374570917582e7,8.7557334668347,7.00877956897113e6,3.8582840895951577e6,3.1504954793759747e6
3196.6050185243434,1.0e-5,11724.326395758046,1.0e-5,23683.57043907429,1.0e-5,11402.652522903942,1.0e-5,1.0e-5,13955.461069190302,1.0e-5,1512.2764037439078,789.0507453663133,Sample 1503,4.1157771990644474e9,4.617038795938463e9,5.021630966948049e9,1.3104459388931863e9,5.0126159687401617e8,8.907150840411678,1.8639053190146282e7,8.907460840411682,1.4752665904080383e7,8.90684084041168,6.747454961299549e6,3.946920606300966e6,2.8005343549985923e6
2806.5490526698136,1.0e-5,12153.583680870754,1.0e-5,23588.685965152144,1.0e-5,10273.280041243612,1.0e-5,1.0e-5,14836.353774839838,1.0e-5,626.8346256879926,906.8745129586595,Sample 1504,4.119324557294717e9,4.617154394408194e9,5.022574184368374e9,1.3086694170338373e9,4.97829837113477e8,8.90055434337324,2.000570964866363e7,8.901769419617729,1.3129752986709373e7,8.899339267128754,5.350466368909345e6,4.216605170439582e6,1.1338611984697727e6
2920.833111191636,1.0e-5,11918.641002516471,1.0e-5,23428.436671581476,1.0e-5,10666.51139926146,1.0e-5,1.0e-5,14383.965206337518,1.0e-5,1208.1004850612412,954.8141141535326,Sample 1505,4.11534048338906e9,4.616164714609108e9,5.019176321409571e9,1.3068474448209746e9,5.008242312200475e8,8.868839784162992,1.9023451722468026e7,8.872112988951903,1.4356590315928228e7,8.865566579374082,6.251874963360082e6,4.026259263617245e6,2.225615699742836e6
3042.664165138218,1.0e-5,11791.168958368085,1.0e-5,23254.965662294384,1.0e-5,10838.1238349894,1.0e-5,1.0e-5,14265.560757160614,1.0e-5,1384.484398008725,931.4639130534674,Sample 1506,4.1136722155433965e9,4.61588836351414e9,5.018328204778886e9,1.307095830500234e9,5.022161479707436e8,8.62270753152699,1.870166925143582e7,8.625980736315903,1.4807387978832712e7,8.61943432673808,6.531074319900891e6,3.9662210504007395e6,2.564853269500144e6
2963.548576150982,1.0e-5,11874.518936075812,1.0e-5,23238.57952569498,1.0e-5,10795.290166838578,1.0e-5,1.0e-5,14400.830522773233,1.0e-5,1227.3323459571375,926.739597912075,Sample 1507,4.1152403262596693e9,4.615725854373623e9,5.018529681169335e9,1.3060931817053788e9,5.0048552811395323e8,8.69279370266751,1.891138030100801e7,8.696066907456418,1.4470688697522324e7,8.689520497878599,6.264596263927346e6,4.0034837469732044e6,2.261112516954146e6
3220.3742902685026,1.0e-5,11729.693780996104,1.0e-5,23353.585533213467,1.0e-5,10936.676248456452,1.0e-5,1.0e-5,14390.679242605118,1.0e-5,1073.9966103602399,962.4183602995621,Sample 1508,4.1159337829332848e9,4.615763873143377e9,5.018982565277097e9,1.3062674744775314e9,4.998300902100923e8,8.716521243772316,1.9277134325553115e7,8.717668448561229,1.4042937159485525e7,8.715374038983411,6.062265491019253e6,4.079838385853058e6,1.982427105166192e6
3105.1640624666843,1.0e-5,11739.975419424305,1.0e-5,23245.076721757992,1.0e-5,10827.195834806267,1.0e-5,1.0e-5,14383.907957268817,1.0e-5,1215.6699790137366,944.0225730227506,Sample 1509,4.1153889285879626e9,4.615706226168379e9,5.0185571644263735e9,1.306019174096405e9,5.003172975804161e8,8.790948671203534,1.893816222957279e7,8.794221875992438,1.443155146953326e7,8.78767546641462,6.253344524337953e6,4.0101795610529906e6,2.2431649632849875e6
2983.314357688613,1.0e-5,11779.86509859527,1.0e-5,23132.70322840732,1.0e-5,10641.20126927865,1.0e-5,1.0e-5,14467.06203983833,1.0e-5,1259.0941858706592,903.1933084496654,Sample 1510,4.1154765010071125e9,4.615714801086973e9,5.018599144333384e9,1.3060069865726824e9,5.0023830007986045e8,8.92493980081916,1.8742011873686288e7,8.93042335005251,1.4637370338875704e7,8.919456251585803,6.284966930592607e6,3.9697010479442305e6,2.3152658826483693e6
3002.910592773448,1.0e-5,11790.496463804213,1.0e-5,23167.54473993693,1.0e-5,10700.12820127937,1.0e-5,1.0e-5,14427.964110158697,1.0e-5,1246.152814221881,952.7356609872038,Sample 1511,4.1150554520434227e9,4.615680805204112e9,5.018268872543126e9,1.3058014878387165e9,5.006253531606898e8,8.851053546859902,1.882030691791367e7,8.854465640537706,1.4580034826471336e7,8.847641453182105,6.286312310376348e6,3.9889404790709717e6,2.297371831305374e6
2958.8356897302983,1.0e-5,11827.882796870788,1.0e-5,23159.996651389964,1.0e-5,10712.382566934311,1.0e-5,1.0e-5,14427.460276415613,1.0e-5,1256.9328589795125,944.2850992928006,Sample 1512,4.115104008955386e9,4.615673979018637e9,5.018278205331497e9,1.3057784226889708e9,5.005699700632509e8,8.792984195547154,1.879144031566834e7,8.797320400336067,1.4605561600784084e7,8.78864799075825,6.298215201561156e6,3.9824224671514556e6,2.3157927344097043e6
3023.005779504057,1.0e-5,11803.61472714928,1.0e-5,23191.436947041766,1.0e-5,10720.413872868816,1.0e-5,1.0e-5,14445.660324563309,1.0e-5,1191.2517833392483,954.6050742674636,Sample 1513,4.1152783457818274e9,4.615675417615874e9,5.018359962827049e9,1.305766162256397e9,5.003970718340468e8,8.813106601092205,1.8939036346412815e7,8.816401139214449,1.4441488159664992e7,8.809812062969968,6.207814666000765e6,4.012522040933592e6,2.195292625067181e6
3028.0908900177506,1.0e-5,11768.463982816522,1.0e-5,23161.61484264127,1.0e-5,10697.938477567346,1.0e-5,1.0e-5,14431.800490201998,1.0e-5,1244.5125137003358,943.002322796409,Sample 1514,4.1150970461511664e9,4.615671630527395e9,5.018262640502683e9,1.3057566043268032e9,5.0057458437622905e8,8.706252567275781,1.8818155282752432e7,8.709547105398027,1.458078710072899e7,8.702958029153542,6.282760960528945e6,3.988486241998776e6,2.294274718530163e6
1.0e-5,1.0e-5,15050.045319022987,1.0e-5,46897.90821944586,1.0e-5,19159.345655801164,1.0e-5,1.0e-5,1.0e-5,1.0e-5,9605.659440984025,1.0e-5,Sample 1515,4.0254379131212745e9,4.857064545467158e9,5.54292870222221e9,2.203354945855988e9,8.316266323458838e8,14.737499999999997,2.247181025115389e7,14.329166666666671,3.16789246196492e7,15.145833333333334,2.638750792898163e7,4.214426269100537e6,2.21730816598811e7
1.0e-5,1.0e-5,12668.073552193477,1.0e-5,43559.60291384404,1.0e-5,11302.246393148787,1.0e-5,1.0e-5,972.130324125092,1.0e-5,8525.615588849485,6680.546372202651,Sample 1516,3.864414912572848e9,5.045514983038802e9,6.40353131420916e9,3.8971327328066697e9,1.1811000704659545e9,23.247452352446974,3.668990987729356e7,23.12211124133586,3.559415876849544e7,23.37279346355807,2.8940945594676923e7,5.930020581534914e6,2.3010925013142038e7
1.0e-5,1.0e-5,17084.05103436768,1.0e-5,41773.299097618765,1.0e-5,9871.607818767001,1.0e-5,1.0e-5,4261.5243637482745,1.0e-5,6590.4334393622785,1.0e-5,Sample 1517,3.8924466223027935e9,4.716162994864389e9,5.214019287626748e9,1.8194289580863125e9,8.237163725615958e8,11.490138888888893,3.0467836653556075e7,11.453194444444446,2.474008078883037e7,11.527083333333339,2.2362914597052194e7,6.03047672674396e6,1.6332437870308219e7
1.0e-5,1.0e-5,8210.159087465378,1.0e-5,25888.233590771553,1.0e-5,21645.569162406337,1.0e-5,1.0e-5,4430.731812442237,1.0e-5,11132.69680218266,5945.463270585686,Sample 1518,4.065205832908245e9,4.931642181422295e9,5.950263792646281e9,2.903679570962023e9,8.6643634851405e8,27.309197710564998,1.2119050560459489e7,27.30063674648184,4.3005155423972994e7,27.317758674648193,2.8028456106135383e7,1.8630860100980964e6,2.6165370096037284e7
1.0e-5,1.0e-5,14865.024095609277,1.0e-5,32887.68987606147,1.0e-5,26142.60484365059,1.0e-5,1.0e-5,3861.6937621789084,1.0e-5,5672.2769009742,4718.291529168529,Sample 1519,4.0423715145071263e9,4.74739619452466e9,5.351276225855291e9,1.9127847426787975e9,7.050246800175338e8,12.943310656164677,2.4653071822661176e7,12.920810656164672,2.0909694587552585e7,12.965810656164678,1.804263044450206e7,4.884082045115055e6,1.3158548399387049e7
1.0e-5,1.0e-5,15008.01789593812,1.0e-5,29945.75142834559,1.0e-5,13984.52360084771,1.0e-5,1.0e-5,6394.746515341708,1.0e-5,7599.950012561339,2471.9811006410705,Sample 1520,3.984027692103097e9,4.678616871760564e9,5.1222861495396e9,1.5819277352155404e9,6.945891796574668e8,10.435853403906744,1.7348728206364907e7,10.42505229279563,2.9207743350596834e7,10.446654515017851,2.1864358771978248e7,3.676528738088573e6,1.8187830033889707e7
1.0e-5,1.0e-5,16301.628498615783,1.0e-5,30109.352234783677,1.0e-5,16713.891574470363,1.0e-5,1.0e-5,9336.808134018978,1.0e-5,3972.3691332910025,1.0e-5,Sample 1521,4.0985393698196917e9,4.657461748373541e9,5.082414787960309e9,1.4088284577273846e9,5.589223785538492e8,9.405833333333335,2.019566324173345e7,9.392916666666668,1.678128267081148e7,9.41875,1.1895706119857384e7,4.1188891668961747e6,7.77681695296124e6
1.0e-5,1.0e-5,13356.42241431863,1.0e-5,30574.08367034517,1.0e-5,11793.254441013607,1.0e-5,1.0e-5,10454.089453198174,1.0e-5,3417.050999786488,3092.5321943726594,Sample 1522,4.104221061669496e9,4.661986782404163e9,5.142601749896762e9,1.5189956557198646e9,5.577657207346673e8,9.883947432472171,1.9685643692398787e7,9.874567876916617,1.632626182280852e7,9.893326988027727,1.0834335360219631e7,4.0691180066667376e6,6.765217353552912e6
1.0e-5,1.0e-5,5895.011363018519,6285.646120468463,23910.436594006944,1.0e-5,9198.596091630716,1.0e-5,1.0e-5,11912.294959995224,1.0e-5,6203.724978632707,855.7418212212436,Sample 1523,4.088776769584455e9,4.722487376334764e9,5.323844576069225e9,1.8364250062192335e9,6.337106067503089e8,11.974507569838273,9.348542467272274e6,15.447568927536231,3.137024357091673e7,8.501446212140307,1.42847694790906e7,1.3154763904031424e6,1.2969293088687476e7
3147.5612677982513,1.0e-5,2620.6756763487906,8149.885061421087,27069.14516432766,1.0e-5,12347.88757804333,1.0e-5,1.0e-5,10446.111041644683,1.0e-5,4871.088695841472,1491.637139062148,Sample 1524,4.09135957487099e9,4.651516337936181e9,5.115052303326906e9,1.4872286938466418e9,5.601567630651914e8,9.696241829279565,9.702001103863627e6,10.721999617769377,2.707120750681285e7,8.670484040789752,1.3074778560226517e7,1.8675588114893732e6,1.120721974873714e7
679.8774642652908,1.0e-5,6601.191051785892,6511.004728906163,26627.312937960003,1.0e-5,8433.836991649487,1.0e-5,1.0e-5,12185.127809360105,1.0e-5,4214.933229815836,833.738156130488,Sample 1525,4.078308881190513e9,4.631316945876513e9,5.047755566948016e9,1.3858853068290079e9,5.530080646859989e8,9.437652370762446,6.3920000886561e6,9.682184720100823,3.0365221945939213e7,9.193120021424074,1.1679422110126393e7,1.3922349998537432e6,1.0287187110272668e7
3197.137246347274,1.0e-5,4274.003716372773,7793.9103478769985,29339.211590642026,1.0e-5,10833.917537829608,1.0e-5,1.0e-5,11034.623520541316,1.0e-5,3050.9487992849668,1325.7097475986327,Sample 1526,4.079935482951517e9,4.627683767602264e9,5.039109836221556e9,1.3706004218893297e9,5.477482846507478e8,9.184383924973748,1.1195969136122655e7,9.177856591640415,2.492197811245357e7,9.19091125830708,1.0450217720980277e7,2.31011352870875e6,8.1401041922715055e6
1.0e-5,1.0e-5,7523.254160106914,7173.085163763513,24428.36859947851,1.0e-5,12805.721713725605,1.0e-5,1.0e-5,11985.0800670903,1.0e-5,4003.7735176709703,656.9782855700493,Sample 1527,4.093356338160526e9,4.629464326661546e9,5.039760861983938e9,1.356701059145805e9,5.361079885010197e8,9.316166065322411,4.782732068756064e6,9.782559427851291,3.1017451416101784e7,8.849772702793535,1.1013211461074967e7,1.039766319675403e6,9.973445141399557e6
3000.777104848457,1.0e-5,5142.049079938586,8371.372405115842,26354.28356795499,1.0e-5,12626.292086195237,1.0e-5,1.0e-5,11678.870328499455,1.0e-5,3006.560605879481,1.0e-5,Sample 1528,4.084164324235154e9,4.625845510631738e9,5.032550957214226e9,1.3550920795615606e9,5.416811863965832e8,8.84479166666667,1.177164706035699e7,8.913333333333336,2.438856468887397e7,8.776249999999997,1.0049357892349644e7,2.389577987294719e6,7.659779905054928e6
2112.296376916093,1.0e-5,5956.469923477974,5843.388896494598,23746.102181437953,1.0e-5,10942.998777762768,1.0e-5,1.0e-5,12716.486333630186,1.0e-5,4012.0141507965322,334.5677360211452,Sample 1529,4.097969718963316e9,4.622411682801856e9,5.027506742256854e9,1.3346320827485363e9,5.244419638385401e8,8.97618583026675,8.284186702204462e6,9.0216690362949,2.6851181148607302e7,8.93070262423861,1.069991857247207e7,1.7446925391405642e6,8.955226033331506e6
2275.7784426481785,1.0e-5,4229.0116974256125,8180.704055247009,26072.3564542061,1.0e-5,15486.745241703482,1.0e-5,1.0e-5,11552.616656933058,1.0e-5,2674.7920430095983,1552.6770644738328,Sample 1530,4.119180401420054e9,4.627198530636156e9,5.052835043168239e9,1.3592911542802672e9,5.080181292161022e8,9.209543477903802,8.533792964063376e6,9.230683416257095,2.486435158989771e7,9.188403539550517,8.836096727235483e6,1.7435813497818687e6,7.092515377453611e6
1198.6965522289784,1.0e-5,6127.728132977204,7526.467301468675,25760.56725912722,1.0e-5,12012.380148471715,1.0e-5,1.0e-5,12652.036372894128,1.0e-5,2605.5547466862076,807.5474401513164,Sample 1531,4.10836641518001e9,4.620671469537474e9,5.026698183366377e9,1.3243584820152707e9,5.1230505435746425e8,9.0311034899811,6.763455270193303e6,9.226879714093677,2.7159799045669507e7,8.835327265868518,8.624685943211854e6,1.4235001553016915e6,7.201185787910158e6
1998.7801283118336,1.0e-5,6309.5997994255995,6631.355308991075,24315.09563681061,1.0e-5,12718.806339451354,1.0e-5,1.0e-5,12229.879687914246,1.0e-5,3221.4813228317867,1130.9613467712707,Sample 1532,4.0941830523238497e9,4.620527565047827e9,5.025446655412767e9,1.3361826934538567e9,5.2634451272397757e8,8.908647588279777,8.316027136873728e6,8.908006699390883,2.6783278250254523e7,8.909288477168666,9.896992327936182e6,1.7589028459614231e6,8.138089481974748e6
918.2112898414239,1.0e-5,6727.047551021395,6181.757830287342,23845.27336885445,1.0e-5,11408.4379812541,1.0e-5,1.0e-5,13069.160624108461,1.0e-5,3180.050670485417,1144.2115641441321,Sample 1533,4.106444036231561e9,4.618540654165085e9,5.022827102068311e9,1.3206695137399755e9,5.1209661793352395e8,9.219031480760348,6.539937510827535e6,9.243508987733673,2.7544868600941304e7,9.194553973787022,9.242046591407487e6,1.4160802522950673e6,7.825966339112412e6
2763.699609660885,1.0e-5,4812.212372485358,7299.856411256068,25487.299922242542,1.0e-5,11696.242716852174,1.0e-5,1.0e-5,12629.605272187388,1.0e-5,2634.4894535645863,855.0032713362194,Sample 1534,4.105340932901617e9,4.617779793859638e9,5.0190269766048355e9,1.3149332264484165e9,5.1243886095802146e8,8.812624979668138,9.838036531738454e6,8.812310702835543,2.418228979214216e7,8.812939256500737,8.770833388706932e6,2.0390736952172245e6,6.731759693489705e6
1801.987532955871,1.0e-5,5601.973655733381,7070.896087464861,24378.37036975556,1.0e-5,12111.309788311934,1.0e-5,1.0e-5,12932.65631401876,1.0e-5,2604.824257440898,1254.8947738731465,Sample 1535,4.1087059396510973e9,4.616850371055119e9,5.018416105700935e9,1.3112759006956556e9,5.081444314040211e8,8.73307318099139,7.968359849837662e6,8.785691114933842,2.578733514242779e7,8.680455247048942,8.52627038549728e6,1.6841050146493409e6,6.842165370847953e6
1732.003381828121,1.0e-5,5894.022644590649,6612.525931696248,24542.883497798055,1.0e-5,10364.107618539461,1.0e-5,1.0e-5,13481.80077909458,1.0e-5,2511.894502651684,944.0207635278443,Sample 1536,4.108875143672829e9,4.617248007866922e9,5.019353393515909e9,1.312583635492068e9,5.083728641940928e8,9.072507318336486,8.076666892567923e6,9.235813063726113,2.5709901393118437e7,8.909201572946863,8.274867942067699e6,1.7118725044669101e6,6.562995437600774e6
1549.9826240350453,1.0e-5,6133.90221212618,6676.745515330392,24112.91843495504,1.0e-5,11518.243987019856,1.0e-5,1.0e-5,13315.467535159532,1.0e-5,2578.246570316585,887.9902799442821,Sample 1537,4.110591482928031e9,4.616338090186021e9,5.018035344858964e9,1.3091411166038768e9,5.0574660725798994e8,9.004902413778616,7.64712606500954e6,9.109679359168249,2.5999198158950366e7,8.900125468388996,8.319992450233791e6,1.6194538983782537e6,6.700538551855523e6
1498.2893117882652,1.0e-5,6313.774764140577,6465.190724992324,24136.522085306704,1.0e-5,11323.948491301244,1.0e-5,1.0e-5,13227.099231855569,1.0e-5,2594.1070158669418,1277.2876862506805,Sample 1538,4.106890429388893e9,4.616523969983558e9,5.017557651764352e9,1.3117009041562517e9,5.096335405946646e8,8.860925251669823,7.581899165195546e6,8.868560246586856,2.6301698434153497e7,8.853290256752787,8.459076478390327e6,1.6230165565474867e6,6.836059921842846e6
2166.9237113122936,1.0e-5,5632.966376842285,6402.87540108233,23659.608594606027,1.0e-5,11455.853315870794,1.0e-5,1.0e-5,13202.58648611405,1.0e-5,2884.511901965679,961.1324901603607,Sample 1539,4.1077700698472176e9,4.616382814641021e9,5.016370027177038e9,1.3085871698658364e9,5.0861274479380345e8,8.840053215731992,8.559467614037558e6,8.857526192270536,2.5366073003323045e7,8.82258023919345,8.834862360380318e6,1.8117129150179578e6,7.023149445362345e6
1742.2955099256653,1.0e-5,5971.538951255745,6699.615369714853,24507.6800507148,1.0e-5,11032.644852102152,1.0e-5,1.0e-5,13414.034976243915,1.0e-5,2381.000706442458,906.3203149123952,Sample 1540,4.1106748029930115e9,4.616151184724338e9,5.018050074901951e9,1.309274162086552e9,5.054763817313263e8,8.930851782335639,8.194883685953656e6,8.938373294391933,2.5388204033013806e7,8.923330270279356,8.06025653488539e6,1.7250180437297276e6,6.33523849115566e6
1987.7217277995278,1.0e-5,5745.458791253996,6654.634155164789,24158.927782506365,1.0e-5,11060.514503549099,1.0e-5,1.0e-5,13341.125207391262,1.0e-5,2571.7255563025615,942.3383806630472,Sample 1541,4.1081229711115565e9,4.61587700487554e9,5.015314795025927e9,1.3066296140647562e9,5.077540337639836e8,8.804720542617098,8.480176082033353e6,8.812863043562281,2.5323870264242265e7,8.796578041671923,8.384852607373341e6,1.7914314065279032e6,6.593421200845454e6
1868.0790287256236,1.0e-5,5842.287256464998,6855.378507718781,24348.650288856912,1.0e-5,11453.596954416984,1.0e-5,1.0e-5,13281.685419980413,1.0e-5,2413.9875858331384,950.9395791837371,Sample 1542,4.1093257183476963e9,4.615839996462686e9,5.0159544523797035e9,1.3067431899490242e9,5.065142781149894e8,8.74332239540013,8.391730008706145e6,8.74803890745642,2.529377560291171e7,8.738605883343839,8.163723943446588e6,1.768992936526921e6,6.394731006919666e6
1829.508244998221,1.0e-5,5893.022990359693,6778.740198768868,24167.0834236049,1.0e-5,11375.139956259714,1.0e-5,1.0e-5,13351.372753040918,1.0e-5,2479.009586796735,858.1619875092537,Sample 1543,4.1095463058527246e9,4.615846654113971e9,5.016310769275739e9,1.3072285785847812e9,5.063003482612464e8,8.866231127494226,8.150393784966071e6,8.923438628439404,2.5547299490567945e7,8.809023626549044,8.21609896637944e6,1.7202668924059225e6,6.4958320739735225e6
1755.4801939428605,1.0e-5,5967.85313094524,6644.222729548512,24057.28362106606,1.0e-5,11318.734161481181,1.0e-5,1.0e-5,13375.595138715358,1.0e-5,2518.4460064201344,956.1596699648636,Sample 1544,4.1098495034235e9,4.615764705315888e9,5.016035247519061e9,1.306456286298734e9,5.0591520189238834e8,8.899107177231672,8.048036984001761e6,8.909031478176855,2.5622126023410067e7,8.889182876286496,8.251949604579789e6,1.7019856036912717e6,6.54996400088853e6
1889.7313937392228,1.0e-5,5911.807782135527,6603.254884276037,23885.725037157663,1.0e-5,11257.971557156936,1.0e-5,1.0e-5,13369.687919488719,1.0e-5,2607.035303317076,888.392715706135,Sample 1545,4.1081189504577765e9,4.615758129383002e9,5.015057750385707e9,1.306238420930636e9,5.076391789252254e8,8.72134593509767,8.271022316633228e6,8.736134430959886,2.556105497314897e7,8.70655743923546,8.40807667042654e6,1.7503714708556184e6,6.657705199570929e6
1858.1525864820567,1.0e-5,5847.180335624879,6742.095102691458,24070.96027002964,1.0e-5,11450.55022520248,1.0e-5,1.0e-5,13326.585889026044,1.0e-5,2509.626279424767,942.4052279555458,Sample 1546,4.109564943092875e9,4.615741560199823e9,5.015808136714911e9,1.3063097701371243e9,5.0617661710694885e8,8.804654504641887,8.25598732511864e6,8.836867450031505,2.5436966625384044e7,8.772441559252261,8.262859109905008e6,1.7425675944751133e6,6.520291515429877e6
1795.4293542497487,1.0e-5,6008.67925945301,6593.69133297756,23927.623259773693,1.0e-5,11353.185021220352,1.0e-5,1.0e-5,13372.354937318629,1.0e-5,2556.0016577942033,929.9427007737345,Sample 1547,4.1090032184377465e9,4.6157241223996525e9,5.015462698770953e9,1.3061980567045076e9,5.067209039619061e8,8.814408197101452,8.101073914014833e6,8.826672275824405,2.564961021636876e7,8.80214411837849,8.318187662449791e6,1.7165953277461024e6,6.601592334703693e6
1899.4549597233276,1.0e-5,5873.3689978347065,6623.315714787023,24015.350404239005,1.0e-5,11117.0584035097,1.0e-5,1.0e-5,13398.603486658098,1.0e-5,2547.874107813036,918.1083194749643,Sample 1548,4.1084278721750917e9,4.61568782517952e9,5.0149844523295e9,1.3058532073043873e9,5.072599530044284e8,8.791359516908216,8.322218996113839e6,8.803690017853391,2.5463991664200205e7,8.779029015963033,8.3224462823747415e6,1.758617214718994e6,6.56382906765574e6
1787.802446461322,1.0e-5,5994.527602898396,6571.690276196151,23921.22861551548,1.0e-5,11060.151106271891,1.0e-5,1.0e-5,13437.776504182071,1.0e-5,2570.3010101531922,920.1828861902283,Sample 1549,4.108197468412556e9,4.615695573928689e9,5.014901687187755e9,1.305910332034263e9,5.074981055161329e8,8.686901900105019,8.129274947807535e6,8.727659534383534,2.5683138453974508e7,8.646144265826509,8.339879702293413e6,1.7225064522594376e6,6.617373250033998e6
1847.7053433971537,1.0e-5,5938.935977353598,6598.199400080347,23986.39676842903,1.0e-5,11074.406514589062,1.0e-5,1.0e-5,13424.461448235532,1.0e-5,2546.286354411308,912.9109903435416,Sample 1550,4.1083542006168084e9,4.615682345882198e9,5.014944659497475e9,1.3058527724959404e9,5.073281452653904e8,8.602049156017644,8.24644269326994e6,8.614379656962825,2.5547761997720245e7,8.589718655072465,8.312705847516726e6,1.7451716203898534e6,6.567534227126882e6
1837.1824965708345,1.0e-5,5946.11709163012,6582.086530363782,23952.27592040357,1.0e-5,11066.911873962581,1.0e-5,1.0e-5,13429.965924326807,1.0e-5,2560.9918629675485,915.4502460485164,Sample 1551,4.1083363107457213e9,4.615675946617116e9,5.014905900412081e9,1.3057995434613254e9,5.073396358713944e8,8.86970481772737,8.304718004086557e6,8.910462452005886,2.5494004960252337e7,8.828947183448859,8.329391050982413e6,1.7560744660378948e6,6.573316584944528e6
1830.8276362327324,1.0e-5,5947.395531064037,6598.003625987047,23984.360469489056,1.0e-5,11074.95401589042,1.0e-5,1.0e-5,13427.780516783932,1.0e-5,2544.692771540496,919.1946685647393,Sample 1552,4.1084434127750416e9,4.615672203202323e9,5.014941358147589e9,1.305767100317813e9,5.07228790427281e8,8.803877944549466,8.203588382498032e6,8.818225356605758,2.5582506153667938e7,8.789530532493172,8.307151268315481e6,1.738596269283522e6,6.568554999031947e6
1838.099440696355,1.0e-5,5940.384270908257,6599.533310245907,23982.414570043136,1.0e-5,11080.071901220546,1.0e-5,1.0e-5,13425.42304445017,1.0e-5,2546.450124017369,917.8960585002324,Sample 1553,4.1084321643229547e9,4.61567067972035e9,5.014928335429291e9,1.3057538268152778e9,5.072385153973958e8,8.703195144549465,8.159152201697709e6,8.717542556605759,2.562826008172035e7,8.688847732493175,8.310450093198218e6,1.7298827036803416e6,6.580567389517883e6
19209.670009877547,1.0e-5,1.0e-5,1.0e-5,43091.93729980918,1.0e-5,16580.938105483565,1.0e-5,1.0e-5,2617.397563089376,1.0e-5,4002.4804800146867,1.0e-5,Sample 1554,3.946423766782589e9,4.794376939287748e9,5.409760780483249e9,2.0787208548961596e9,8.479531725051591e8,13.049375000000001,3.8971041499460265e7,13.00166666666667,1.6990171590691376e7,13.097083333333337,1.817517008513976e7,7.6409037214501295e6,1.0534266363689624e7
17368.8581830309,1.0e-5,1.0e-5,1.0e-5,32668.205138727564,1.0e-5,20950.631350396827,1.0e-5,1.0e-5,6548.421557111102,1.0e-5,1.0e-5,6031.687172361439,Sample 1555,4.016430050464322e9,4.759314620574338e9,5.436159255357385e9,2.0965738396761096e9,7.42884570110016e8,13.51184588909893,4.2068488679887e7,13.492540333543372,5.586131713008412e6,13.531151444654482,8.412647291435476e6,8.412647261527587e6,0.029907890000000006
15958.863539096687,1.0e-5,1.0e-5,3302.141921224124,30607.346055938586,1.0e-5,17995.863436709067,1.0e-5,1.0e-5,8426.097807171007,1.0e-5,1404.639613550566,1.0e-5,Sample 1556,4.032859064177318e9,4.677824056093136e9,5.156835288324732e9,1.6029874563790088e9,6.449649919158176e8,10.465416666666668,3.2348227634067375e7,10.451388888888886,1.075656703781123e7,10.479444444444443,9.896279912472991e6,6.508952820470343e6,3.3873270920026633e6
1507.612105160701,1.0e-5,1.0e-5,15541.022047550723,36433.47978685664,1.0e-5,22946.336698948322,1.0e-5,1.0e-5,2021.1587827568583,1.0e-5,7125.89485405541,3958.806958382899,Sample 1557,3.990053275908621e9,4.924103055179074e9,5.965437069737995e9,3.0167178083882933e9,9.340497792704535e8,19.49941236509137,1.456701238999758e7,28.673082514639777,4.330534827256535e7,10.325742215542952,2.27684731347351e7,1.130499589750037e6,2.163797354498508e7
6282.724825596414,1.0e-5,1.0e-5,13949.759743728946,33182.90745916779,1.0e-5,22178.89709921552,1.0e-5,1.0e-5,6059.359080790121,1.0e-5,1934.8402679303124,2702.518078412934,Sample 1558,4.011391197340199e9,4.674713676420817e9,5.126248035929124e9,1.5663911980972302e9,6.633224790806186e8,9.90238973669397,2.3588938723323632e7,9.882250847805084,2.036116143247893e7,9.922528625582864,1.1589944443883605e7,4.681514666233247e6,6.908429777650357e6
11408.091603423596,1.0e-5,1.0e-5,3949.7095554437587,24272.463778630594,1.0e-5,17355.677416628652,1.0e-5,1.0e-5,11603.35065062247,1.0e-5,733.3286017819734,3467.983881931207,Sample 1559,4.1247923009838266e9,4.664619928297918e9,5.136722541257511e9,1.4840328532332754e9,5.398276273140917e8,9.819459730182738,2.3334439751621515e7,9.815272174627175,1.2208842027417496e7,9.823647285738286,6.608262031203566e6,4.8304627727476815e6,1.7777992584558988e6
8289.106732556116,1.0e-5,1.0e-5,9790.945023848186,34379.88341501024,1.0e-5,13421.729903968051,1.0e-5,1.0e-5,10205.706945529671,1.0e-5,1.0e-5,1233.8812149806429,Sample 1560,4.092189111765832e9,4.654489180755955e9,5.080511949388042e9,1.4143456062542987e9,5.623000689901228e8,9.435771287082545,2.6180074096313e7,9.417854620415877,1.0665391913708337e7,9.453687953749219,6.281962903002736e6,5.259364517483297e6,1.0225983855194417e6
7697.9474192299485,1.0e-5,1.0e-5,11054.50390435813,28685.39715095587,1.0e-5,16674.08627682167,1.0e-5,1.0e-5,11372.285018539233,1.0e-5,1.0e-5,94.57070744540414,Sample 1561,4.0976941157001247e9,4.636563805112797e9,5.054596771344703e9,1.3749356218764842e9,5.388696894126717e8,8.880274029825669,2.3528877025780044e7,8.86874625204789,1.227111507168257e7,8.891801807603448,5.745337399316779e6,4.704841214818222e6,1.0404961844985598e6
4380.816505492705,1.0e-5,1133.8316519091952,8004.147746573242,25507.130357178685,1.0e-5,14814.633810986907,1.0e-5,1.0e-5,9142.589021801237,1.0e-5,6893.191745340251,955.4430996210527,Sample 1562,4.092263353125893e9,4.722331907454885e9,5.2774054874075365e9,1.740215714234295e9,6.300685543289915e8,11.331998983532872,1.115630852450683e7,13.736035427977319,2.9898907723543163e7,8.927962539088428,1.6979377602646224e7,1.8330117532825242e6,1.5146365849363683e7
8102.687785072409,1.0e-5,1.0e-5,6987.332231832201,25163.066925020532,1.0e-5,12221.256851396578,1.0e-5,1.0e-5,12138.781084184566,1.0e-5,2876.2543282253596,508.8869201977236,Sample 1563,4.1098527440646706e9,4.634950608495831e9,5.047061987478538e9,1.3493206223965747e9,5.250978644311598e8,9.146965555723588,1.6159156982902844e7,9.145534000168036,1.889633117061803e7,9.148397111279143,9.520616058373164e6,3.377664392185403e6,6.14295166618777e6
5217.936812460133,1.0e-5,1.0e-5,10535.55263313923,26849.322408873948,1.0e-5,15505.930455357317,1.0e-5,1.0e-5,11123.5717551035,1.0e-5,1897.0281437523397,2294.3218976570133,Sample 1564,4.1051323134308753e9,4.644874465542869e9,5.123801645114333e9,1.4975965112549236e9,5.397421521119933e8,9.886872600231044,1.5899109662414376e7,11.171119000252054,1.92077889208314e7,8.602626200210043,8.306103265700961e6,3.0892249568285053e6,5.2168783088724725e6
8220.899516879346,1.0e-5,1.0e-5,8100.008357203789,25832.237889630214,1.0e-5,12580.063651965042,1.0e-5,1.0e-5,13272.912554581855,1.0e-5,1.0e-5,1477.7942029780174,Sample 1565,4.113638413981591e9,4.62471219385014e9,5.033196229555845e9,1.3280418512799592e9,5.1107377986854887e8,8.760421417937408,2.1366662478490278e7,8.756757195715188,1.2507946076294215e7,8.764085640159633,5.044180101993314e6,4.392664780052103e6,651515.3219412081
6686.875894792279,1.0e-5,1.0e-5,9270.90449393507,23710.804193408367,1.0e-5,15010.367656351686,1.0e-5,1.0e-5,12709.079576480453,1.0e-5,1213.2379402863412,1421.593964615041,Sample 1566,4.1098577275906916e9,4.627513308634838e9,5.057880608891318e9,1.3783901815571082e9,5.176555810441463e8,9.000158980928376,1.7631597927967694e7,9.542935663348036,1.6765910876772938e7,8.457382298508717,6.821174058318108e6,3.5605855593359605e6,3.2605884989821413e6
5613.862468110478,1.0e-5,1081.2573233283279,9463.116989546299,26100.334628969416,1.0e-5,14497.919945461164,1.0e-5,1.0e-5,12689.341191024629,1.0e-5,582.24367428761,1269.593225150318,Sample 1567,4.117245711444523e9,4.620993455739662e9,5.038856611745793e9,1.3394740563074024e9,5.037477442951391e8,8.906995461835754,1.6900195372936517e7,9.076308856080658,1.6324829180381974e7,8.737682067590844,5.810992602597062e6,3.41825808527269e6,2.3927345173243624e6
5351.194715394816,1.0e-5,2117.026630487451,8321.599775928818,25434.915113887277,1.0e-5,14221.021143233544,1.0e-5,1.0e-5,12308.514038113894,1.0e-5,1592.4062234615644,1250.0189938664537,Sample 1568,4.1088156448842745e9,4.619062317178459e9,5.026166136561695e9,1.324454311060655e9,5.1024667229418516e8,9.15960839178744,1.5255404866634382e7,9.155053852089898,1.8577111115862977e7,9.16416293148499,7.414622318303488e6,3.129397191487123e6,4.285225126816365e6
7291.132102835534,1.0e-5,683.8613757006934,8027.892791439029,23782.98633101873,1.0e-5,12564.408934971176,1.0e-5,1.0e-5,13598.232502481787,1.0e-5,946.0549877502009,564.2471023682234,Sample 1569,4.1096221597196784e9,4.619054081169524e9,5.024124347339462e9,1.3195724537897232e9,5.094319214498462e8,8.672566788090737,1.8164759630089022e7,8.670084692837642,1.592123528138579e7,8.675048883343836,6.241462189940628e6,3.7334476886618813e6,2.508014501278746e6
5952.30068190284,1.0e-5,1356.2661315384626,9030.236782212813,24223.55957940771,1.0e-5,14660.67828713222,1.0e-5,1.0e-5,13032.444520093766,1.0e-5,496.9772127329286,1590.3870695868545,Sample 1570,4.10834579482148e9,4.618578554300834e9,5.025988447717246e9,1.3250525463121789e9,5.102327594793536e8,8.690356980592313,1.7603382266660288e7,8.68719148846881,1.6333311831384402e7,8.693522472715818,5.733477353953879e6,3.596344391660792e6,2.137132962293078e6
6277.796089997657,1.0e-5,1217.8154010788312,8665.263942111756,25119.591722795438,1.0e-5,12956.429194981185,1.0e-5,1.0e-5,13417.311684846294,1.0e-5,411.44220342684184,1059.2570187615665,Sample 1571,4.1141357867644176e9,4.61721410242858e9,5.022241993931699e9,1.3131340986703987e9,5.0307831566416305e8,8.759137501071205,1.7908628227036722e7,8.755754643898339,1.5495411611167982e7,8.76252035824407,5.474249669111346e6,3.6591428688980974e6,1.8151068002132496e6
6042.653603201865,1.0e-5,1506.4555335095672,8038.918395152641,23218.383969045157,1.0e-5,13479.22594896934,1.0e-5,1.0e-5,13471.1388488279,1.0e-5,1091.9333677677073,1210.1056289005078,Sample 1572,4.1128940455130787e9,4.61692318587086e9,5.020180607375259e9,1.3105439833665817e9,5.040291403577814e8,8.781329139970595,1.618756503853533e7,8.829659203402647,1.7478931407509807e7,8.732999076538544,6.36430495966901e6,3.333030349492902e6,3.031274610176102e6
5656.491519083098,1.0e-5,1957.042152494496,8261.533942635377,23985.819598981514,1.0e-5,13343.99054411451,1.0e-5,1.0e-5,13576.60150235644,1.0e-5,768.6178665996456,901.7316167370032,Sample 1573,4.116253310222336e9,4.616316163388444e9,5.020056798202537e9,1.3075441227942927e9,5.000628531661085e8,8.69267721791641,1.6194890261797197e7,8.740508709934893,1.7123472668996755e7,8.644845725897929,5.848885799285741e6,3.311969461785315e6,2.53691633750043e6
6192.755092032842,1.0e-5,1175.3700831558936,8330.104692068127,23621.077540802286,1.0e-5,13270.02463668724,1.0e-5,1.0e-5,13741.918855903275,1.0e-5,475.9861496522246,1434.0058737997936,Sample 1574,4.116598821266896e9,4.616352280005869e9,5.020664978003278e9,1.308378854733792e9,4.9975345873897356e8,8.9175711968074,1.716258256744594e7,9.012247482461675,1.611952919306909e7,8.822894911153126,5.410347748969767e6,3.522918435858344e6,1.8874293131114256e6
5715.051352739424,1.0e-5,1957.5297289568637,7943.535535195799,23617.9289840311,1.0e-5,13305.009548650723,1.0e-5,1.0e-5,13504.903468898372,1.0e-5,1005.6469131560788,1124.5656088701048,Sample 1575,4.1144014524293146e9,4.615977941313327e9,5.0192587182953005e9,1.3081380428479602e9,5.015764888840125e8,8.750085647048943,1.5895570718804702e7,8.747461234320525,1.7549442871871147e7,8.75271005977736,6.202540447666333e6,3.265826543731259e6,2.936713903935073e6
5823.640426053059,1.0e-5,1647.7288124406493,8222.123541377245,24090.870454670243,1.0e-5,12953.338776789682,1.0e-5,1.0e-5,13590.479285342406,1.0e-5,749.7845317474229,1180.7769265595928,Sample 1576,4.1157894091452394e9,4.615877589996753e9,5.0190626456638775e9,1.3064582921857634e9,5.0008818085151327e8,8.743243639025415,1.643286845380674e7,8.74067636912414,1.6847346538812645e7,8.745810908926698,5.830859858217024e6,3.373782846784843e6,2.4570770114321797e6
5888.465527954748,1.0e-5,1687.1470548996724,8212.709212982718,23716.56177842244,1.0e-5,13145.082250611185,1.0e-5,1.0e-5,13798.764289760624,1.0e-5,566.520469453466,1046.8949564662466,Sample 1577,4.1171983564290247e9,4.615834624421214e9,5.019792352793739e9,1.30655172473724e9,4.9863626799218917e8,8.8721791968494,1.6618186592611892e7,8.99222403805923,1.6612658002400408e7,8.752134355639571,5.506776565638633e6,3.4016727253655787e6,2.10510384027305e6
5627.049672583512,1.0e-5,1855.610395773394,8220.7411286729,23873.67453345256,1.0e-5,13280.68877058003,1.0e-5,1.0e-5,13589.48634647476,1.0e-5,756.2232111884377,1182.2978483819797,Sample 1578,4.116306312164605e9,4.615756232771773e9,5.019063239507034e9,1.30606393407769e9,4.9944992060716814e8,8.931007185087172,1.6108862665243369e7,9.025662137408112,1.714500967823705e7,8.836352232766233,5.819401903875116e6,3.3033952778697605e6,2.5160066260053413e6
5744.484624845566,1.0e-5,1820.3624118677478,8179.251836364759,23907.730264721195,1.0e-5,13051.30526498735,1.0e-5,1.0e-5,13673.380381919635,1.0e-5,725.7870502567376,1045.6896780706572,Sample 1579,4.1163227333432965e9,4.615707383608007e9,5.018970031137273e9,1.3059099453232415e9,4.9938465026471114e8,8.695504451963878,1.6252594494057855e7,8.71830573761815,1.7011556654018648e7,8.672703166309601,5.763824837086824e6,3.329926823463986e6,2.4338980136228395e6
5733.18760219297,1.0e-5,1810.9669060965357,8133.932938013774,23843.98692298762,1.0e-5,13073.054467781929,1.0e-5,1.0e-5,13646.570427544886,1.0e-5,780.3035130264896,1107.0046143194759,Sample 1580,4.116217710072219e9,4.615690594939884e9,5.018893236049244e9,1.3058781670863853e9,4.994728848676652e8,8.717449798445708,1.6141491354097957e7,8.71490386187776,1.7128566292786445e7,8.71999573501366,5.842313991945956e6,3.309226926204926e6,2.5330870657410193e6
5762.548192555513,1.0e-5,1762.7315797668327,8211.999985222177,23957.519195356617,1.0e-5,13036.99439191296,1.0e-5,1.0e-5,13678.68893122021,1.0e-5,678.9363288434627,1104.5621646014583,Sample 1581,4.116553076818736e9,4.615681345480381e9,5.019025856703439e9,1.3058172911077611e9,4.991282686616449e8,8.904455678470908,1.6373633401288154e7,8.999131964125182,1.6859436187462542e7,8.809779392816631,5.696686631969217e6,3.356084655924526e6,2.340601976044682e6
5818.198433399991,1.0e-5,1729.4416043993142,8178.737882674277,23879.078956876667,1.0e-5,13005.847833453354,1.0e-5,1.0e-5,13706.314674655054,1.0e-5,683.2825050792109,1091.6145743942886,Sample 1582,4.1164589863177624e9,4.615678599457866e9,5.018967037827406e9,1.3057964898791826e9,4.9921961314010376e8,8.71382732123504,1.6409472424219145e7,8.711281384667094,1.6841884652632993e7,8.716373257802989,5.697293651615872e6,3.3632808206973798e6,2.334012830918493e6
5742.970124168675,1.0e-5,1755.4668885445642,8220.607645635222,23972.626165036534,1.0e-5,13045.740913910442,1.0e-5,1.0e-5,13644.530008390384,1.0e-5,707.3864239348068,1147.665306264225,Sample 1583,4.1162471131057544e9,4.615677080036589e9,5.018854407509491e9,1.3057846218766375e9,4.9942996693083394e8,8.698891970342364,1.6272560113088146e7,8.72169325599664,1.697600511332441e7,8.676090684688088,5.74724837582579e6,3.335359527819712e6,2.4118888480060804e6
5768.471362589729,1.0e-5,1748.3300296684226,8226.076224891374,23996.77474378738,1.0e-5,13010.420708499869,1.0e-5,1.0e-5,13678.204155033776,1.0e-5,665.6432259283433,1113.431860581144,Sample 1584,4.116537669788414e9,4.615672790156025e9,5.018989183279516e9,1.3057679066145945e9,4.991351203676109e8,8.723318596555343,1.6395658322079068e7,8.720772659987396,1.6832902294482704e7,8.725864533123287,5.680200522289721e6,3.3590494174467227e6,2.321151104842994e6
5773.167626826931,1.0e-5,1744.2793264257339,8206.264102663356,23938.14214034939,1.0e-5,13028.352075248567,1.0e-5,1.0e-5,13671.712524144576,1.0e-5,693.116348607364,1125.0621255076067,Sample 1585,4.116363168562254e9,4.615671216402727e9,5.018896439492477e9,1.3057584940199738e9,4.993080478404728e8,8.722652467422813,1.6377711049589727e7,8.720106530854867,1.6868986111456767e7,8.725198403990756,5.719974930358091e6,3.357053510848949e6,2.362921419509137e6
1.0e-5,20323.20209772136,1.0e-5,1.0e-5,35283.07639579642,1.0e-5,25954.99135891789,1.0e-5,3960.7361387297165,1628.3027845072468,1.0e-5,1.0e-5,825.9972761114798,Sample 1586,4.0850205092242527e9,4.840445163040904e9,5.50257887911596e9,2.0796920859667618e9,7.554246538166515e8,14.374195768536024,4.924503279390304e6,16.50582234320522,4.436453489455665e7,12.242569193866833,8.49290907744225e6,0.028424185,8.492909049018066e6
1.0e-5,12728.345106952635,5351.594298975427,5963.094749752375,51384.34573991351,1.0e-5,24713.75850866872,1.0e-5,1.0e-5,1.0e-5,1.0e-5,1.0e-5,1302.0745240510103,Sample 1587,3.9277826097614074e9,4.830396382518267e9,5.418258241371696e9,2.0783374904637182e9,9.02613772756859e8,12.459374367947913,1.770907062152073e6,11.443927945725697,5.872642168040067e7,13.47482079017014,1.1647381253888048e7,255774.22176624154,1.1391607032121819e7
1.0e-5,8929.391462802081,2917.221767013597,4895.019806509042,29756.537743391378,1.0e-5,28990.166858023815,1.0e-5,1.0e-5,6456.471786030167,1.0e-5,1.0e-5,6892.631868925248,Sample 1588,4.0796154559989843e9,4.799386960726948e9,5.528577182466504e9,2.1781519482070765e9,7.19771504727963e8,13.669470362087795,4.1849734291745927e6,14.025251377735769,4.1245918674483605e7,13.313689346439824,7.702843712853797e6,469012.420763881,7.23383129208992e6
1.0e-5,5077.194771038956,6950.556692311924,8388.495737116173,36607.40437382169,1.0e-5,26547.458249832423,1.0e-5,1.0e-5,6255.614905788871,1.0e-5,1.0e-5,135.63085001295897,Sample 1589,4.039133866975521e9,4.723681979490394e9,5.281470858849336e9,1.800125871232757e9,6.845481125148724e8,12.012834692249527,2.8691604739407124e6,11.979779136693969,4.196438215682811e7,12.045890247805076,7.823602475136901e6,430335.96294954146,7.393266512187352e6
1.0e-5,8699.60325114651,598.9783700397363,11364.774220325811,35374.81159645671,1.0e-5,21774.414010447876,1.0e-5,3248.1305052077655,3122.6028754820863,1.0e-5,1.0e-5,2734.0903569441844,Sample 1590,4.0050015619881253e9,4.688649231461879e9,5.19165401367547e9,1.689657233900937e9,6.836476694737533e8,10.43078409836169,3.3759301439128066e6,10.988834764083176,4.158279188669349e7,9.872733432640201,8.21941264169953e6,230548.71588192348,7.988863925817615e6
1.0e-5,7764.368547733442,1.0e-5,10425.171428745536,27331.68663386646,1.0e-5,21310.361393871386,1.0e-5,7558.84078920266,2713.185657886735,1.0e-5,1.0e-5,1104.6598010127316,Sample 1591,4.082287382719401e9,4.660586294316093e9,5.142348859237045e9,1.5418240414385953e9,5.78298911596693e8,10.103458147574038,4.9813481828004215e6,10.09123592535182,3.331483707280548e7,10.115680369796264,6.223882669652604e6,0.02926972999999998,6.22388264038287e6
1.0e-5,339.03225831110353,1.0e-5,18872.82075817623,27429.85382271576,1.0e-5,20154.423935829942,1.0e-5,10122.815936069224,1.0e-5,1.0e-5,1.0e-5,3182.680947414477,Sample 1592,4.052447197182901e9,4.683561764676539e9,5.183182995013954e9,1.6303570281684678e9,6.311145674936389e8,10.791117558832175,7.023284428665613e6,9.87369199579921,3.478682823577386e7,11.708543121865155,6.932740122563176e6,0.03401926999999997,6.9327400885438975e6
1.0e-5,2902.3358430591825,1.0e-5,17692.53165535813,29748.485828274905,1.0e-5,18555.91274743081,1.0e-5,6388.97757120124,3002.302188813576,1110.7601761755839,1.0e-5,1.0e-5,Sample 1593,4.0327676084996085e9,4.653646839507812e9,5.101680766153179e9,1.5169470842989385e9,6.208792310082034e8,9.843055555555555,7.195675318610167e6,9.97763888888889,3.426199817328779e7,9.708472222222225,8.817183365453446e6,2.443650862632935e6,6.373532502820519e6
1.0e-5,4006.93270761856,1.0e-5,13756.610066297742,26662.451206668688,1.0e-5,18209.66659456639,1.0e-5,6361.811862988625,2689.1398860472455,2628.7732869639403,1.0e-5,2892.8946857953197,Sample 1594,4.0438465789694114e9,4.656234867298241e9,5.109662310314976e9,1.5192431743622983e9,6.123882883288295e8,9.928920097626555,1.2663322915428316e7,9.916105097626554,2.8003517667909548e7,9.941735097626553,1.1454894517332692e7,6.146085447804629e6,5.308809069528087e6
1.0e-5,8511.76596822478,1.0e-5,9599.717966806596,26964.487448976604,1.0e-5,13821.565098397752,1.0e-5,8657.972480336235,3763.156394790509,1.0e-5,1.0e-5,1.0e-5,Sample 1595,4.0968148397220173e9,4.6424367990679245e9,5.06706189618042e9,1.3948721535708988e9,5.456219593459074e8,9.064305555555556,5.477668633976531e6,9.056805555555556,3.09154100591465e7,9.071805555555557,5.632927967338891e6,0.026998339999999996,5.632927940340552e6
1.0e-5,3184.3318770407536,1.0e-5,13571.57848566556,24803.64491869273,1.0e-5,16873.72881464436,1.0e-5,7132.2488026812425,5655.387152741106,1.0e-5,1.0e-5,1565.8558451555302,Sample 1596,4.1169816838049674e9,4.632306455425198e9,5.049951475168385e9,1.3506148111066043e9,5.153247716202299e8,9.021052511720228,4.1269399145076354e6,9.016144112329346,3.001691909819866e7,9.025960911111117,5.106654792700233e6,0.028922124999999996,5.106654763778106e6
1.0e-5,7666.672840202588,1.0e-5,7093.716971792979,18193.807360021798,1.0e-5,13722.913263894507,1.0e-5,6803.997506294529,8183.139008562551,359.97731835491004,1.0e-5,2296.2680823135756,Sample 1597,4.1211158693385878e9,4.647086692425661e9,5.090522683852468e9,1.4128428059406855e9,5.259708230870737e8,9.44735263415249,5.667989826386018e6,9.744097908254567,2.9983012608882256e7,9.150607360050412,5.13866861888624e6,729913.5554453634,4.408755063440878e6
1.0e-5,5679.332524755035,1.0e-5,9258.381850734208,24363.948124412444,1.0e-5,12815.327689214333,1.0e-5,4982.518001695372,7606.485663253735,1728.816653159156,1.0e-5,2316.669909604855,Sample 1598,4.1114296831122503e9,4.632920249129029e9,5.048498696563904e9,1.3526474608865287e9,5.2149056601677895e8,9.572804707288388,7.496126684025311e6,9.695129856416724,2.708656360178082e7,9.450479558160053,7.750052089758025e6,3.494105767734462e6,4.2559463220235985e6
1.0e-5,4354.862963553144,1.0e-5,12151.052111180727,22104.017051752497,1.0e-5,12627.346423623394,1.0e-5,8157.320497536496,6412.608497310885,1.0e-5,1.0e-5,945.0564712055433,Sample 1599,4.1075189981373167e9,4.624735184968819e9,5.0378748038108425e9,1.3434954245155485e9,5.17216186831502e8,8.765480425477843,5.078245196773557e6,8.765440497836591,2.9626742802221503e7,8.765520353119097,4.786818359037307e6,0.02805374499999999,4.786818330983557e6
1.0e-5,1936.7285610967847,1.0e-5,12334.261983198578,21264.383717196597,1.0e-5,13622.142254138496,1.0e-5,4334.766463724479,8711.992931857276,3353.566535327347,1.0e-5,869.2264014979526,Sample 1600,4.1089123109576206e9,4.632992528767743e9,5.051219922736323e9,1.360535005747284e9,5.240802178101223e8,9.323068164902331,1.1169058626397233e7,9.64668201503886,2.4099185528650917e7,8.999454314765805,9.67779650781036e6,6.390290331397392e6,3.2875061764129875e6
1.0e-5,4008.741709068526,1.0e-5,10584.979939163984,21951.96382619986,1.0e-5,12069.907250828153,1.0e-5,6216.916447190674,7871.242004315424,1642.5176506756188,1.0e-5,1020.736458319627,Sample 1601,4.114719091240083e9,4.621305606613477e9,5.034692388319678e9,1.3333600787857974e9,5.0658651537339365e8,9.205851094938039,7.8346921863584565e6,9.205249602814538,2.6083004359439757e7,9.206452587061543,6.930443400807169e6,3.0965323713374506e6,3.833911029469729e6
1.0e-5,1786.6035932910368,1.0e-5,13334.776097025146,24078.732994049886,1.0e-5,12869.872594086197,1.0e-5,6002.916757216976,7770.333620409066,832.9460143951896,1.0e-5,1707.4937442175933,Sample 1602,4.1194402418198056e9,4.623262097380276e9,5.040062768014779e9,1.3374231968294766e9,5.0382185556047016e8,9.126739800063014,5.3823722053656485e6,9.423555708590634,2.7929760355332587e7,8.829923891535392,5.858401255742271e6,1.5302903955517523e6,4.328110860190519e6
1.0e-5,1807.9193001424126,1.0e-5,13028.550999263405,20606.726816993312,1.0e-5,12769.44217418064,1.0e-5,7057.1866717288585,7898.746901925901,906.1527782541939,1.0e-5,1048.402977661715,Sample 1603,4.1178610622574553e9,4.620332110360518e9,5.030111343355983e9,1.322029514093993e9,5.0247104810306334e8,9.068657435307713,6.4150771210368825e6,9.217220813694606,2.7356649721356884e7,8.920094056920819,5.635646151076472e6,1.644232006534133e6,3.9914141445423393e6
580.9785565290628,2075.2562154776247,1.0e-5,12963.282377920708,23353.103222416383,1.0e-5,12045.195161527712,1.0e-5,6915.209160171468,7551.418707526723,670.8898633614143,1.0e-5,332.0906826938701,Sample 1604,4.116932484641396e9,4.619461517808424e9,5.030103599104239e9,1.323813195758659e9,5.025290331670278e8,8.794682895904225,7.249148176641634e6,8.79320395240496,2.62785313222034e7,8.79616183940349,5.516255239985042e6,1.5742023813764555e6,3.9420528586085886e6
1160.6129657870338,1445.8455228441096,1.0e-5,12631.711369554107,22407.535919666654,1.0e-5,12932.222854153883,1.0e-5,6074.304111514394,8452.456733989735,418.95035382216184,1.0e-5,1365.9785536398126,Sample 1605,4.119369607402983e9,4.617526088040228e9,5.025037667490212e9,1.313179639537214e9,4.981564806372442e8,8.7202875889309,8.237179229210608e6,8.720507189540017,2.498197191843895e7,8.720067988321787,5.092570727113055e6,1.5480979619135042e6,3.5444727651995528e6
2905.581761343944,593.9281770073734,1.0e-5,12018.835368108834,21994.416691292994,1.0e-5,13624.95597688263,1.0e-5,4086.6232137704574,9967.464482350682,1190.1291472953476,1.0e-5,605.0570031315195,Sample 1606,4.1144071930376487e9,4.61837172800877e9,5.024918465530649e9,1.3170580100148792e9,5.039645349711213e8,8.703561830770846,1.375675448214024e7,8.701891735517744,2.005997963758529e7,8.705231926023943,6.294546491686406e6,3.989171518841744e6,2.305374972844643e6
1850.5597947315143,1713.6045337001433,1.0e-5,11724.149612946923,22378.973045730774,1.0e-5,12384.71265615745,1.0e-5,5258.817334281842,9208.757396269899,796.616906241136,1.0e-5,825.7826500084129,Sample 1607,4.1176269003238144e9,4.617037708627558e9,5.023969865542424e9,1.3132751221334763e9,4.994108083037434e8,8.941273306994333,9.83659686082921e6,9.088993252383954,2.3563166575874075e7,8.793553361604712,5.631360893327957e6,2.5137378228561534e6,3.1176230704717804e6
2425.928801961757,866.3985480570401,1.0e-5,12074.67028390603,21590.215296059003,1.0e-5,13163.601045043006,1.0e-5,5257.780714901531,9563.038267184891,350.4017497630715,1.0e-5,924.806849702381,Sample 1608,4.1203637892227554e9,4.616677535728514e9,5.023865319401144e9,1.3106893138510187e9,4.963137465057579e8,8.786980620331864,1.1181102743560553e7,8.786944121277047,2.207393904239384e7,8.787017119386688,4.908104143506944e6,2.174626352046757e6,2.733477791460179e6
2718.3572520225193,576.1640393069275,1.0e-5,11800.794539079609,22196.628209953622,1.0e-5,13371.161685402005,1.0e-5,3963.8042940840296,10179.048865652356,912.2658450975107,1.0e-5,1414.624501048099,Sample 1609,4.118547634363354e9,4.6163922753426695e9,5.02151851944874e9,1.3080971291914556e9,4.978446409793154e8,9.060324543940355,1.2613859502614278e7,9.15776636677169,2.063430940643669e7,8.962882721109017,5.822112038185191e6,3.3960666215127087e6,2.426045416672477e6
1958.9825092399333,1576.1086089681803,1.0e-5,11450.133891112157,21752.774067779752,1.0e-5,12376.962740351806,1.0e-5,5202.164233187494,9468.705941690198,669.4812675153356,1.0e-5,1304.3653999055277,Sample 1610,4.1187039212214694e9,4.6161968027965555e9,5.021421028305687e9,1.30794133259335e9,4.974928815750865e8,9.070346629216555,9.937571524706883e6,9.070950674270113,2.33576324726613e7,9.069742584162993,5.382906655962968e6,2.370451046455465e6,3.0124556095075035e6
2322.8650495719157,775.7625485518297,1.0e-5,12043.691759504767,22248.851498523934,1.0e-5,12883.620532618486,1.0e-5,4685.967027166087,9719.859529166824,741.6231497148443,1.0e-5,1223.4963146006025,Sample 1611,4.119006730293871e9,4.615938803334113e9,5.020999527425489e9,1.307053521222995e9,4.96932073040242e8,8.799575415353921,1.1463331284293134e7,8.799955238185259,2.1727742887635123e7,8.79919559252258,5.526943927689582e6,2.832991198454139e6,2.693952729235444e6
2985.629264273068,701.7370081589967,1.0e-5,11651.33641587174,21801.63023355108,1.0e-5,13296.298847328266,1.0e-5,4251.2606008816665,10265.291152163525,439.20456626263046,1.0e-5,1381.8132877232008,Sample 1612,4.1182766831345115e9,4.616125800705367e9,5.021484225791161e9,1.3085659677424436e9,4.978491175708555e8,8.68747011667717,1.2452304757395472e7,8.738544383952954,2.0856766658733163e7,8.636395849401389,5.1188163845267715e6,2.684505669291934e6,2.4343107152348454e6
2443.128407410424,528.5386652410815,1.0e-5,12011.831962842572,21392.25181780193,1.0e-5,13173.623611671494,1.0e-5,4647.71122375486,9981.1254267983,663.073044218026,1.0e-5,1422.5377152814126,Sample 1613,4.1194253556975346e9,4.616000767369092e9,5.021324712409926e9,1.307223301753226e9,4.965754116715575e8,8.765136618966606,1.186063810363681e7,8.765719330686833,2.1387551164396696e7,8.764553907246377,5.3526168057808345e6,2.80397763649116e6,2.5486391692896606e6
2796.1323064028484,414.5190434690007,1.0e-5,12043.596751054887,22098.3894606582,1.0e-5,13271.32075719039,1.0e-5,4388.047819628503,10105.53084392266,454.0608093377155,1.0e-5,1379.8608475225033,Sample 1614,4.119985670278719e9,4.615791030335364e9,5.021044567413506e9,1.3063124342129295e9,4.958053600566451e8,8.702789250346571,1.2407852852796154e7,8.703147739844573,2.0704167394322913e7,8.702430760848564,5.115368003924428e6,2.673716389057995e6,2.441651614866424e6
2477.6330041695296,343.47284605150344,1.0e-5,12336.702508730647,21983.436323497543,1.0e-5,13126.253262299382,1.0e-5,4565.886427988019,9927.10526786536,654.4888403580526,1.0e-5,1284.2115163815595,Sample 1615,4.119140442603187e9,4.615828037261705e9,5.020918829503433e9,1.306869179141974e9,4.966875946585181e8,8.950732922684312,1.210405306721252e7,9.099029412182318,2.1089580902620606e7,8.802436433186312,5.382001185151454e6,2.852563608677016e6,2.5294375764744263e6
2549.4162103617114,518.5959435155127,1.0e-5,12049.128813719728,21963.458892501876,1.0e-5,13066.700727961632,1.0e-5,4450.64428655056,10007.549384642896,704.00341860466,1.0e-5,1314.8036614636696,Sample 1616,4.1190226458451166e9,4.615716921508172e9,5.020391455802255e9,1.306043344251221e9,4.966942756630555e8,8.69656579430792,1.211587409197276e7,8.722292839361481,2.108544002590311e7,8.67083874925436,5.457872825101296e6,2.939626116410963e6,2.5182467086903253e6
2509.1464501276096,377.1647136608934,1.0e-5,12203.967414525028,22012.249538145286,1.0e-5,13122.8644134584,1.0e-5,4495.38061676303,9971.043786751145,669.4170117913225,1.0e-5,1359.3498105860838,Sample 1617,4.1196323400273323e9,4.615717612069869e9,5.020747033559237e9,1.306144115021271e9,4.9608527204253685e8,8.994395067275779,1.212023641928926e7,9.091997112329345,2.1019233644143093e7,8.896793022222225,5.399519511464228e6,2.8853420872245384e6,2.514177424239672e6
2687.0416016255704,357.2173497152946,1.0e-5,12081.171822742223,22046.793003437233,1.0e-5,13213.53980570737,1.0e-5,4299.158226676887,10105.988087290481,689.5931643304143,1.0e-5,1356.6831218119405,Sample 1618,4.11943848270084e9,4.615700586084243e9,5.02058636700674e9,1.3060336652283967e9,4.962621033834026e8,8.815730359525316,1.2561099117578134e7,8.816110182356653,2.059213343264125e7,8.815350536693977,5.44415729475e6,3.0282033102876726e6,2.4159539844623352e6
2572.7621905458036,494.55938807582265,1.0e-5,12122.294364045056,22132.320994914622,1.0e-5,13050.86413566846,1.0e-5,4521.123808349702,9959.285571303117,591.14097676372,1.0e-5,1305.033885111591,Sample 1619,4.1194600166627426e9,4.615696702612991e9,5.0205425273063545e9,1.3059283353369741e9,4.962366859502485e8,8.67869765568158,1.2025453559231613e7,8.704424700735144,2.1121204216448754e7,8.652970610628023,5.303347460089394e6,2.763516770153951e6,2.5398306899354127e6
2592.6869505774,635.4546776874805,1.0e-5,11926.399879458999,22139.00646463453,1.0e-5,12985.97481507182,1.0e-5,4467.46338501947,9994.693095973136,616.2779258119139,1.0e-5,1334.2288728482422,Sample 1620,4.1194896322026873e9,4.615696446630346e9,5.020552234122724e9,1.3059183894124122e9,4.962068144276595e8,8.702134502940561,1.1923473068770973e7,8.702514325771896,2.122076050590681e7,8.701754680109223,5.340997301197132e6,2.787103144601607e6,2.5538941565955174e6
2547.1037157658097,536.5871322019582,1.0e-5,12082.618269365576,22060.858340966428,1.0e-5,13018.293512025744,1.0e-5,4577.227475830969,9944.665927555427,573.5431573184927,1.0e-5,1311.4528967879805,Sample 1621,4.1196512812146034e9,4.615680882425596e9,5.020591293059415e9,1.30585042247863e9,4.9602960121099323e8,8.804591239592526,1.1900105559800014e7,8.80497106242386,2.123943115749548e7,8.804211416761188,5.26761440593434e6,2.707421025552171e6,2.560193380382155e6
2603.0439290808613,471.49918029214916,1.0e-5,12082.076441940613,22074.191170489517,1.0e-5,13082.354395135315,1.0e-5,4453.094000495339,10013.650076144873,627.8219883055007,1.0e-5,1324.0784323243927,Sample 1622,4.1194584268890414e9,4.61567675321606e9,5.020472362071311e9,1.3058095440375216e9,4.9621832632701796e8,8.720014229496645,1.2155277854991674e7,8.720394052327983,2.0995534203364868e7,8.719634406665309,5.352089037664672e6,2.847126359876337e6,2.5049626777883195e6
2591.19442477339,504.2377725749735,1.0e-5,12057.305626556703,22029.905538854957,1.0e-5,13059.0565138,1.0e-5,4464.000614285589,10012.18350561151,644.9463856829568,1.0e-5,1305.129882104989,Sample 1623,4.119305378286929e9,4.615676484327707e9,5.020393527097403e9,1.305805191580168e9,4.9637110604077846e8,8.985949486641468,1.2128810252283152e7,9.108898753917249,2.104163472669716e7,8.86300021936568,5.374234411828681e6,2.8616833873586934e6,2.5125510244699856e6
2541.936860815888,479.41068134013693,1.0e-5,12116.939776311203,22031.4775514102,1.0e-5,13046.05614282814,1.0e-5,4503.820351813233,9975.998364640594,655.6176886462322,1.0e-5,1305.5638494505688,Sample 1624,4.119326565725617e9,4.615674338301194e9,5.0203937058611765e9,1.3057865076955419e9,4.9634777257557756e8,8.767847121676116,1.2078046094010634e7,8.793574166729682,2.1088821193479303e7,8.742120076622562,5.386098064630391e6,2.858536883661274e6,2.527561180969093e6
2563.023083032839,500.3014872347189,1.0e-5,12077.259010837244,22046.934068199585,1.0e-5,13044.710770396438,1.0e-5,4481.121780582204,9991.571645916905,653.1617030023268,1.0e-5,1310.0347555900576,Sample 1625,4.1193564606435595e9,4.615672695224037e9,5.020400990510782e9,1.3057728251539679e9,4.963162345804774e8,8.810632141503886,1.2082936729556084e7,8.811011964335222,2.1080076203110855e7,8.810252318672546,5.38471912238585e6,2.8619768783081113e6,2.522742244077732e6
2547.7539201788672,491.5803302546578,1.0e-5,12108.026943869885,22047.87747303453,1.0e-5,13040.222167747252,1.0e-5,4518.732946306735,9971.006130336702,629.568693146879,1.0e-5,1311.0806147670864,Sample 1626,4.119434757179455e9,4.615672975978217e9,5.020442018112417e9,1.3057763030671613e9,4.962382187987627e8,9.001507729153541,1.205311415487961e7,9.0991097742071,2.110317387124783e7,8.903905684099982,5.349180061415692e6,2.815809702267323e6,2.533370359148365e6
2590.8934671970646,478.4653864966435,1.0e-5,12093.19828784041,22046.946182376116,1.0e-5,13069.707470603656,1.0e-5,4489.348722708747,9999.51691313433,613.9053668618071,1.0e-5,1312.2835271606307,Sample 1627,4.119460699155723e9,4.615671409210447e9,5.020446793535544e9,1.3057614787049186e9,4.962107100547241e8,8.71310140629416,1.2115248969538543e7,8.713481229125497,2.10396281250398e7,8.712721583462821,5.328934176693283e6,2.813823042405219e6,2.5151111342880633e6
11.460815677534969,1.0e-5,15755.374321378604,1.0e-5,36870.67694904443,1.0e-5,18672.90159110848,1.0e-5,1.0e-5,5003.089361378867,3363.6806609232767,1.0e-5,5454.500318976725,Sample 1628,3.967713046712515e9,4.711729958576619e9,5.319524613609227e9,1.9596062219293187e9,7.440169118641043e8,12.424925038017227,4.4044256377616905e7,12.395854593572782,3.771918786102897e6,12.453995482461666,1.4848980000038559e7,1.4848979963875381e7,0.036163209999999966
13714.726872861755,1.0e-5,3603.6239574953893,1.0e-5,25838.842459241187,1.0e-5,23658.580232219865,1.0e-5,1.0e-5,7563.300215665904,1633.2613843272275,1.0e-5,5567.179608646513,Sample 1629,4.0711933134836044e9,4.731996630985289e9,5.228319420751412e9,1.653448897033931e9,6.608033175016838e8,11.793274883385845,3.7912585865779474e7,11.783189550052514,6.154840727147893e6,11.803360216719186,1.0944287790871408e7,1.0944287761723047e7,0.029148359999999995
1277.9271887204154,1.0e-5,14469.23443682298,1.0e-5,26628.69544596094,1.0e-5,15647.75457222993,1.0e-5,1.0e-5,10354.057352418937,1256.193763794098,1.0e-5,6043.309808579,Sample 1630,4.050372529688451e9,4.666490815965156e9,5.145339520433679e9,1.5738156952137506e9,6.161182862767048e8,10.219349293089692,3.2248299414592624e7,10.21535462642303,7.9825559815440485e6,10.223343959756365,8.853834559515137e6,8.853834523976369e6,0.03553876999999997
749.1159687721101,1.0e-5,13966.318470570395,1.0e-5,30479.151692660307,1.0e-5,18920.06407811224,1.0e-5,1.0e-5,7190.463250169782,5658.487952093354,1.0e-5,1613.7723132612743,Sample 1631,4.0747567837878885e9,4.676462886753292e9,5.153049703815864e9,1.554879737090546e9,6.017061029654039e8,10.304706946061753,3.398327405801302e7,10.290818057172865,5.5532276491357265e6,10.31859583495064,1.5693271383269552e7,1.5693271357415186e7,0.025854384999999987
9771.08726361938,1.0e-5,5213.185502696385,1.0e-5,26592.670532773805,1.0e-5,13269.985076947522,1.0e-5,1.0e-5,12297.845743125708,1.0e-5,1.0e-5,4407.697340048972,Sample 1632,4.131215688705292e9,4.668204942224796e9,5.137542797857439e9,1.4756649647847908e9,5.369892535195045e8,9.776130887670659,2.5559772296671145e7,9.77278755433733,9.423118642366678e6,9.779474221003998,5.389438258306474e6,5.389438232150771e6,0.026155700000000014
2343.4195670941813,1.0e-5,12338.62294622768,1.0e-5,26730.867078885934,1.0e-5,13044.547877202633,1.0e-5,1.0e-5,12108.090469342826,1695.4455741383158,1.0e-5,2823.342106428099,Sample 1633,4.1163813285750046e9,4.635194103332205e9,5.059927941802411e9,1.3682804516976123e9,5.188127747572007e8,9.710409057676966,2.4796700349765632e7,9.706830613232517,9.146938982111191e6,9.713987502121407,7.683288297348468e6,7.683288269076472e6,0.028272004999999982
4493.718188405033,1.0e-5,11636.869912827362,1.0e-5,23266.07127995912,1.0e-5,17741.188475415438,1.0e-5,1.0e-5,12859.232134109337,1.0e-5,1.0e-5,2603.6974897113046,Sample 1634,4.126113954990719e9,4.636980394879611e9,5.05809700925048e9,1.3530996686306279e9,5.108664398888923e8,9.524834243100193,2.3991173713845074e7,9.521084687544633,9.898257354738673e6,9.528583798655747,5.000008099361262e6,5.000008072024656e6,0.02733659499999996
6855.934593372342,1.0e-5,11980.72823312781,1.0e-5,32924.246856685684,1.0e-5,15195.061418906083,1.0e-5,1.0e-5,9890.435373831053,521.6392687428272,1.0e-5,382.4171684343978,Sample 1635,4.0772066647201567e9,4.6475466621826515e9,5.074861047436708e9,1.4249687679706068e9,5.70339997462495e8,9.111910767233779,3.133391101463002e7,9.095938545011556,6.288850872120775e6,9.127882989456,7.222695354798477e6,7.222695328182151e6,0.02661632500000001
4089.6780593711537,1.0e-5,10821.78696071677,1.0e-5,23419.54889436553,1.0e-5,14223.148256221873,1.0e-5,1.0e-5,12003.078977725365,2778.978862487063,1.0e-5,1981.0463635314213,Sample 1636,4.0988863975828624e9,4.629063412421786e9,5.041926478188299e9,1.3559031463719492e9,5.3017701483892435e8,9.009815500483093,2.535124661834106e7,9.00713394492754,1.0033334755203025e7,9.012497056038654,9.508695699345144e6,9.508695672422113e6,0.026923039999999992
584.0978258414966,1.0e-5,15341.475224808624,1.0e-5,25495.672280177136,1.0e-5,14528.952047921997,1.0e-5,1.0e-5,13436.588924061969,1.0e-5,1.0e-5,1799.826479963196,Sample 1637,4.1167824078971033e9,4.628104914267034e9,5.045770503185513e9,1.3466536842068882e9,5.113225063699305e8,8.981092098046632,2.3959843953297373e7,8.976765653602188,9.724078806565605e6,8.985418542491077,4.930470562238777e6,4.930470533560772e6,0.028678000000000006
4306.577737014606,1.0e-5,10827.448921922602,1.0e-5,23038.7634601228,1.0e-5,12882.481396663381,1.0e-5,1.0e-5,14027.066657274054,208.59155603252353,1.0e-5,2694.2047828580526,Sample 1638,4.1188908463969755e9,4.62293272360471e9,5.034142840673769e9,1.3264621113458538e9,5.0404187720773405e8,8.95622864809914,2.229334120007912e7,8.9552782036547,1.115335167847491e7,8.957179092543587,5.020721462952076e6,5.020721436113205e6,0.02683886499999999
1433.6353772658938,1.0e-5,12561.686227444216,1.0e-5,22034.037802961866,1.0e-5,12593.235974541096,1.0e-5,1.0e-5,13874.289663796862,2005.4787272320518,1.0e-5,1744.2086599722243,Sample 1639,4.119169671315778e9,4.622277027120566e9,5.033117500306153e9,1.3247883021759622e9,5.031073558047885e8,9.415622689434995,2.1878710013482366e7,9.414821578323881,1.166284573309274e7,9.416423800546106,7.340678035013697e6,7.340678008789051e6,0.02622464499999998
3836.903219690058,1.0e-5,11648.336129569721,1.0e-5,24379.722772718138,1.0e-5,13332.639394952494,1.0e-5,1.0e-5,13382.857843339605,1064.8309240855403,1.0e-5,1059.2933848684806,Sample 1640,4.118676244912137e9,4.62073224146499e9,5.032486452713262e9,1.3255644190493972e9,5.020559965528525e8,9.093994541902962,2.2936638982312053e7,9.090992541902965,1.0369607765559193e7,9.096996541902962,6.276094116951842e6,6.276094091062028e6,0.025889809999999996
2273.526206673094,1.0e-5,12541.309577678014,1.0e-5,22411.369151003193,1.0e-5,12567.619746765784,1.0e-5,1.0e-5,14576.72304575792,497.8353101766678,1.0e-5,1787.7164931831044,Sample 1641,4.1229098730813785e9,4.618380616347623e9,5.025990304546548e9,1.3106901196640942e9,4.954707432662442e8,9.18355242793531,2.1276291758791447e7,9.18273772640202,1.1697725857643204e7,9.184367129468605,5.141406312859532e6,5.141406286459261e6,0.02640027
3111.4524971985975,1.0e-5,11522.51305512698,1.0e-5,21739.840573079906,1.0e-5,12395.74354690125,1.0e-5,1.0e-5,14292.99655483828,1232.290282555069,1.0e-5,1611.489668612566,Sample 1642,4.1163370906570306e9,4.617358509758441e9,5.022568504986626e9,1.3114414095577796e9,5.0102141910141057e8,8.841768045788703,2.1583270088278703e7,8.841034806133168,1.1927509680688154e7,8.842501285444236,6.258564835928692e6,6.258564810064652e6,0.025864039999999987
3216.542959021093,1.0e-5,11791.33641566676,1.0e-5,23705.012134016022,1.0e-5,11143.659017274835,1.0e-5,1.0e-5,14307.012165130918,783.683107266844,1.0e-5,1365.1476416049798,Sample 1643,4.1169655869353824e9,4.617746920225281e9,5.024213398869721e9,1.3137142905787787e9,5.0078133328989804e8,8.789692248771269,2.199096902498345e7,8.788688248771269,1.1291843439690154e7,8.790696248771267,5.713269059745172e6,5.713269033638418e6,0.026106749999999984
3381.4011307324536,1.0e-5,11381.838335317294,1.0e-5,21731.62302846648,1.0e-5,12131.818618840178,1.0e-5,1.0e-5,14775.5977182987,536.283180789638,1.0e-5,1716.6462998245538,Sample 1644,4.1200964673073106e9,4.616327845899611e9,5.022374087725842e9,1.3083238622447624e9,4.962313785923007e8,8.767926787439615,2.100990172283111e7,8.767240085906327,1.214632888899107e7,8.768613488972905,5.168435987365982e6,5.1684359617361985e6,0.025629774999999973
2795.083414853517,1.0e-5,12038.612251965022,1.0e-5,22341.572249206158,1.0e-5,11971.176347716262,1.0e-5,1.0e-5,14567.194850970285,830.4070741206131,1.0e-5,1333.8399083871884,Sample 1645,4.1190515672248096e9,4.616232687766323e9,5.021464914551633e9,1.3076455741121333e9,4.9718112054151344e8,9.11305779676539,2.135483065415229e7,9.112328428565432,1.182425357836014e7,9.113787164965348,5.618041257992393e6,5.618041232014544e6,0.025977849999999993
3171.9511095133657,1.0e-5,11676.084683054314,1.0e-5,22147.799352053982,1.0e-5,11739.503215629244,1.0e-5,1.0e-5,14929.620260822787,348.3814115699524,1.0e-5,1537.7550233423588,Sample 1646,4.1214406281058865e9,4.6160479411509695e9,5.022631756380404e9,1.307774943503954e9,4.9460731304508275e8,9.222859106406219,2.09157553014231e7,9.222201481117414,1.2083587311311316e7,9.223516731695025,4.881087488422958e6,4.881087462628321e6,0.02579463499999996
3236.34476182429,1.0e-5,11541.5259757736,1.0e-5,21971.16286349966,1.0e-5,11789.689157496276,1.0e-5,1.0e-5,14807.154461617014,612.8019859228771,1.0e-5,1475.1733737979089,Sample 1647,4.1199332803315125e9,4.615818194500458e9,5.021215972118053e9,1.3066804694041364e9,4.958849141689458e8,9.12063602545684,2.101870392883392e7,9.11997452871246,1.2107946652007991e7,9.121297522201223,5.26572419106556e6,5.2657241652827505e6,0.02578280499999998
3113.7086715176115,1.0e-5,11783.412496762496,1.0e-5,21935.29186267863,1.0e-5,12090.950926137051,1.0e-5,1.0e-5,14816.107871977345,495.61338983083607,1.0e-5,1466.7901621148278,Sample 1648,4.120047550391487e9,4.6158074119927435e9,5.021186634577815e9,1.3065183067714007e9,4.95759861601256e8,8.698547692669608,2.106467229021277e7,8.697864862591896,1.205490497142791e7,8.699230522747326,5.103984867282007e6,5.103984841591168e6,0.025690834999999985
2989.560455344017,1.0e-5,11720.281740476574,1.0e-5,21612.542994084113,1.0e-5,11950.233416998462,1.0e-5,1.0e-5,14864.642009716737,657.140278993332,1.0e-5,1507.480740882255,Sample 1649,4.119711218029465e9,4.615728173664164e9,5.02071681621457e9,1.3059942407355125e9,4.960169556346983e8,8.777395165679485,2.0915247752363216e7,8.776780207057342,1.2258873730788365e7,8.778010124301622,5.299603572991439e6,5.2996035472971825e6,0.02569425499999997
3263.912684605755,1.0e-5,11529.059568976383,1.0e-5,21510.984840514677,1.0e-5,12139.141058762456,1.0e-5,1.0e-5,14901.71744913152,517.8819967298911,1.0e-5,1541.7325503186532,Sample 1650,4.1201673765058565e9,4.615739796648664e9,5.020984499462291e9,1.3060618257700622e9,4.9557242014280784e8,9.084576337954212,2.0873911430109497e7,9.083940045998743,1.228228503705318e7,9.085212629909687,5.103628158932864e6,5.1036281333676865e6,0.025565179999999972
3188.664383900439,1.0e-5,11541.922299556509,1.0e-5,21515.09940957623,1.0e-5,12014.845653920896,1.0e-5,1.0e-5,14886.810404614851,610.0795937592043,1.0e-5,1526.344481002384,Sample 1651,4.1198637067135673e9,4.615698341102643e9,5.020740521853748e9,1.3059189958912873e9,4.9583463438907546e8,9.168184196555346,2.0876722447904423e7,9.16756923793321,1.2299151839281939e7,9.168799155177489,5.230740188220011e6,5.230740162575987e6,0.025644024999999977
3323.3207494955245,1.0e-5,11494.132174043594,1.0e-5,21710.351259172086,1.0e-5,12020.652608435521,1.0e-5,1.0e-5,14846.798358570599,558.5250092394408,1.0e-5,1492.0148519245158,Sample 1652,4.119885415076635e9,4.615687758222232e9,5.02069000944239e9,1.305806845585914e9,4.958023431455973e8,8.695434335139678,2.096213327092477e7,8.694772838395293,1.2193763479181401e7,8.696095831884055,5.178372637571559e6,5.178372612027383e6,0.025544169999999977
3258.442116166965,1.0e-5,11560.364596968111,1.0e-5,21702.86361196093,1.0e-5,12027.81598380261,1.0e-5,1.0e-5,14872.164870922792,526.7450007611766,1.0e-5,1500.6093891441644,Sample 1653,4.1200870500591946e9,4.615677375525362e9,5.020776279354873e9,1.305788133125189e9,4.9559032546616757e8,8.751098278933004,2.0934103598752998e7,8.75046198697753,1.2204316554497078e7,8.751734570888472,5.127544014070399e6,5.127543988458136e6,0.025612259999999977
3164.8816976983476,1.0e-5,11607.5771535936,1.0e-5,21665.429673804967,1.0e-5,11996.182789810235,1.0e-5,1.0e-5,14853.13499594073,608.7005857506588,1.0e-5,1485.5521555541222,Sample 1654,4.11979652167635e9,4.615676098075372e9,5.020629482383926e9,1.3057863450161307e9,4.958795763990215e8,9.152911161310652,2.0943333143817473e7,9.152274869355178,1.2220841502871685e7,9.153547453266125,5.240486058047814e6,5.240486032410645e6,0.025637169999999966
3164.9080478610745,1.0e-5,11593.883814632243,1.0e-5,21569.315602851515,1.0e-5,12037.269171703754,1.0e-5,1.0e-5,14872.273042869618,603.4607065977228,1.0e-5,1505.0393758033958,Sample 1655,4.1198083394683805e9,4.615673022098972e9,5.02062709945446e9,1.3057728373415675e9,4.9586468263059187e8,8.726501190044107,2.0909465212662943e7,8.725864898088638,1.226373046651287e7,8.727137481999584,5.226705130007835e6,5.226705104372442e6,0.025635389999999973
3181.3692538929295,1.0e-5,11577.293993982965,1.0e-5,21610.084361363184,1.0e-5,12006.086476797045,1.0e-5,1.0e-5,14856.129556729848,622.5743659308602,1.0e-5,1493.6555958503104,Sample 1656,4.1197119414303493e9,4.615671769433665e9,5.020574383403682e9,1.3057650559433506e9,4.959598280033155e8,8.766362824910738,2.0931462221009932e7,8.765726532955266,1.2245449588990822e7,8.766999116866208,5.257918841343921e6,5.257918815723237e6,0.025620684999999966
3199.388289220759,1.0e-5,11576.847405250928,1.0e-5,21610.084361363184,1.0e-5,12030.442322760955,1.0e-5,1.0e-5,14871.740736432277,581.9478563365977,1.0e-5,1502.9993105627175,Sample 1657,4.1198864738461823e9,4.6156708098892145e9,5.02065584794043e9,1.305754412145462e9,4.9578433604303235e8,9.158964980466292,2.0934230722193528e7,9.158328688510819,1.2228873201116735e7,9.15960127242176,5.199205726376413e6,5.199205700722238e6,0.025654169999999976
15172.911330687912,1.0e-5,1.0e-5,1.0e-5,23080.77591580346,1.0e-5,1.0e-5,20239.60714850432,1.0e-5,12854.79972703918,1.0e-5,1.0e-5,1.0e-5,Sample 1658,4.197650206231416e9,4.947923099725013e9,5.773612306447248e9,2.401651306938069e9,7.502728934935968e8,16.570972222222217,3.556671539979694e7,18.366388888888896,1.2487842113845974e7,14.77555555555556,6.71869045039092e6,6.718690432187979e6,0.018202940000000004
20417.734682325692,1.0e-5,1.0e-5,1.0e-5,34928.63489423309,1.0e-5,1.0e-5,14633.472383364428,1.0e-5,8268.706120106235,1.0e-5,1.0e-5,1.0e-5,Sample 1659,4.0416217889981055e9,4.778196950798703e9,5.274471717352301e9,1.7291246949077933e9,7.365751618005979e8,10.714027777777783,4.371213525825571e7,11.127222222222226,5.571059450220355e6,10.300833333333337,8.718284521563677e6,8.718284495584836e6,0.025978840000000007
17578.110656049765,1.0e-5,1.0e-5,1.0e-5,13438.425215895792,1.0e-5,8639.204311062396,956.0758805425196,1.0e-5,16794.869124529592,1.0e-5,1.0e-5,1.0e-5,Sample 1660,4.094519743222163e9,4.735104892853179e9,5.210934779274879e9,1.5922449224744165e9,6.405851496310157e8,10.366944444444446,2.782553647653459e7,10.672222222222224,1.737891090310075e7,10.061666666666667,5.6236961016453905e6,5.623696078143459e6,0.023501920000000006
13788.408042974173,1.0e-5,1.0e-5,1.0e-5,19850.740244779772,1.0e-5,2630.8119879822507,2783.3035382742582,1.0e-5,16258.46879454411,1.0e-5,1.0e-5,2600.392985407213,Sample 1661,4.102241288685375e9,4.70837117264646e9,5.263051412528243e9,1.7154903637246516e9,6.061298839610847e8,11.817763319470702,2.4893196981899194e7,12.345082218861588,1.573905809282147e7,11.290444420079815,5.117038288493216e6,5.117038267633265e6,0.02085995
14719.990896071371,1.0e-5,1.0e-5,1.0e-5,20112.68436387429,1.0e-5,14315.927374304687,1.0e-5,1.0e-5,14039.158450535626,1.0e-5,1.0e-5,2925.818630495728,Sample 1662,4.132689850736106e9,4.677205210275897e9,5.16298312102227e9,1.5160711810325384e9,5.445153595397915e8,10.480748084436048,2.3940678464634515e7,10.4799896399916,1.2514157543875327e7,10.481506528880487,4.967486718075642e6,4.967486694860085e6,0.023215550000000012
11358.08782634592,1.0e-5,1.0e-5,3381.9702894855345,17685.85729110113,1.0e-5,8009.2307824007785,1.0e-5,1.0e-5,16724.44821745382,1.0e-5,1.0e-5,850.5901063557019,Sample 1663,4.090288615397201e9,4.635174012009365e9,5.05931674027028e9,1.3931708531339936e9,5.448853966121638e8,9.428389798571732,2.1355851748897854e7,9.599877460827562,1.6059231660652913e7,9.256902136315903,4.573661286353265e6,4.459793193473867e6,113868.09287939174
10907.410761221641,1.0e-5,1.0e-5,7087.0262324769565,24544.86912097326,1.0e-5,10306.583641478528,1.0e-5,1.0e-5,13797.214760004841,1.0e-5,1.0e-5,1.0e-5,Sample 1664,4.0788560966723723e9,4.6367537342192955e9,5.056740633866965e9,1.3978714368422627e9,5.578976375469235e8,9.074305555555558,2.5695036886081424e7,9.072083333333337,1.1888916285846448e7,9.07652777777778,5.538979896833253e6,5.261008627601463e6,277971.2692317875
9018.777210820936,1.0e-5,1.0e-5,6615.387616925597,19489.020155294475,1.0e-5,12674.722985383862,1.0e-5,1.0e-5,15610.916729555607,1.0e-5,1.0e-5,1.0e-5,Sample 1665,4.1217604906821413e9,4.632440805258558e9,5.056183484354721e9,1.3581656727687426e9,5.1068031457641673e8,8.982083333333337,1.988200325436455e7,9.009027777777785,1.4831984420603914e7,8.955138888888891,4.414462469155833e6,4.056485046259154e6,357977.42289667286
8979.781428863495,1.0e-5,1.0e-5,5806.289792371549,20310.68333981012,1.0e-5,11162.243091908977,1.0e-5,1.0e-5,15437.784491883296,1.0e-5,1.0e-5,1516.5392183714512,Sample 1666,4.1182214013304205e9,4.625658967179455e9,5.046401364136941e9,1.3489223597640057e9,5.074375658490346e8,9.201030287460616,1.9502945002963886e7,9.20706525910523,1.4696023171186086e7,9.194995315816008,4.409701518952463e6,4.051034973580247e6,358666.54537220724
7961.056495586645,1.0e-5,1.0e-5,7110.174356928714,19579.08474928439,1.0e-5,9607.696297403438,1.0e-5,1.0e-5,16270.387748685795,1.0e-5,1.0e-5,455.5079728004636,Sample 1667,4.1104214961583786e9,4.628076794079062e9,5.066217282071775e9,1.3939362739061117e9,5.176552979206836e8,8.901957703906744,1.9018369624457456e7,9.570517757992016,1.5949177067350818e7,8.233397649821468,4.301974146371356e6,3.8272923820667043e6,474681.7643046365
8125.76250841017,1.0e-5,1.0e-5,7531.39659679202,22845.069440817086,1.0e-5,9542.835317877765,1.0e-5,1.0e-5,15295.26782952154,1.0e-5,1.0e-5,236.23386780994483,Sample 1668,4.1122626699732604e9,4.621694566967499e9,5.034897274970475e9,1.33583731300019e9,5.094318969942387e8,8.756742148330186,1.9855706992982145e7,9.018090669019115,1.4332891806051167e7,8.49539362764125,4.5809378108404465e6,4.0562831059238454e6,524654.7049165972
7910.511368119665,1.0e-5,354.26429800875627,7099.935787429913,21249.837424614107,1.0e-5,10132.041229911503,1.0e-5,1.0e-5,15555.417546301698,1.0e-5,1.0e-5,696.612262212088,Sample 1669,4.111379718306793e9,4.617728594794075e9,5.024016632799848e9,1.318924952498827e9,5.0634887648728174e8,8.754211278890988,1.907402389253936e7,8.818721334551572,1.5091656845414545e7,8.689701223230415,4.461316055688912e6,3.935438945368836e6,525877.1103200631
7387.179570553141,1.0e-5,395.66762407954934,6964.549208878799,19676.895380606144,1.0e-5,9545.363330084374,1.0e-5,1.0e-5,16011.923484602012,1.0e-5,1.0e-5,1625.8089409092993,Sample 1670,4.1071720278044734e9,4.619540496803385e9,5.031067939036061e9,1.3354233534642632e9,5.123684689989118e8,9.09416859143037,1.824532989895296e7,9.362614171014497,1.6434054287067456e7,8.825723011846257,4.374116019416976e6,3.7796487279493036e6,594467.2914676646
7539.231087249612,1.0e-5,703.5492391715038,6759.214170666688,19777.41275744946,1.0e-5,10487.5632393952,1.0e-5,1.0e-5,15805.785180009987,1.0e-5,1.0e-5,1322.2180787674329,Sample 1671,4.109411439625457e9,4.616915515504811e9,5.020992537847729e9,1.3156581205651903e9,5.075040758793548e8,8.798369386032348,1.8385743241933342e7,8.82557178298677,1.6006177823274866e7,8.771166989077926,4.378796546301151e6,3.8118135409062332e6,566983.0053949106
7249.372191117492,1.0e-5,776.6556112066686,7041.7955849828495,21052.6652114939,1.0e-5,10524.866182415846,1.0e-5,1.0e-5,15551.061278151623,1.0e-5,1.0e-5,1088.3999256444174,Sample 1672,4.1159181189443274e9,4.616538656883809e9,5.022051272594839e9,1.3116457693615422e9,5.0062053793948174e8,8.973444607225376,1.8117802895753536e7,9.129497642302045,1.5604666954238994e7,8.81739157214871,4.375483623966353e6,3.7433957040409143e6,632087.9199254349
7176.637611281083,1.0e-5,1151.9554231826019,6620.374152891541,20648.85351631741,1.0e-5,9974.333471963115,1.0e-5,1.0e-5,15851.556965574855,1.0e-5,1.0e-5,946.465395284874,Sample 1673,4.1149510798788424e9,4.616230000579105e9,5.020544955087478e9,1.3099088297170074e9,5.0127892070026326e8,9.10821919850872,1.7933369045754425e7,9.137632768536026,1.5916883676880637e7,9.078805628481415,4.320495549927827e6,3.706843449021582e6,613652.1009062364
7186.949977965116,1.0e-5,1059.5195526391476,6807.121682148757,20671.178651431535,1.0e-5,10264.237891289744,1.0e-5,1.0e-5,15746.861526322476,1.0e-5,1.0e-5,976.042099388786,Sample 1674,4.1144297793228216e9,4.615896128516619e9,5.01903227702043e9,1.3077386462014182e9,5.0146634919379723e8,8.839943290338168,1.800307163527169e7,8.861553877798785,1.586260521633201e7,8.818332702877552,4.346646968252619e6,3.7188135100968066e6,627833.458155803
7187.3930450570415,1.0e-5,993.5735966921184,6953.842388639838,20602.308969632562,1.0e-5,10521.103383793037,1.0e-5,1.0e-5,15681.822963006567,1.0e-5,1.0e-5,1002.6359517810148,Sample 1675,4.1139081217853e9,4.615918581548706e9,5.018951770416201e9,1.308076837498396e9,5.020104597634066e8,8.858754482713714,1.805680651776801e7,9.020562374963248,1.5854362574372524e7,8.696946590464192,4.3637909162461525e6,3.7285588920298577e6,635232.0242162909
7202.761497465531,1.0e-5,1014.9157788416004,6976.205716622754,20861.85707147967,1.0e-5,10276.920856026418,1.0e-5,1.0e-5,15655.388544106603,1.0e-5,1.0e-5,960.2784486354753,Sample 1676,4.1129592621325355e9,4.615855503062723e9,5.018189029468557e9,1.3075632937418551e9,5.028962409301872e8,8.634190995169076,1.8183448454711717e7,8.698751460407475,1.5768106843933601e7,8.56963052993069,4.392517456585274e6,3.754700440921912e6,637817.0156633536
7210.6151538590575,1.0e-5,1081.3395822228265,6904.932050353429,20454.507954807887,1.0e-5,10755.386646687179,1.0e-5,1.0e-5,15672.063466998952,1.0e-5,1.0e-5,944.5710066170952,Sample 1677,4.113806430222161e9,4.615867952967092e9,5.01854394818687e9,1.307413513184487e9,5.0206152274493045e8,8.717132171812645,1.810001650542511e7,8.756345414828823,1.5843468692211464e7,8.677918928796473,4.363077247297119e6,3.7352162936873916e6,627860.953609717
7132.915407922496,1.0e-5,1062.7838797659024,6855.776249846936,20483.126730597553,1.0e-5,10600.62516752826,1.0e-5,1.0e-5,15704.932707544385,1.0e-5,1.0e-5,1070.382924234203,Sample 1678,4.1147745138251004e9,4.615739744478866e9,5.018456734594014e9,1.3063992108840613e9,5.00965230653765e8,8.960319876412523,1.7920797623378035e7,9.073377768662048,1.5923583348762209e7,8.847261984162994,4.3412318618323505e6,3.7026541561475247e6,638577.7056848146
7140.101197404583,1.0e-5,1074.8043937487498,6857.286647448306,20523.98916146285,1.0e-5,10561.138058091425,1.0e-5,1.0e-5,15701.145181235965,1.0e-5,1.0e-5,1051.2784749925352,Sample 1679,4.1145238957407184e9,4.615716055330618e9,5.018232256022143e9,1.3062245609729507e9,5.0119215958989936e8,8.66700941289645,1.7970800133417424e7,8.682845082923757,1.5888466440396385e7,8.651173742869148,4.347349870209058e6,3.7117943349399907e6,635555.5352690544
7134.462575160163,1.0e-5,1086.3776101703938,6876.679757970333,20590.02713861726,1.0e-5,10492.121875360894,1.0e-5,1.0e-5,15706.47256253746,1.0e-5,1.0e-5,1002.5203200146528,Sample 1680,4.114448405653064e9,4.615687702825651e9,5.018028748899357e9,1.3059213893199985e9,5.0123929717258745e8,8.731871739802564,1.7973861554267798e7,8.773054632052093,1.58867840755312e7,8.690688847553037,4.350509539318837e6,3.711323146934875e6,639186.3923839541
7144.609871745166,1.0e-5,1126.9644299411632,6862.0415214013665,20632.859936497058,1.0e-5,10384.984176430842,1.0e-5,1.0e-5,15719.473856000555,1.0e-5,1.0e-5,955.8908156227197,Sample 1681,4.1138591959540086e9,4.615692616385442e9,5.01776402419109e9,1.3059762360427294e9,5.01833420431433e8,8.679606552257926,1.8016827160238575e7,8.724619917496325,1.5889269521587223e7,8.634593187019535,4.359198746665834e6,3.720385063623329e6,638813.6830424946
7132.477824016368,1.0e-5,1112.8529126738938,6863.679964826643,20638.72275860038,1.0e-5,10389.930158855579,1.0e-5,1.0e-5,15717.200727791436,1.0e-5,1.0e-5,981.4749143933349,Sample 1682,4.1141316336974154e9,4.615686793408813e9,5.017868949472806e9,1.3059194718393843e9,5.01555159711398e8,8.730902101491282,1.8009867144429043e7,8.772084993740812,1.5871177152632207e7,8.689719209241758,4.355316994503583e6,3.72156157155084e6,633755.4229527324
7145.646902832898,1.0e-5,1105.5439072486172,6879.518836270649,20662.024397550824,1.0e-5,10456.834197227485,1.0e-5,1.0e-5,15691.68565249734,1.0e-5,1.0e-5,976.5642657716505,Sample 1683,4.114162321093039e9,4.61567072927778e9,5.017794203373589e9,1.3057553563763585e9,5.015084081847409e8,8.804368715858011,1.800645267932771e7,8.822123625540854,1.5868795682272002e7,8.786613806175176,4.360456301801865e6,3.718275597899201e6,642180.703902656
1.0e-5,12792.143040956917,7223.578766207468,1.0e-5,57699.45229696255,1.0e-5,24083.662029015923,1.0e-5,1.0e-5,1.0e-5,1.0e-5,1.0e-5,3848.2949374907503,Sample 1684,4.1662735638402934e9,5.044281013268179e9,5.901591797308328e9,2.592629017508182e9,8.780074494278857e8,23.539291089477008,8.538860304107975e6,22.432848489477003,4.752168400406865e7,24.645733689477012,9.931179199295973e6,1.0390266222146387e6,8.892152577081345e6
1.0e-5,3596.200219672243,18540.213285553633,1.0e-5,53488.453378625476,1.0e-5,16147.134552095771,1.0e-5,1.0e-5,2554.3511768392304,1.0e-5,1.0e-5,1.0e-5,Sample 1685,3.8952039911041036e9,4.8105608139258175e9,5.407605038339887e9,2.1094452716498523e9,9.153568228217137e8,12.768611111111118,3.7484777991939634e7,12.698750000000008,2.3451336715048343e7,12.838472222222226,1.1201898799688691e7,7.173882542572999e6,4.02801625711571e6
1.0e-5,4584.526788623155,17136.868311087463,1.0e-5,36107.27826374057,1.0e-5,29078.245961022276,1.0e-5,1.0e-5,4945.77965967508,1.0e-5,1.0e-5,2305.227568556407,Sample 1686,4.041046396662216e9,4.746198557470249e9,5.215962467943724e9,1.644679981754983e9,7.051521608080332e8,10.718848655996643,2.218938602911534e7,10.684126433774424,2.47738211173166e7,10.753570878218865,8.688491886602335e6,4.454025360006774e6,4.234466526595554e6
1.0e-5,9085.505199933164,13930.78314408216,1.0e-5,38352.9676689293,1.0e-5,13692.31650656776,1.0e-5,1.0e-5,7356.587367776727,1.0e-5,1.0e-5,1.0e-5,Sample 1687,3.9721287379327135e9,4.702357548531521e9,5.164014974350018e9,1.6535436622358015e9,7.302288105988071e8,10.165416666666665,7.1636829018874485e6,10.138611111111116,4.169851609686562e7,10.192222222222227,8.875142491401784e6,1.5868098667606912e6,7.288332624641104e6
1.0e-5,2270.1658588133855,15784.477186449296,1.0e-5,32948.31201064406,1.0e-5,15843.44821413454,1.0e-5,1.0e-5,10935.13814742573,1.0e-5,1.0e-5,1.0e-5,Sample 1688,4.116144694354571e9,4.65884979859996e9,5.101797245118755e9,1.4285999972829788e9,5.427051042453899e8,9.310972222222222,1.8980404767952155e7,9.294861111111116,1.6502774717601307e7,9.32708333333334,5.782232164343202e6,3.877432500948237e6,1.9047996633949599e6
1.0e-5,7770.798725459565,9243.39184154801,1.0e-5,29123.65135600234,1.0e-5,15090.163365563152,1.0e-5,1.0e-5,11462.828686580064,1.0e-5,1.0e-5,1875.4464519566222,Sample 1689,4.11785723917475e9,4.647455637724948e9,5.07433811772734e9,1.383363358554981e9,5.2959839855019826e8,9.23695854022264,4.421513283762834e6,9.272640747784083,3.03094635583908e7,9.201276332661203,5.582751408602161e6,1.0070989945525364e6,4.575652414049621e6
1.0e-5,1.0e-5,16823.51765610867,1.0e-5,26548.300409059273,1.0e-5,17713.074098277706,1.0e-5,1.0e-5,11963.045858564283,1.0e-5,1.0e-5,2694.563453576816,Sample 1690,4.1081462799328213e9,4.647495440216187e9,5.074944498825554e9,1.3942472775020998e9,5.39349160283365e8,9.224881747532034,2.7100762115689434e7,9.215587080865365,8.342723383680757e6,9.2341764141987,5.514055946093516e6,5.514055915259095e6,0.030834414999999983
1.0e-5,2156.4010452720463,14069.960865188194,1.0e-5,29069.442117574472,1.0e-5,10232.187691120622,1.0e-5,1.0e-5,13330.191986835698,1.0e-5,1.0e-5,1214.7433238607987,Sample 1691,4.1120113915826974e9,4.637733816618533e9,5.053842542293177e9,1.3579398763851213e9,5.257224250358354e8,8.730896321172027,1.6544076123819936e7,8.72551982159211,1.7974282213416036e7,8.736272820751951,5.257740316535251e6,3.4980784048043755e6,1.759661911730871e6
1.0e-5,3413.6444183499248,13403.469941179954,1.0e-5,25790.529942895042,1.0e-5,14209.53689894246,1.0e-5,1.0e-5,13399.462696049517,1.0e-5,1.0e-5,545.7101514463338,Sample 1692,4.121338531579899e9,4.628022788772649e9,5.040405210199506e9,1.3314491000464623e9,5.066842571927502e8,8.668867538437308,1.1398730718887085e7,8.676572527326194,2.217060141961069e7,8.66116254954842,4.936757328932222e6,2.451024765429827e6,2.485732563502382e6
1.0e-5,3663.986794048165,11535.968157015393,1.0e-5,24584.655380279466,1.0e-5,12502.269941243694,1.0e-5,1.0e-5,13809.808080602288,1.0e-5,1.0e-5,2761.068048982519,Sample 1693,4.12013947695911e9,4.627291404809267e9,5.045471493717103e9,1.3435121056658287e9,5.071519278501577e8,9.55904685253098,1.0071246561909448e7,9.575210130728841,2.335182089461052e7,9.542883574333127,4.826653319011597e6,2.2360128256954458e6,2.590640493316138e6
1.0e-5,2506.2585633513654,12718.76099264859,1.0e-5,24767.89229200713,1.0e-5,10677.992595876105,1.0e-5,1.0e-5,14899.368088038567,1.0e-5,1.0e-5,653.9259695427795,Sample 1694,4.1274897579103026e9,4.622813545307903e9,5.041722947754194e9,1.3331425922901826e9,4.953237873976011e8,9.082551902436467,1.24508001418265e7,9.105442440285653,2.030910415366558e7,9.059661364587273,4.487764857274205e6,2.6682021036624145e6,1.819562753611772e6
1.0e-5,3622.4135795898137,11703.549046288419,1.0e-5,23395.2516647908,1.0e-5,12959.546837815085,1.0e-5,1.0e-5,14013.311771783608,1.0e-5,538.8635847456392,1511.8222064562622,Sample 1695,4.1193111393174505e9,4.619717244881427e9,5.029573430467151e9,1.3201184767354243e9,5.0040610556397605e8,9.087888244381434,9.122495020684754e6,9.126266678134849,2.4128441032781605e7,9.049509810628022,5.404418974276235e6,2.0173444248170257e6,3.387074549459216e6
1232.017122115465,1097.5876274201257,13075.089814659383,1.0e-5,23560.74333311338,1.0e-5,12084.439371067017,1.0e-5,1.0e-5,14513.409445242594,1.0e-5,1.0e-5,1806.6949835217388,Sample 1696,4.1164459651964746e9,4.619524558401679e9,5.030305572818124e9,1.3246406220380929e9,5.030785932052043e8,8.615375468388997,1.7549914521407645e7,8.61369835727789,1.5823294590977566e7,8.617052579500111,4.638613035024983e6,3.734277213491172e6,904335.8215338058
2093.1401719065016,2389.466992805616,11250.00106745783,1.0e-5,23946.76817769228,1.0e-5,11202.112366703135,1.0e-5,1.0e-5,14643.30001850715,1.0e-5,1.0e-5,893.0228818139591,Sample 1697,4.1186055091839547e9,4.618738107762665e9,5.025689393735793e9,1.3140351705249667e9,5.001325985787104e8,8.651439544423443,1.2983161841543889e7,8.64969141587902,2.0307696181695744e7,8.653187672967869,4.620799740167624e6,2.823196404262489e6,1.7976033359051147e6
958.7724587652739,1330.4496381450954,12971.191012469772,1.0e-5,23185.21348745783,1.0e-5,12408.141162288526,1.0e-5,1.0e-5,14333.216826708138,1.0e-5,731.8353198466559,1018.7397854743153,Sample 1698,4.1191352966230826e9,4.617701906247508e9,5.024064571686836e9,1.3112919405030823e9,4.985666096244254e8,8.81748973980256,1.5100091158210028e7,8.818866611258143,1.8096951095123965e7,8.81611286834699,5.560874064521822e6,3.222926023619845e6,2.3379480409019664e6
1109.6732556393847,2130.0615097323457,11980.189369026395,1.0e-5,22845.55549491354,1.0e-5,11283.439129063356,1.0e-5,1.0e-5,15051.05511581312,1.0e-5,1.0e-5,1244.9487065829305,Sample 1699,4.1206500572998366e9,4.617012237575539e9,5.024098191360343e9,1.31053408784531e9,4.9636218027570224e8,8.773556952657007,1.320661261064844e7,8.780723927788285,1.9870474495588016e7,8.766389977525733,4.455156245953745e6,2.8630884841681607e6,1.5920677617855726e6
2171.4845412626128,1517.8939756640104,11613.01554635011,1.0e-5,23038.00151552865,1.0e-5,11790.637166286744,1.0e-5,1.0e-5,14588.1858346503,1.0e-5,445.783390072429,1046.4263791619344,Sample 1700,4.119464814767586e9,4.616552873203614e9,5.022309135372801e9,1.3086005827744014e9,4.970880584360284e8,8.744121643520266,1.4665975851305477e7,8.744113497542534,1.8475433551873896e7,8.744129789498006,5.142725394370573e6,3.160117028536116e6,1.9826083658344597e6
2243.2768559237074,105.02808564129059,12917.324069501168,1.0e-5,23075.185344751677,1.0e-5,11240.604705519649,1.0e-5,1.0e-5,14972.902900101331,1.0e-5,239.537166790079,969.5653760342882,Sample 1701,4.119239381510474e9,4.616386059608699e9,5.021792146644348e9,1.3079588521695225e9,4.971466780982243e8,8.602437986767487,2.0365764020002484e7,8.604563583700905,1.2763963744272176e7,8.600312389834068,4.795907361915184e6,4.27305299751742e6,522854.36439776025
1512.4322273245148,1275.6026334430046,12370.778942966606,1.0e-5,22523.808153839746,1.0e-5,11572.145161372395,1.0e-5,1.0e-5,14875.828808381097,1.0e-5,398.0428485056735,1152.8141496937142,Sample 1702,4.118426987799546e9,4.616131246073218e9,5.021067714061916e9,1.3075771942510688e9,4.977042582736723e8,8.715262223734513,1.5405871566344805e7,8.71701382066793,1.7815904091569822e7,8.71351062680109,5.013612812537445e6,3.3018636914558136e6,1.711749121081626e6
1778.17748271729,977.4321417667738,12281.017193582076,1.0e-5,22670.24927955523,1.0e-5,11208.567114476631,1.0e-5,1.0e-5,15083.035579995496,1.0e-5,249.1794129690557,1080.067377305876,Sample 1703,4.121178237001866e9,4.615886844113341e9,5.022035753894269e9,1.307006426673331e9,4.947086071114754e8,9.044513320016808,1.6542566032173522e7,9.04684180583911,1.6448016276357027e7,9.042184834194495,4.7440239849263225e6,3.523184543208071e6,1.220839441718248e6
3145.325670989436,1.0e-5,12089.522558131597,1.0e-5,23027.64477012492,1.0e-5,11483.356725050266,1.0e-5,1.0e-5,14906.061410647708,1.0e-5,158.172068726519,1116.2660525227989,Sample 1704,4.1211268722030363e9,4.615792532459656e9,5.021608861998074e9,1.3062983193334563e9,4.9466566025661916e8,8.733709394034868,2.0869453342753455e7,8.73389054652384,1.2082449439090598e7,8.733528241545894,4.672285445754826e6,4.384660692764491e6,287624.75299034314
1626.0330956207858,1404.605043784721,11981.193005037254,1.0e-5,22534.34050782026,1.0e-5,11293.678371803891,1.0e-5,1.0e-5,14976.106713497871,1.0e-5,388.0075749097907,1117.5562618385516,Sample 1705,4.1202328259589105e9,4.615721798701998e9,5.020949944163318e9,1.3059452636657271e9,4.95488972743087e8,8.769262856752789,1.4785388136332529e7,8.772285787019538,1.8283208129482225e7,8.766239926486033,4.955111176704154e6,3.1793417658653995e6,1.7757694108387558e6
2429.5953653583924,565.6392670232073,12098.787379073588,1.0e-5,22736.219735579398,1.0e-5,11490.109083506053,1.0e-5,1.0e-5,14914.44189712771,1.0e-5,298.94302151515234,1164.7265250878554,Sample 1706,4.120763259368003e9,4.615695476487162e9,5.021169424754957e9,1.3058801136547499e9,4.949322171191584e8,8.661232796051252,1.8108836294250906e7,8.66263717076245,1.4888129756963551e7,8.659828421340057,4.846119245275133e6,3.840725307648056e6,1.0053939376270679e6
1962.188677610056,850.2284807583377,12217.29363623838,1.0e-5,22627.133426911983,1.0e-5,11392.803621966643,1.0e-5,1.0e-5,14961.137248181145,1.0e-5,356.51831572054795,1134.7772534079622,Sample 1707,4.1205660005537333e9,4.615689701765706e9,5.021047668974759e9,1.3058396356300797e9,4.9512370121197265e8,8.775699759420291,1.6852753763405226e7,8.77710413413149,1.6171081183588427e7,8.774295384709095,4.910366052807583e6,3.588474987229418e6,1.3218910655781634e6
1931.88452824157,1005.6753195432995,12090.992972781902,1.0e-5,22593.424661353874,1.0e-5,11378.703086854957,1.0e-5,1.0e-5,14962.103677650572,1.0e-5,354.4750629772987,1145.4063284070335,Sample 1708,4.1205066443194375e9,4.615678694509433e9,5.020999867591571e9,1.3058143963542717e9,4.951720501899956e8,9.061469463558081,1.6295127211013146e7,9.062895171602609,1.6737958881038079e7,9.060043755513552,4.90908615736922e6,3.4796287290176563e6,1.4294574283515578e6
2196.375524050909,748.1028173789293,12110.019187477128,1.0e-5,22704.96296443643,1.0e-5,11416.311870877289,1.0e-5,1.0e-5,14914.709728825594,1.0e-5,360.20821566762515,1142.4467404750858,Sample 1709,4.120525369757592e9,4.615674537542404e9,5.020988980994979e9,1.30577805468996e9,4.951491677848122e8,8.762633850913673,1.726398011148555e7,8.76403822562487,1.5754521457256163e7,8.761229476202478,4.928109684697568e6,3.672751852403416e6,1.2553578322941551e6
2158.490655497803,884.3137929526873,12026.382520927431,1.0e-5,22641.70084668061,1.0e-5,11394.756759601476,1.0e-5,1.0e-5,14962.138828608902,1.0e-5,307.1450134078228,1144.145238772094,Sample 1710,4.1206363608851657e9,4.615674937424012e9,5.02103834651562e9,1.3057653947220638e9,4.950385765388466e8,8.667086063684103,1.683224325063146e7,8.669393216173077,1.6188011022145202e7,8.66477891119513,4.848331070730755e6,3.5871347632038877e6,1.2611963075268688e6
2222.137230070216,788.5385798331607,12064.60623942683,1.0e-5,22667.175114879476,1.0e-5,11401.594798992655,1.0e-5,1.0e-5,14962.124799200856,1.0e-5,297.72184779610495,1142.7208352391704,Sample 1711,4.1207063578469925e9,4.615672200448856e9,5.021071674541846e9,1.3057647907878435e9,4.949658426018643e8,9.048428392606597,1.722015903295758e7,9.050554989540014,1.579111886813046e7,9.046301795673177,4.8353416704353215e6,3.6636799141932167e6,1.1716617562420988e6
2193.280040021042,812.3945538476928,12063.797157353594,1.0e-5,22651.270678466462,1.0e-5,11433.143442788312,1.0e-5,1.0e-5,14945.773001691421,1.0e-5,318.00286545885916,1147.3510629129723,Sample 1712,4.12064650717643e9,4.615671459263035e9,5.021037894863361e9,1.3057578232872589e9,4.9502495208660436e8,9.053493413106496,1.709185315728124e7,9.054897787817689,1.5924756673981965e7,9.052089038395298,4.864607308313502e6,3.636887633259612e6,1.2277196750538985e6
12967.647298602544,1.0e-5,1.0e-5,5771.828794893942,38025.98909738756,1.0e-5,2866.71477016755,20243.885261412976,1.0e-5,6325.471605043475,1.0e-5,1.0e-5,1245.2857580204045,Sample 1713,4.0910142046111e9,4.8153813742543335e9,5.480884129142515e9,2.0553726794195955e9,7.243671696432338e8,12.89763213446755,3.937938779860925e7,13.301924485612274,6.8598489202027805e6,12.493339783322833,7.966282156816029e6,7.539435849235344e6,426846.3075806749
3180.7328312873697,1.0e-5,1.0e-5,15623.390028326117,36372.26414792839,1.0e-5,4349.2248035921775,15715.20076802325,1.0e-5,7287.748731618927,1.0e-5,1.0e-5,3249.4274533220187,Sample 1714,4.0273323649619102e9,5.491789080201571e9,8.005811747820909e9,6.492502050478336e9,1.464456715239661e9,39.99329580222643,5.002617078948379e7,70.07048610207937,2.7607834298483863e7,9.916105502373457,7.872121550755651e6,3.102133606514817e6,4.769987944240819e6
4714.286336365585,1.0e-5,1.0e-5,15731.658560232687,36169.70909539948,1.0e-5,6068.347273174652,14117.098503367986,1.0e-5,7870.547840917379,1.0e-5,1.0e-5,1.0e-5,Sample 1715,4.0380369831256742e9,4.8701712075231285e9,5.841671144393619e9,2.775134098138434e9,8.321342243974545e8,17.67805555555556,3.0001584952191606e7,25.89625,2.118038415233343e7,9.459861111111115,7.566545472874122e6,4.141511548646342e6,3.4250339242277755e6
3646.128215559272,1.0e-5,1.0e-5,13601.729387631052,29272.95632393516,1.0e-5,8445.532933889623,14254.544011632895,1.0e-5,9412.094002775877,1.0e-5,1.0e-5,3346.778556143377,Sample 1716,4.092124952294159e9,4.89332062377161e9,5.996178808237501e9,3.006912040409232e9,8.011956714774512e8,21.353376584204998,2.5154323801553123e7,33.143280392648606,2.2366987403058045e7,9.563472775761399,6.482783140794236e6,3.0855765269311015e6,3.397206613863128e6
4491.580585325747,1.0e-5,1.0e-5,16364.272513884289,41161.097210729924,1.0e-5,5409.22301629262,12991.100233134694,1.0e-5,6044.4935158768385,1.0e-5,1.0e-5,1271.3941541158247,Sample 1717,3.980672769250417e9,4.777042547357317e9,5.474023693440037e9,2.1903320702723384e9,7.963697781068994e8,13.22266304683891,2.5714876544846766e7,15.695286058181052,2.5406183180542924e7,10.750040035496747,8.866417468616912e6,4.386150996784492e6,4.48026647183243e6
6660.04138659637,1.0e-5,1.0e-5,11915.3530550173,32804.18990555207,1.0e-5,5253.7997766078215,13540.40500430984,1.0e-5,8931.584465390077,1.0e-5,1.0e-5,1844.9367691328202,Sample 1718,4.0503548058134036e9,4.67635495831784e9,5.182209682418281e9,1.6377096007053192e9,6.260001525044357e8,10.768901219113632,2.598442382991919e7,11.323603518588538,1.490393195855738e7,10.214198919638735,7.059383754824151e6,5.073581274529034e6,1.9858024802951051e6
7709.850361067738,1.0e-5,1.0e-5,9986.126580216003,28714.511648356536,1.0e-5,7606.15519180331,10881.16367749853,1.0e-5,11029.678183140395,1.0e-5,1.0e-5,1.0e-5,Sample 1719,4.08471832388417e9,4.660208908183649e9,5.163481166376585e9,1.5820351006853504e9,5.754905842994795e8,9.971527777777784,2.500382601315937e7,9.977361111111113,1.2769408479242813e7,9.965694444444447,5.973490961310227e6,4.85978914037887e6,1.113701820931355e6
7781.523498194373,1.0e-5,1.0e-5,8537.817226034102,21810.321411484358,1.0e-5,6403.2770874644175,9959.844578080932,1.0e-5,12916.889378485686,1.0e-5,1.0e-5,3185.537096356237,Sample 1720,4.092390557834528e9,4.658955794223729e9,5.106982859795679e9,1.462619367533101e9,5.665652363892015e8,9.88940010751943,2.32695707854753e7,10.241061000294058,1.4641201210167041e7,9.537739214744803,5.648436285601926e6,4.747762115851777e6,900674.1697501446
7226.881360941769,1.0e-5,1.0e-5,11261.91802912751,27896.27852931817,1.0e-5,5703.506164296204,6641.554493279199,1.0e-5,12480.91139861678,1.0e-5,1.0e-5,1.0e-5,Sample 1721,4.0719730536765556e9,4.657116689558739e9,5.151729091306269e9,1.574368439377244e9,5.851436358821833e8,10.028680555555555,2.4640139900233444e7,11.07930555555556,1.390747371327477e7,8.978055555555555,5.908556738344063e6,4.757663383294699e6,1.1508933550493661e6
7564.906989830684,1.0e-5,1.0e-5,11212.346665136673,25867.296808156192,1.0e-5,9673.077390974593,5010.912027407634,1.0e-5,12428.355389793289,1.0e-5,1.0e-5,47.71033540898081,Sample 1722,4.069471876090798e9,4.639321670110982e9,5.094907019285377e9,1.4810204923689723e9,5.698497940201839e8,9.48528484167192,2.430551848297887e7,9.882854286116363,1.3696304641350927e7,9.087715397227472,5.827803768466939e6,4.796040429050998e6,1.0317633394159386e6
8938.846623510939,1.0e-5,1.0e-5,9289.690745496762,25807.399093097443,1.0e-5,7658.889777950022,5151.1371472654955,1.0e-5,12746.624486371726,1.0e-5,1.0e-5,400.9201147144744,Sample 1723,4.0661225194028435e9,4.632589879782905e9,5.062744907690349e9,1.426777416194948e9,5.664673603800611e8,9.187768351732828,2.553730776383264e7,9.18776835173283,1.2390785083012171e7,9.18776835173283,5.827827077082721e6,5.171070778127568e6,656756.2989551491
4841.907814514276,1.0e-5,1.0e-5,10933.24889253397,26879.812139176964,1.0e-5,13048.993644772772,2978.0260963283545,1.0e-5,12148.871492966304,1.0e-5,1.0e-5,3036.720433066729,Sample 1724,4.1196015756956143e9,4.656111738149139e9,5.165887370725459e9,1.556061427606165e9,5.3651016245352477e8,10.163450409640838,1.7514737132230476e7,11.721504068431008,1.699165677007437e7,8.605396750850671,5.20167814238199e6,3.315688868910973e6,1.8859892734710004e6
6826.490959713937,1.0e-5,1.0e-5,8436.35524766603,21274.60270880246,1.0e-5,11588.499400104425,3488.820009428622,1.0e-5,14225.738133192564,1.0e-5,1.0e-5,2039.4356844294412,Sample 1725,4.124735258502561e9,4.634144839771657e9,5.074548895409006e9,1.3902176925437942e9,5.094095812690957e8,9.226342927494224,1.869965559812812e7,9.571308638479309,1.5289693627742102e7,8.881377216509138,4.630155936790216e6,3.772854206167498e6,857301.730622707
6719.890634450423,1.0e-5,1.0e-5,7664.0679991798315,24831.76722400491,1.0e-5,8716.043104390348,3267.4982054488078,1.0e-5,13781.122570996964,1.0e-5,1.0e-5,3043.139399958083,Sample 1726,4.120736159626994e9,4.638775882989177e9,5.111516316647675e9,1.4635205906791773e9,5.1803972336218303e8,9.62303825007351,1.8988740810332913e7,9.623195202394458,1.4858327936394675e7,9.622881297752576,4.824708840413723e6,3.8644588958152165e6,960249.9445984988
6443.057935693392,1.0e-5,1.0e-5,9560.32524994919,25273.50976040794,1.0e-5,14881.482281216373,508.8940221633925,1.0e-5,12812.869907792963,1.0e-5,1.0e-5,2174.0457471202617,Sample 1727,4.115592823762009e9,4.623345623356348e9,5.049947424194631e9,1.360956401270904e9,5.0775279959433854e8,9.269416296324303,1.894877253718307e7,9.341669645410633,1.450553423198716e7,9.197162947237983,4.9989233071598895e6,3.8554789659943534e6,1.1434443411655272e6
7546.688882752526,1.0e-5,1.0e-5,8545.035118205295,24475.82845301512,1.0e-5,11639.980414262724,1017.6408855420519,1.0e-5,13993.199203470514,1.0e-5,1.0e-5,682.2507722052828,Sample 1728,4.1186164344592996e9,4.622053660630958e9,5.03903363719338e9,1.3373971792965026e9,5.034372261716577e8,8.979994075026257,1.981660790184214e7,9.053176217853395,1.367330283464917e7,8.90681193219912,4.760129611860005e6,4.0398094476266946e6,720320.1642333041
6797.9048656347,1.0e-5,1.0e-5,9209.602166444703,24116.45782569968,1.0e-5,13013.044246685567,1.0e-5,1.0e-5,13789.361321629078,1.0e-5,1.0e-5,1677.2918989296966,Sample 1729,4.114361743917966e9,4.619817981390913e9,5.035245133058338e9,1.3363105408077977e9,5.0545623747294664e8,8.984802891556399,1.904109122220176e7,9.278265145389629,1.4507648867562614e7,8.69134063772317,4.812259824204591e6,3.880954276162485e6,931305.5480421021
6921.693499158918,1.0e-5,1.0e-5,8743.711498825953,22939.563965367608,1.0e-5,13315.629202944841,1.0e-5,1.0e-5,13863.387986542979,362.19990555444156,1.0e-5,1673.8425182276226,Sample 1730,4.1131637862728176e9,4.617380070697853e9,5.023715716191408e9,1.3168875754121466e9,5.042162844250356e8,8.990021974921241,1.9147629264941514e7,9.136358070069317,1.4514005326735832e7,8.843685879773163,5.280642822574662e6,4.457503705880482e6,823139.1166941775
6903.552710720909,1.0e-5,1.0e-5,8851.915353361774,23512.714113445403,1.0e-5,13123.353236962412,1.0e-5,488.6807400022434,13452.121424947618,1.0e-5,1.0e-5,1788.2911253725638,Sample 1731,4.114392489783711e9,4.617040414636509e9,5.025134742838754e9,1.3188365812572877e9,5.026479248527984e8,9.080527800063013,1.9315690369265784e7,9.07824173652594,1.4141156246667406e7,9.082813863600085,4.753486526966295e6,3.8697646297647525e6,883721.8972015309
6761.0400445130035,1.0e-5,1.0e-5,9302.549001659581,23794.60111837021,1.0e-5,12724.907264111802,1.0e-5,783.1979092811648,13266.043560633112,1.0e-5,1.0e-5,1243.4651178888812,Sample 1732,4.1142161602612534e9,4.616548838965225e9,5.02160753834954e9,1.3124500774726014e9,5.023326787039723e8,8.640818746187774,1.9301550750676848e7,8.638315476286495,1.4182703018271968e7,8.643322016089057,4.750862459950745e6,3.8326236712249573e6,918238.7887257835
7967.473527300776,1.0e-5,1.0e-5,7345.912303273062,21536.21620314705,1.0e-5,10957.617828120043,1.0e-5,1.0e-5,15193.180706089048,1.0e-5,1.0e-5,1146.0962514872908,Sample 1733,4.11515401710759e9,4.618580701714932e9,5.023734808301398e9,1.3137348977802737e9,5.03426684607342e8,8.986901791640415,1.912924959331028e7,9.037697656794794,1.4740784935903478e7,8.936105926486036,4.494869186127381e6,3.9560828359448533e6,538786.3501825219
6620.732074723001,1.0e-5,1.0e-5,8612.351497662103,22858.246679885473,1.0e-5,11958.811826165278,1.0e-5,246.9614396134032,13943.423130157113,628.4984165409429,1.0e-5,1479.6555249240535,Sample 1734,4.115535416021224e9,4.616656998372975e9,5.020372028414371e9,1.3085516424345412e9,5.0112158235175174e8,8.988811140747746,1.8838601445004884e7,9.085268220037811,1.4639021123994434e7,8.89235406145768,5.541485363862188e6,4.723362062874583e6,818123.3009876043
6831.916321392445,1.0e-5,1.0e-5,8778.393863824147,22767.43928256612,1.0e-5,12156.358139742742,1.0e-5,706.8276053724435,13774.991317134096,199.9864891741249,1.0e-5,1093.6207235513411,Sample 1735,4.116878308062526e9,4.616328900524003e9,5.021201226717923e9,1.3091952448493176e9,4.9945059246147686e8,8.874991811216134,1.8936771413756344e7,8.971270763537076,1.4472785291934675e7,8.778712858895192,4.87593770924011e6,4.0668644062782642e6,809073.3029618405
6555.054207444506,1.0e-5,1.0e-5,8887.517942022094,22461.107651598148,1.0e-5,12208.179364419018,1.0e-5,856.4064373417658,13712.166867489072,64.9874645404389,1.0e-5,1574.3484836534878,Sample 1736,4.1171460658023143e9,4.61600449987908e9,5.020123475510298e9,1.3070963853392017e9,4.988584340767652e8,8.59483628092838,1.8519428231663685e7,8.644883137996224,1.4833059111933243e7,8.54478942386054,4.661131326416914e6,3.7662406057918137e6,894890.7206251025
6261.032692618048,1.0e-5,1.0e-5,9291.397486323001,23004.580079947198,1.0e-5,12490.015608937169,1.0e-5,905.6925240281552,13329.292327664572,287.6211071319003,1.0e-5,1438.6655192828084,Sample 1737,4.116749605986054e9,4.615973729036512e9,5.020095062758558e9,1.3074667904945498e9,4.9922412305045825e8,8.845670831547997,1.8486723995919608e7,8.992227561646718,1.4832522871245226e7,8.699114101449279,5.041676550955466e6,4.067219989284118e6,974456.5616713483
6469.767104085096,1.0e-5,1.0e-5,8833.433906431585,22140.468494961424,1.0e-5,12485.105538500091,1.0e-5,699.3577702964766,13707.195091917942,401.24656360139784,1.0e-5,1547.1380726100124,Sample 1738,4.1160036393750606e9,4.615989207971289e9,5.0198208875108595e9,1.3076489276753693e9,4.999855685962277e8,8.639732479059019,1.862618839791741e7,8.639088320268849,1.4848720531092163e7,8.64037663784919,5.149420496793525e6,4.277562588718742e6,871857.908074777
6433.283399844702,1.0e-5,1.0e-5,9025.684177039046,22661.509566692253,1.0e-5,12349.801859047586,1.0e-5,944.3815692337695,13512.046255019166,144.30654833985207,1.0e-5,1493.34350854824,Sample 1739,4.1175915377147183e9,4.6157867704971285e9,5.020012002084231e9,1.3066456959566162e9,4.9819523278241e8,8.93643214820416,1.8451418182957068e7,8.984196211636215,1.48324850317081e7,8.88866808477211,4.784243513538471e6,3.859870521468565e6,924372.9920699045
6555.8763621090875,1.0e-5,1.0e-5,8915.275587345877,22635.846267964644,1.0e-5,12138.721130965792,1.0e-5,830.3829050557588,13649.535710838329,201.89499395223208,1.0e-5,1404.3449257546704,Sample 1740,4.116512079214189e9,4.615767551227104e9,5.019373104037639e9,1.3064665776339834e9,4.9925547201291513e8,8.629434398781768,1.8670914293652322e7,8.628630017769376,1.4708992813046979e7,8.630238779794162,4.875220799764885e6,3.994338835701402e6,880881.9640634814
6328.127016839447,1.0e-5,1.0e-5,9281.063072100236,23115.789433682057,1.0e-5,12318.16205717243,1.0e-5,1112.2812546282491,13280.388375545946,65.6860691755265,1.0e-5,1396.6991968542543,Sample 1741,4.1179406638299646e9,4.615762422880452e9,5.019991894464038e9,1.3062807022176592e9,4.9782175905048716e8,8.882699682965765,1.833715657715432e7,8.978561968620042,1.4876031763497358e7,8.78683739731149,4.700215911949314e6,3.7209512430715086e6,979264.6688777971
6118.1170453002105,1.0e-5,1.0e-5,9475.661386630134,23053.659524255323,1.0e-5,12577.913144043128,1.0e-5,1204.2764208067558,13106.819096927997,105.83793077310361,1.0e-5,1508.2657199400105,Sample 1742,4.11788442162263e9,4.615739495942806e9,5.019931403065795e9,1.3062388885661519e9,4.978550743201763e8,8.556516698550727,1.8128664203447603e7,8.580365095316113,1.507714314653021e7,8.532668301785344,4.76558523780166e6,3.723877782755151e6,1.0417074550464978e6
6317.325759522795,1.0e-5,1.0e-5,9353.930476861327,22964.69640218648,1.0e-5,12510.696133026391,1.0e-5,1163.4172768262479,13211.070013137767,111.5662662561435,1.0e-5,1295.996295958768,Sample 1743,4.1174811579786563e9,4.615724360628906e9,5.019593190926636e9,1.3059808632457094e9,4.982432026502499e8,8.571172593068681,1.8377353115995437e7,8.569695100945175,1.4896850486464813e7,8.572650085192185,4.7662105219117645e6,3.7901458901878716e6,976064.6317238907
6382.495777999982,1.0e-5,1.0e-5,9178.912360500004,22833.230508463163,1.0e-5,12286.895899912079,1.0e-5,1043.4257215235073,13400.98290225875,127.22471256494566,1.0e-5,1384.0023645172532,Sample 1744,4.117302618983762e9,4.6156906711558e9,5.019433128086792e9,1.3058729660340233e9,4.983880521720376e8,8.550423697626552,1.84126275294047e7,8.574902538836382,1.4879451363289654e7,8.52594485641672,4.773994767817248e6,3.8273369375520223e6,946657.830265225
6258.315516119658,1.0e-5,1.0e-5,9250.962405670325,22717.326110899874,1.0e-5,12482.726412254267,1.0e-5,1124.1475248425563,13312.830882842729,102.14334847071771,1.0e-5,1513.228775469729,Sample 1745,4.117922184098288e9,4.615690628933921e9,5.019746471665121e9,1.3058801302980323e9,4.97768444835633e8,8.576642123293427,1.8232399119165726e7,8.575773742281037,1.5010042653803047e7,8.57751050430582,4.726893577593514e6,3.7420345293472023e6,984859.048246304
6336.660930008055,1.0e-5,1.0e-5,9186.5567876901,22754.682138023665,1.0e-5,12378.191630245468,1.0e-5,1045.6239563104896,13381.181197325677,155.5297877782105,1.0e-5,1427.7403014194529,Sample 1746,4.1174400370268993e9,4.615680105644054e9,5.019474245711151e9,1.3058283487513475e9,4.982400686171547e8,8.88413187502626,1.8375079513448685e7,8.980485716236089,1.4909053314913813e7,8.78777803381643,4.809673888915091e6,3.8548235870970455e6,954850.3018180401
6309.037970281116,1.0e-5,1.0e-5,9244.838029880628,22845.749866228707,1.0e-5,12393.426508914752,1.0e-5,1094.9113581662787,13322.083483710869,123.81726259748729,1.0e-5,1422.4128584401083,Sample 1747,4.117633563629857e9,4.615675705119179e9,5.019551185503638e9,1.3057931022582414e9,4.980421414893214e8,8.5849905800042,1.8348926347954445e7,8.584122198991812,1.4909964289475141e7,8.585858961016594,4.768787742328864e6,3.7987275130125256e6,970060.229316331
6345.925828294268,1.0e-5,1.0e-5,9224.449670504247,22871.35741713915,1.0e-5,12354.060757676043,1.0e-5,1057.1623572038598,13346.417023185317,158.93049777995614,1.0e-5,1364.0502489338483,Sample 1748,4.1173320347062874e9,4.615675876395679e9,5.019400377081244e9,1.3057928430605216e9,4.983438416893917e8,8.88108783095988,1.841679647260184e7,8.977324116614158,1.4868818230685469e7,8.784851545305607,4.823966637911809e6,3.8687094718164327e6,955257.1660953711
6290.2505950224595,1.0e-5,1.0e-5,9267.67149731198,22818.90759200339,1.0e-5,12436.147157623427,1.0e-5,1105.658754744391,13304.138671124912,132.3824240484219,1.0e-5,1421.2775726917318,Sample 1749,4.1175921361940055e9,4.615672295261449e9,5.019513235906112e9,1.3057620403567703e9,4.9808015906744295e8,8.850467814870827,1.831030501050875e7,8.972168878302881,1.4954406125408227e7,8.728766751438776,4.781090515733368e6,3.8065607036875654e6,974529.8120458026
